Date,Time,Location,Type,SubType,Confidence
2025-11-08,17:05:39,North End Forest Zone,cat,buffalo,0.19
2025-11-08,17:05:39,North End Forest Zone,person,person,0.26
2025-11-08,17:05:40,South Watch Post,cat,buffalo,0.11
2025-11-08,17:09:07,North End Forest Zone,cat,buffalo,0.22
2025-11-08,17:09:07,East Ridge Trail,cat,buffalo,0.17
2025-11-08,17:09:08,Western Cliff Edge,cat,buffalo,0.2
2025-11-08,17:09:09,Deep Valley Camp,cat,buffalo,0.13
2025-11-08,17:09:09,Western Cliff Edge,cat,buffalo,0.15
2025-11-08,17:09:10,South Watch Post,cat,buffalo,0.34
2025-11-08,17:09:11,Western Cliff Edge,cat,buffalo,0.24
2025-11-08,17:09:11,South Watch Post,cat,buffalo,0.25
2025-11-08,17:09:54,South Watch Post,cat,buffalo,0.23
2025-11-08,17:09:54,South Watch Post,cat,cat,0.35
2025-11-08,17:09:55,Central Lake Area,cat,buffalo,0.14
2025-11-08,17:09:56,Deep Valley Camp,cat,buffalo,0.24
2025-11-08,17:09:56,South Watch Post,cat,buffalo,0.22
2025-11-08,17:09:57,Western Cliff Edge,cat,buffalo,0.24
2025-11-08,17:09:58,East Ridge Trail,cat,buffalo,0.2
2025-11-08,17:09:58,Deep Valley Camp,cat,buffalo,0.23
2025-11-08,17:09:59,East Ridge Trail,cat,buffalo,0.1
2025-11-08,17:09:59,Central Lake Area,person,person,0.25
2025-11-08,17:10:00,Central Lake Area,cat,buffalo,0.15
2025-11-08,17:10:00,South Watch Post,person,person,0.27
2025-11-08,17:10:00,Western Cliff Edge,cat,buffalo,0.21
2025-11-08,17:10:01,Western Cliff Edge,person,person,0.3
2025-11-08,17:10:01,East Ridge Trail,cat,buffalo,0.14
2025-11-08,17:10:02,Western Cliff Edge,cat,buffalo,0.29
2025-11-08,17:10:02,Deep Valley Camp,person,person,0.45
2025-11-08,17:10:02,Western Cliff Edge,cat,buffalo,0.26
2025-11-08,17:10:02,South Watch Post,person,person,0.25
2025-11-08,17:10:03,Central Lake Area,cat,buffalo,0.19
2025-11-08,17:10:04,Central Lake Area,cat,buffalo,0.2
2025-11-08,17:10:04,East Ridge Trail,cat,buffalo,0.23
2025-11-08,17:10:04,North End Forest Zone,person,person,0.36
2025-11-08,17:10:05,North End Forest Zone,cat,buffalo,0.26
2025-11-08,17:10:06,Deep Valley Camp,cat,buffalo,0.25
2025-11-08,17:10:06,Western Cliff Edge,cat,buffalo,0.26
2025-11-08,17:10:06,Western Cliff Edge,person,person,0.34
2025-11-08,17:10:07,Central Lake Area,cat,buffalo,0.25
2025-11-08,17:10:08,North End Forest Zone,cat,buffalo,0.21
2025-11-08,17:10:08,East Ridge Trail,cat,buffalo,0.36
,2025-11-08,17:17:11,Greywood Edge,cat,0.459,0
,2025-11-08,17:23:47,Elderleaf Basin,cat,0.459,0
2025-11-08,18:11:09,Greywood Edge,cat,buffalo,0.1058
2025-11-08,18:11:09,North Ridge Forest,cat,cat,0.6376
2025-11-08,18:11:10,Fernvale Thicket,cat,cat,0.2976
2025-11-08,18:11:10,Greywood Edge,person,person,0.2527
2025-11-08,18:11:11,Misty Creek Grove,cat,buffalo,0.1087
2025-11-08,18:11:12,Misty Creek Grove,cat,buffalo,0.1401
2025-11-08,18:11:12,Fernvale Thicket,cat,buffalo,0.1244
2025-11-08,18:11:13,Pine Hollow Zone,cat,buffalo,0.1118
2025-11-08,18:11:13,Elderleaf Basin,cat,buffalo,0.2353
2025-11-08,18:11:14,North Ridge Forest,cat,buffalo,0.105
2025-11-08,18:11:15,Fernvale Thicket,cat,buffalo,0.1089
2025-11-08,18:11:15,North Ridge Forest,cat,buffalo,0.1291
2025-11-08,18:11:16,Misty Creek Grove,cat,buffalo,0.1547
2025-11-08,18:11:24,Misty Creek Grove,cat,cat,0.6689
2025-11-08,18:11:24,Fernvale Thicket,person,person,0.3919
2025-11-08,18:11:24,Fernvale Thicket,cat,buffalo,0.1662
2025-11-08,18:11:25,Greywood Edge,cat,buffalo,0.1945
2025-11-08,18:11:26,Fernvale Thicket,cat,buffalo,0.1901
2025-11-08,18:11:26,Misty Creek Grove,cat,buffalo,0.1774
2025-11-08,18:11:27,Fernvale Thicket,cat,buffalo,0.1625
2025-11-08,18:11:28,Elderleaf Basin,cat,buffalo,0.122
2025-11-08,18:11:28,Elderleaf Basin,cat,buffalo,0.1466
2025-11-08,18:11:29,Greywood Edge,cat,buffalo,0.1692
2025-11-08,18:11:30,Pine Hollow Zone,cat,cat,0.6239
2025-11-08,18:11:30,North Ridge Forest,cat,cat,0.6115
2025-11-08,18:11:31,Misty Creek Grove,cat,cat,0.506
2025-11-08,18:13:24,Elderleaf Basin,cat,cat,0.5163
2025-11-08,18:13:24,Greywood Edge,cat,cat,0.6235
2025-11-08,18:13:25,Elderleaf Basin,cat,cat,0.6413
2025-11-08,18:13:26,Greywood Edge,cat,cat,0.7115
2025-11-08,18:13:26,Pine Hollow Zone,cat,cat,0.7401
2025-11-08,18:13:27,Pine Hollow Zone,cat,cat,0.7543
2025-11-08,18:13:27,Fernvale Thicket,cat,buffalo,0.1709
2025-11-08,18:13:28,Fernvale Thicket,cat,buffalo,0.127
2025-11-08,18:13:29,Greywood Edge,cat,buffalo,0.1476
2025-11-08,18:13:29,Greywood Edge,cat,cat,0.6457
2025-11-08,18:13:30,Fernvale Thicket,cat,cat,0.6061
2025-11-08,18:13:30,Elderleaf Basin,cat,cat,0.5927
2025-11-08,18:13:31,Misty Creek Grove,cat,cat,0.4703
2025-11-08,18:13:31,Pine Hollow Zone,cat,buffalo,0.1077
2025-11-08,18:13:32,Pine Hollow Zone,cat,cat,0.5434
2025-11-08,18:13:32,Fernvale Thicket,cat,cat,0.4618
2025-11-08,18:13:33,North Ridge Forest,cat,buffalo,0.1846
2025-11-08,18:13:34,Misty Creek Grove,cat,buffalo,0.1296
2025-11-08,18:13:34,Elderleaf Basin,cat,cat,0.3551
2025-11-08,18:13:35,Misty Creek Grove,cat,buffalo,0.122
2025-11-08,18:13:35,North Ridge Forest,person,person,0.4399
2025-11-08,18:13:35,North Ridge Forest,cat,buffalo,0.1814
2025-11-08,18:13:36,Pine Hollow Zone,cat,buffalo,0.1142
2025-11-08,18:13:36,Elderleaf Basin,person,person,0.2871
2025-11-08,18:13:36,Pine Hollow Zone,cat,buffalo,0.106
2025-11-08,18:13:36,Fernvale Thicket,person,person,0.2681
2025-11-08,18:13:37,Misty Creek Grove,cat,buffalo,0.1549
2025-11-08,18:13:37,Greywood Edge,cat,buffalo,0.1263
2025-11-08,18:13:38,Greywood Edge,cat,buffalo,0.1182
2025-11-08,18:13:39,Greywood Edge,cat,buffalo,0.1037
2025-11-08,18:13:39,Elderleaf Basin,cat,cat,0.5005
2025-11-08,18:13:40,North Ridge Forest,cat,cat,0.4009
2025-11-08,18:13:41,Pine Hollow Zone,cat,cat,0.5093
2025-11-08,18:13:41,Pine Hollow Zone,cat,cat,0.4564
2025-11-08,18:13:42,Greywood Edge,cat,cat,0.6479
2025-11-08,18:13:42,North Ridge Forest,cat,cat,0.5761
2025-11-08,18:13:43,Elderleaf Basin,cat,buffalo,0.1249
2025-11-08,18:13:44,Misty Creek Grove,cat,cat,0.7016
2025-11-08,18:13:44,Pine Hollow Zone,cat,cat,0.6376
2025-11-08,18:13:45,Greywood Edge,cat,cat,0.519
2025-11-08,18:13:45,North Ridge Forest,cat,cat,0.6328
2025-11-08,18:13:46,North Ridge Forest,cat,cat,0.6019
2025-11-08,18:13:47,Pine Hollow Zone,cat,buffalo,0.105
2025-11-08,18:13:47,North Ridge Forest,cat,cat,0.6097
2025-11-08,18:13:48,Pine Hollow Zone,cat,cat,0.6756
2025-11-08,18:13:48,Greywood Edge,cat,cat,0.6099
2025-11-08,18:13:49,Elderleaf Basin,cat,cat,0.7236
2025-11-08,18:13:49,Misty Creek Grove,cat,cat,0.6994
2025-11-08,18:13:50,Greywood Edge,cat,buffalo,0.1116
2025-11-08,18:13:50,Greywood Edge,cat,cat,0.6216
2025-11-08,18:13:51,Elderleaf Basin,cat,cat,0.5024
2025-11-08,18:13:52,Greywood Edge,cat,cat,0.4728
2025-11-08,18:13:52,Elderleaf Basin,cat,buffalo,0.125
2025-11-08,18:13:53,Misty Creek Grove,cat,cat,0.5839
2025-11-08,18:13:54,Misty Creek Grove,cat,cat,0.5092
2025-11-08,18:13:54,Elderleaf Basin,cat,cat,0.3779
2025-11-08,18:13:54,Fernvale Thicket,person,person,0.3305
2025-11-08,18:13:55,Pine Hollow Zone,cat,cat,0.6461
2025-11-08,18:13:56,North Ridge Forest,cat,cat,0.5982
2025-11-08,18:13:57,North Ridge Forest,cat,buffalo,0.1017
2025-11-08,18:13:57,Fernvale Thicket,cat,cat,0.5608
2025-11-08,18:13:58,Pine Hollow Zone,cat,cat,0.4961
2025-11-08,18:13:58,Pine Hollow Zone,cat,buffalo,0.1487
2025-11-08,18:13:59,Greywood Edge,cat,cat,0.5934
2025-11-08,18:14:00,Misty Creek Grove,cat,cat,0.563
2025-11-08,18:14:01,North Ridge Forest,cat,buffalo,0.1053
2025-11-08,18:14:01,Elderleaf Basin,cat,cat,0.547
2025-11-08,18:14:02,North Ridge Forest,cat,buffalo,0.1056
2025-11-08,18:14:03,Fernvale Thicket,cat,cat,0.6345
2025-11-08,18:14:03,Elderleaf Basin,cat,buffalo,0.141
2025-11-08,18:14:04,Greywood Edge,cat,cat,0.4637
2025-11-08,18:14:05,Misty Creek Grove,cat,cat,0.5701
2025-11-08,18:14:05,Greywood Edge,cat,cat,0.5152
2025-11-08,18:14:06,North Ridge Forest,cat,cat,0.5617
2025-11-08,18:14:07,Elderleaf Basin,cat,buffalo,0.1389
2025-11-08,18:14:07,Pine Hollow Zone,cat,cat,0.519
2025-11-08,18:14:08,Misty Creek Grove,cat,cat,0.6157
2025-11-08,18:14:08,Elderleaf Basin,cat,cat,0.6585
2025-11-08,18:14:09,North Ridge Forest,cat,cat,0.6181
2025-11-08,18:14:10,Pine Hollow Zone,cat,cat,0.6311
2025-11-08,18:14:10,North Ridge Forest,cat,buffalo,0.1042
2025-11-08,18:14:11,Elderleaf Basin,cat,buffalo,0.102
2025-11-08,18:14:11,Fernvale Thicket,cat,buffalo,0.117
2025-11-08,18:14:12,Elderleaf Basin,cat,cat,0.4179
2025-11-08,18:14:13,Fernvale Thicket,cat,cat,0.5384
2025-11-08,18:14:13,Pine Hollow Zone,cat,cat,0.5275
2025-11-08,18:14:14,Misty Creek Grove,cat,cat,0.5899
2025-11-08,18:14:14,Pine Hollow Zone,cat,cat,0.625
2025-11-08,18:14:15,Pine Hollow Zone,cat,cat,0.5324
2025-11-08,18:14:15,North Ridge Forest,cat,cat,0.6127
2025-11-08,18:14:16,Elderleaf Basin,cat,cat,0.6535
2025-11-08,18:14:16,North Ridge Forest,cat,cat,0.5407
2025-11-08,18:14:17,Pine Hollow Zone,cat,cat,0.5371
2025-11-08,18:14:18,Misty Creek Grove,cat,cat,0.409
2025-11-08,18:14:18,Misty Creek Grove,person,person,0.3244
2025-11-08,18:14:18,Pine Hollow Zone,cat,cat,0.5612
2025-11-08,18:14:19,Pine Hollow Zone,cat,buffalo,0.1102
2025-11-08,18:14:19,Greywood Edge,cat,buffalo,0.1022
2025-11-08,18:14:20,Pine Hollow Zone,cat,buffalo,0.1054
2025-11-08,18:14:21,North Ridge Forest,cat,buffalo,0.1007
2025-11-08,18:14:21,Greywood Edge,cat,buffalo,0.1031
2025-11-08,18:14:22,Greywood Edge,cat,cat,0.5839
2025-11-08,18:14:23,Pine Hollow Zone,cat,cat,0.4435
2025-11-08,18:14:23,North Ridge Forest,cat,cat,0.321
2025-11-08,18:14:24,Greywood Edge,cat,buffalo,0.1078
2025-11-08,18:14:25,Fernvale Thicket,cat,cat,0.3186
2025-11-08,18:14:26,Greywood Edge,cat,buffalo,0.1878
2025-11-08,18:14:26,Elderleaf Basin,cat,buffalo,0.1696
2025-11-08,18:14:27,Fernvale Thicket,cat,cat,0.5706
2025-11-08,18:14:27,Pine Hollow Zone,cat,buffalo,0.1632
2025-11-08,18:14:28,Pine Hollow Zone,cat,buffalo,0.1139
2025-11-08,18:14:28,Greywood Edge,cat,cat,0.3172
2025-11-08,18:14:29,Misty Creek Grove,cat,buffalo,0.1092
2025-11-08,18:14:29,North Ridge Forest,cat,buffalo,0.1099
2025-11-08,19:06:50,Pine Hollow Zone,person,person,0.27
2025-11-08,19:06:51,North Ridge Forest,cat,cat,0.5716
2025-11-08,19:06:52,Fernvale Thicket,cat,cat,0.568
2025-11-08,19:06:55,North Ridge Forest,cat,cat,0.3
2025-11-08,19:06:56,Misty Creek Grove,cat,buffalo,0.1228
2025-11-08,19:06:57,Greywood Edge,cat,buffalo,0.1074
2025-11-08,19:06:58,Misty Creek Grove,cat,buffalo,0.1217
2025-11-08,19:06:58,Pine Hollow Zone,cat,cat,0.5343
2025-11-08,19:06:59,Greywood Edge,cat,cat,0.3314
2025-11-08,19:07:00,North Ridge Forest,cat,cat,0.3847
2025-11-08,19:07:00,Greywood Edge,cat,cat,0.4558
2025-11-08,19:07:01,Greywood Edge,cat,cat,0.516
2025-11-08,19:07:01,Greywood Edge,cat,cat,0.6754
2025-11-08,19:07:02,Elderleaf Basin,cat,cat,0.6376
2025-11-08,19:07:03,North Ridge Forest,cat,cat,0.6607
2025-11-08,19:07:03,North Ridge Forest,cat,cat,0.4429
2025-11-08,19:07:04,Elderleaf Basin,cat,cat,0.5309
2025-11-08,19:07:04,Misty Creek Grove,cat,cat,0.5666
2025-11-08,19:07:05,North Ridge Forest,cat,cat,0.4674
2025-11-08,19:07:06,Greywood Edge,cat,cat,0.5731
2025-11-08,19:07:06,Pine Hollow Zone,cat,cat,0.3798
2025-11-08,19:07:07,Fernvale Thicket,cat,cat,0.509
2025-11-08,19:07:08,North Ridge Forest,cat,cat,0.4751
2025-11-08,19:07:08,North Ridge Forest,cat,cat,0.3776
2025-11-08,19:07:09,North Ridge Forest,cat,cat,0.3177
2025-11-08,19:07:10,Fernvale Thicket,cat,cat,0.4745
2025-11-08,19:07:11,North Ridge Forest,cat,cat,0.2524
2025-11-08,19:07:11,Elderleaf Basin,cat,buffalo,0.1828
2025-11-08,19:07:12,Misty Creek Grove,cat,cat,0.2555
2025-11-08,19:07:13,Misty Creek Grove,cat,cat,0.4384
2025-11-08,19:07:13,Greywood Edge,cat,cat,0.3893
2025-11-08,19:07:14,North Ridge Forest,cat,cat,0.2549
2025-11-08,19:07:15,Misty Creek Grove,cat,cat,0.3331
2025-11-08,19:07:16,Elderleaf Basin,cat,cat,0.3588
2025-11-08,19:07:16,Misty Creek Grove,cat,cat,0.2674
2025-11-08,19:07:17,Fernvale Thicket,cat,cat,0.3551
2025-11-08,19:07:18,Pine Hollow Zone,cat,cat,0.4849
2025-11-08,19:07:18,Fernvale Thicket,cat,cat,0.3957
2025-11-08,19:07:19,Misty Creek Grove,cat,cat,0.2502
2025-11-08,19:07:21,Pine Hollow Zone,cat,buffalo,0.1161
2025-11-08,19:07:21,Elderleaf Basin,cat,cat,0.4803
2025-11-08,19:07:22,Misty Creek Grove,cat,cat,0.48
2025-11-08,19:07:23,North Ridge Forest,cat,cat,0.4619
2025-11-08,19:07:24,North Ridge Forest,cat,cat,0.375
2025-11-08,19:07:25,Misty Creek Grove,cat,cat,0.5112
2025-11-08,19:07:27,Misty Creek Grove,cat,buffalo,0.1246
2025-11-08,19:07:27,Greywood Edge,cat,buffalo,0.1176
2025-11-08,19:07:28,Elderleaf Basin,cat,buffalo,0.1461
2025-11-08,19:07:29,North Ridge Forest,cat,cat,0.4934
2025-11-08,19:07:29,Pine Hollow Zone,cat,cat,0.3223
2025-11-08,19:07:30,Elderleaf Basin,cat,buffalo,0.1252
2025-11-08,19:07:31,Greywood Edge,cat,cat,0.3817
2025-11-08,19:07:32,Greywood Edge,cat,buffalo,0.1282
2025-11-08,19:07:33,Greywood Edge,cat,cat,0.4606
2025-11-08,19:07:33,Elderleaf Basin,cat,cat,0.441
2025-11-08,19:07:35,Fernvale Thicket,cat,cat,0.3651
2025-11-08,19:07:35,Elderleaf Basin,cat,cat,0.5043
2025-11-08,19:07:36,Fernvale Thicket,cat,cat,0.3562
2025-11-08,19:07:37,Pine Hollow Zone,cat,buffalo,0.1028
2025-11-08,19:07:37,North Ridge Forest,cat,cat,0.6927
2025-11-08,19:07:38,Pine Hollow Zone,cat,buffalo,0.1259
2025-11-08,19:07:39,Greywood Edge,cat,cat,0.5681
2025-11-08,19:07:39,North Ridge Forest,cat,cat,0.4077
2025-11-08,19:07:40,Elderleaf Basin,cat,cat,0.4659
2025-11-08,19:07:41,North Ridge Forest,cat,buffalo,0.1895
2025-11-08,19:07:41,Elderleaf Basin,cat,cat,0.6718
2025-11-08,19:07:42,Fernvale Thicket,cat,cat,0.6281
2025-11-08,19:07:43,Pine Hollow Zone,cat,cat,0.5315
2025-11-08,19:07:43,Greywood Edge,cat,cat,0.5257
2025-11-08,19:07:44,North Ridge Forest,cat,cat,0.6555
2025-11-08,19:07:44,Elderleaf Basin,cat,buffalo,0.1106
2025-11-08,19:07:45,North Ridge Forest,cat,buffalo,0.1074
2025-11-08,19:07:46,Fernvale Thicket,cat,cat,0.6392
2025-11-08,19:07:46,Greywood Edge,cat,cat,0.6871
2025-11-08,19:07:47,North Ridge Forest,cat,buffalo,0.1078
2025-11-08,19:07:48,Greywood Edge,cat,cat,0.4966
2025-11-08,19:07:48,Greywood Edge,cat,buffalo,0.1079
2025-11-08,19:07:49,Greywood Edge,cat,cat,0.5266
2025-11-08,19:07:50,Greywood Edge,cat,buffalo,0.1108
2025-11-09,00:16:34,Pine Hollow Zone,cat,elephant,0.2056
2025-11-09,00:16:35,North Ridge Forest,cat,buffalo,0.1803
2025-11-09,00:16:36,Elderleaf Basin,cat,buffalo,0.2115
2025-11-09,00:16:37,Fernvale Thicket,cat,cat,0.332
2025-11-09,00:16:38,Elderleaf Basin,cat,buffalo,0.3363
2025-11-09,00:16:38,Fernvale Thicket,person,person,0.3178
2025-11-09,00:16:39,Pine Hollow Zone,cat,buffalo,0.2638
2025-11-09,00:16:40,Misty Creek Grove,cat,buffalo,0.1767
2025-11-09,00:16:45,North Ridge Forest,cat,cat,0.2667
2025-11-09,00:16:46,Misty Creek Grove,person,person,0.527
2025-11-09,00:16:46,Misty Creek Grove,person,person,0.5425
2025-11-09,00:16:46,North Ridge Forest,person,person,0.3468
2025-11-09,00:16:46,Pine Hollow Zone,person,person,0.3635
2025-11-09,00:16:47,Misty Creek Grove,person,person,0.5994
2025-11-09,00:16:47,Fernvale Thicket,person,person,0.3537
2025-11-09,00:16:47,Fernvale Thicket,person,person,0.5758
2025-11-09,00:16:47,Pine Hollow Zone,person,person,0.5829
2025-11-09,00:16:48,Greywood Edge,person,person,0.4036
2025-11-09,00:16:48,North Ridge Forest,person,person,0.4553
2025-11-09,00:16:49,Pine Hollow Zone,cat,cat,0.2895
2025-11-09,10:08:23,Pine Hollow Zone,person,person,0.5773
2025-11-09,10:08:23,North Ridge Forest,person,person,0.3261
2025-11-09,10:08:23,Elderleaf Basin,person,person,0.397
2025-11-09,10:08:23,Pine Hollow Zone,person,person,0.3347
2025-11-09,10:08:23,North Ridge Forest,person,person,0.5972
2025-11-09,10:08:23,Pine Hollow Zone,person,person,0.3513
2025-11-09,10:08:24,Misty Creek Grove,person,person,0.7429
2025-11-09,10:08:24,Misty Creek Grove,person,person,0.2871
2025-11-09,10:08:24,Misty Creek Grove,person,person,0.2914
2025-11-09,10:08:24,North Ridge Forest,person,person,0.3776
2025-11-09,10:08:24,Misty Creek Grove,person,person,0.3339
2025-11-09,10:08:24,Greywood Edge,person,person,0.2518
2025-11-09,10:08:25,Misty Creek Grove,person,person,0.4078
2025-11-09,10:08:25,North Ridge Forest,person,person,0.3364
2025-11-09,10:08:25,Elderleaf Basin,person,person,0.7791
2025-11-09,10:08:25,Misty Creek Grove,person,person,0.7489
2025-11-09,10:08:25,Pine Hollow Zone,person,person,0.5248
2025-11-09,10:08:26,Pine Hollow Zone,person,person,0.7974
2025-11-09,10:08:26,Misty Creek Grove,person,person,0.7106
2025-11-09,10:08:26,Misty Creek Grove,person,person,0.6943
2025-11-09,10:08:26,North Ridge Forest,person,person,0.2529
2025-11-09,10:08:26,Misty Creek Grove,person,person,0.7319
2025-11-09,10:08:26,Greywood Edge,person,person,0.2539
2025-11-09,10:08:27,Greywood Edge,person,person,0.8379
2025-11-09,10:08:27,Fernvale Thicket,person,person,0.8013
2025-11-09,10:08:27,Fernvale Thicket,person,person,0.3309
2025-11-09,10:08:27,Elderleaf Basin,person,person,0.8046
2025-11-09,10:08:27,Elderleaf Basin,person,person,0.88
2025-11-09,10:08:28,North Ridge Forest,person,person,0.867
2025-11-09,10:08:28,North Ridge Forest,person,person,0.3019
2025-11-09,10:08:28,North Ridge Forest,person,person,0.8298
2025-11-09,10:08:28,Elderleaf Basin,person,person,0.864
2025-11-09,10:08:28,Greywood Edge,person,person,0.2693
2025-11-09,10:08:28,North Ridge Forest,person,person,0.8309
2025-11-09,10:08:29,North Ridge Forest,person,person,0.4429
2025-11-09,10:27:28,Greywood Edge,person,person,0.263
2025-11-09,10:27:28,Greywood Edge,person,person,0.3584
2025-11-09,10:27:29,Greywood Edge,person,person,0.7086
2025-11-09,10:27:29,Misty Creek Grove,person,person,0.4179
2025-11-09,10:27:29,Fernvale Thicket,person,person,0.4074
2025-11-09,10:27:29,Fernvale Thicket,person,person,0.634
2025-11-09,10:27:29,North Ridge Forest,person,person,0.4495
2025-11-09,10:27:30,Pine Hollow Zone,person,person,0.3018
2025-11-09,10:27:31,Fernvale Thicket,person,person,0.3624
2025-11-09,10:27:31,Fernvale Thicket,person,person,0.6407
2025-11-09,10:27:31,Pine Hollow Zone,person,person,0.4769
2025-11-09,10:27:32,North Ridge Forest,person,person,0.2652
2025-11-09,10:27:32,Elderleaf Basin,dog,dog,0.3821
2025-11-09,10:27:34,Elderleaf Basin,person,person,0.4743
2025-11-09,10:27:34,Pine Hollow Zone,person,person,0.4461
2025-11-09,10:27:34,North Ridge Forest,person,person,0.7737
2025-11-09,10:27:34,Misty Creek Grove,person,person,0.5644
2025-11-09,10:27:34,Fernvale Thicket,person,person,0.7649
2025-11-09,10:27:34,Greywood Edge,person,person,0.4686
2025-11-09,10:27:34,Greywood Edge,person,person,0.6085
2025-11-09,10:27:35,Misty Creek Grove,person,person,0.3197
2025-11-09,10:27:35,Elderleaf Basin,person,person,0.7056
2025-11-09,10:27:35,Elderleaf Basin,person,person,0.3506
2025-11-09,10:27:35,Fernvale Thicket,person,person,0.5404
2025-11-09,10:27:35,Misty Creek Grove,person,person,0.4534
2025-11-09,10:27:36,Fernvale Thicket,person,person,0.4839
2025-11-09,10:27:36,Fernvale Thicket,person,person,0.8112
2025-11-09,10:27:36,Pine Hollow Zone,person,person,0.6002
2025-11-09,10:27:36,North Ridge Forest,person,person,0.7342
2025-11-09,10:27:36,North Ridge Forest,person,person,0.7305
2025-11-09,10:27:37,Greywood Edge,person,person,0.7349
2025-11-09,10:27:37,Pine Hollow Zone,person,person,0.4327
2025-11-09,10:27:37,Pine Hollow Zone,person,person,0.4922
2025-11-09,10:27:37,Elderleaf Basin,person,person,0.2609
2025-11-09,12:57:34,Elderleaf Basin,cat,cat,0.3443
2025-11-09,12:57:41,Fernvale Thicket,cat,cat,0.3632
2025-11-09,12:57:48,North Ridge Forest,cat,cat,0.4157
2025-11-09,12:57:55,Fernvale Thicket,cat,cat,0.3913
2025-11-09,12:58:02,Fernvale Thicket,cat,cat,0.2688
2025-11-09,12:58:07,Pine Hollow Zone,person,person,0.2534
2025-11-09,12:58:14,Pine Hollow Zone,cat,cat,0.3684
2025-11-09,12:58:20,North Ridge Forest,person,person,0.3608
2025-11-09,12:58:26,Elderleaf Basin,cat,cat,0.3314
2025-11-09,12:58:33,Misty Creek Grove,cat,cat,0.3777
2025-11-09,12:58:39,Elderleaf Basin,cat,cat,0.3632
2026-07-25,23:16:54,Greywood Edge,person,person,0.6959
2026-07-25,23:17:16,Fernvale Thicket,person,person,0.7476
2026-07-25,23:17:17,Elderleaf Basin,person,person,0.7298
2026-07-25,23:17:31,Elderleaf Basin,person,person,0.6537
2026-07-25,23:17:31,Elderleaf Basin,person,person,0.693
2026-07-25,23:18:14,North Ridge Forest,person,person,0.8068
2026-07-26,08:08:54,Elderleaf Basin,person,person,0.9206
2026-07-30,19:50:10,Greywood Edge,cat,cat,0.5881
2026-07-30,19:50:49,Misty Creek Grove,cat,cat,0.503
2026-07-30,19:50:50,North Ridge Forest,cat,cat,0.577
2026-07-30,19:50:52,Misty Creek Grove,cat,cat,0.516
2026-07-30,19:50:54,Elderleaf Basin,cat,cat,0.5155
2026-07-30,19:50:55,Fernvale Thicket,cat,cat,0.4527
2026-08-02,11:37:19,Misty Creek Grove,person,person,0.7179
2026-08-02,11:37:20,North Ridge Forest,person,person,0.7977
2026-08-02,11:37:20,Misty Creek Grove,person,person,0.7477
2026-08-02,11:37:20,North Ridge Forest,person,person,0.781
2026-08-02,11:37:21,North Ridge Forest,person,person,0.82
2026-08-02,11:37:21,Misty Creek Grove,person,person,0.802
2026-08-02,11:37:22,Misty Creek Grove,person,person,0.8054
2026-08-02,11:37:22,North Ridge Forest,person,person,0.822
2026-08-02,11:37:22,Greywood Edge,person,person,0.809
2026-08-02,11:37:23,Misty Creek Grove,person,person,0.8127
2026-08-02,11:39:01,Elderleaf Basin,person,person,0.6962
2026-08-02,11:39:01,Fernvale Thicket,person,person,0.7056
2026-08-02,11:39:02,Pine Hollow Zone,person,person,0.7668
2026-08-02,11:39:02,Elderleaf Basin,person,person,0.7321
2026-08-02,11:39:03,Greywood Edge,person,person,0.5851
2026-08-02,11:39:03,North Ridge Forest,person,person,0.5559
2026-08-02,11:39:04,Elderleaf Basin,horse,horse,0.5157
2026-08-02,11:39:05,Fernvale Thicket,person,person,0.5609
2026-08-02,11:39:05,North Ridge Forest,person,person,0.4557
2026-08-02,11:39:06,Misty Creek Grove,horse,horse,0.6375
2026-08-02,11:39:06,North Ridge Forest,horse,horse,0.6678
2026-08-02,11:39:07,Greywood Edge,horse,horse,0.6226
2026-08-02,11:39:07,Fernvale Thicket,horse,horse,0.891
2026-08-02,11:39:07,Pine Hollow Zone,horse,horse,0.7148
2026-08-02,11:39:08,Greywood Edge,horse,horse,0.5489
2026-08-02,11:39:09,Pine Hollow Zone,cow,cow,0.5491
2026-08-02,11:39:09,North Ridge Forest,cow,cow,0.611
2026-08-02,11:39:09,Pine Hollow Zone,person,person,0.5053
2026-08-02,11:39:09,North Ridge Forest,dog,dog,0.7703
2026-08-02,11:39:10,Elderleaf Basin,cow,cow,0.6867
2026-08-02,11:39:10,Greywood Edge,cow,cow,0.85
2026-08-02,11:39:11,Elderleaf Basin,cow,cow,0.8812
2026-08-02,11:39:11,Misty Creek Grove,cow,cow,0.8525
2026-08-02,11:39:12,Misty Creek Grove,cow,cow,0.8872
2026-08-02,11:39:12,Misty Creek Grove,cow,cow,0.8924
2026-08-02,11:39:12,Misty Creek Grove,cow,cow,0.5891
2026-08-02,11:39:13,Greywood Edge,cow,cow,0.5373
2026-08-02,11:39:13,North Ridge Forest,cow,cow,0.697
2026-08-02,11:39:14,Greywood Edge,cow,cow,0.8285
2026-08-02,11:39:14,North Ridge Forest,cow,cow,0.7853
2026-08-02,11:39:15,Greywood Edge,horse,horse,0.632
2026-08-02,11:39:16,Greywood Edge,cow,cow,0.5767
2026-08-02,11:39:18,Greywood Edge,cow,cow,0.4869
2026-08-02,11:39:18,Fernvale Thicket,horse,horse,0.5112
2026-08-02,11:39:19,Elderleaf Basin,cow,cow,0.7339
2026-08-02,11:39:19,Pine Hollow Zone,cow,cow,0.7097
2026-08-02,11:39:20,Fernvale Thicket,cow,cow,0.8269
2026-08-02,11:39:20,Misty Creek Grove,cow,cow,0.7186
2026-08-02,11:39:21,Greywood Edge,cow,cow,0.8055
2026-08-02,11:39:21,Fernvale Thicket,cow,cow,0.8058
2026-08-02,11:39:21,Fernvale Thicket,cow,cow,0.6638
2026-08-02,11:39:22,Greywood Edge,cow,cow,0.6726
2026-08-02,11:39:22,Fernvale Thicket,cow,cow,0.75
2026-08-02,11:39:23,Misty Creek Grove,cow,cow,0.7741
2026-08-02,11:39:23,Pine Hollow Zone,cow,cow,0.5491
2026-08-02,11:39:23,Fernvale Thicket,cow,cow,0.5749
2026-08-02,11:39:24,Misty Creek Grove,cow,cow,0.8025
2026-08-02,11:39:24,Elderleaf Basin,cow,cow,0.6555
2026-08-02,11:39:25,Misty Creek Grove,cow,cow,0.7774
2026-08-02,11:39:25,Misty Creek Grove,cow,cow,0.5787
2026-08-02,11:39:25,Misty Creek Grove,cow,cow,0.5544
2026-08-02,11:39:26,Misty Creek Grove,cow,cow,0.7699
2026-08-02,11:39:26,North Ridge Forest,cow,cow,0.6427
2026-08-02,11:39:27,Fernvale Thicket,cow,cow,0.7668
2026-08-02,11:39:27,North Ridge Forest,cow,cow,0.7641
2026-08-02,11:39:28,Elderleaf Basin,cow,cow,0.6706
2026-08-02,11:39:28,Elderleaf Basin,cow,cow,0.7413
2026-08-02,11:39:28,Greywood Edge,cow,cow,0.8009
2026-08-02,11:39:29,Pine Hollow Zone,cow,cow,0.7863
2026-08-02,11:39:29,Elderleaf Basin,cow,cow,0.7758
2026-08-02,11:40:56,Fernvale Thicket,person,person,0.6876
2026-08-02,11:40:56,North Ridge Forest,person,person,0.6533
2026-08-02,11:40:56,Fernvale Thicket,person,person,0.7179
2026-08-02,11:40:56,Misty Creek Grove,person,person,0.4592
2026-08-02,11:40:57,Pine Hollow Zone,person,person,0.664
2026-08-02,11:40:57,Fernvale Thicket,person,person,0.5963
2026-08-02,11:40:57,Greywood Edge,person,person,0.5301
2026-08-02,11:40:58,Elderleaf Basin,person,person,0.7589
2026-08-02,11:40:58,Misty Creek Grove,person,person,0.5703
2026-08-02,11:40:58,Misty Creek Grove,person,person,0.6493
2026-08-02,11:40:58,Greywood Edge,person,person,0.583
2026-08-02,11:40:58,Elderleaf Basin,person,person,0.5962
2026-08-02,11:40:59,Elderleaf Basin,person,person,0.4703
2026-08-02,11:40:59,Elderleaf Basin,person,person,0.5432
2026-08-02,11:40:59,Misty Creek Grove,person,person,0.4868
2026-08-02,11:41:00,Misty Creek Grove,person,person,0.4921
2026-08-02,11:41:00,Misty Creek Grove,person,person,0.6028
2026-08-02,11:41:01,Misty Creek Grove,person,person,0.5379
2026-08-02,11:41:02,Elderleaf Basin,person,person,0.5709
2026-08-02,11:41:03,Pine Hollow Zone,cat,cat,0.4803
2026-08-02,11:41:03,Pine Hollow Zone,cat,cat,0.4644
2026-08-02,11:41:04,North Ridge Forest,cat,cat,0.7279
2026-08-02,11:41:04,Fernvale Thicket,cat,cat,0.6993
2026-08-02,11:41:04,North Ridge Forest,cat,cat,0.5937
2026-08-02,11:41:04,North Ridge Forest,person,person,0.4657
2026-08-02,11:41:04,Greywood Edge,person,person,0.4544
2026-08-02,11:41:04,Misty Creek Grove,cat,cat,0.8714
2026-08-02,11:41:04,Greywood Edge,person,person,0.4575
2026-08-02,11:41:05,Misty Creek Grove,cat,cat,0.8684
2026-08-02,11:41:05,Elderleaf Basin,cat,cat,0.6412
2026-08-02,11:41:05,North Ridge Forest,person,person,0.6382
2026-08-02,11:41:05,North Ridge Forest,cat,cat,0.4998
2026-08-02,11:41:06,Elderleaf Basin,cat,cat,0.829
2026-08-02,11:41:06,Greywood Edge,person,person,0.4973
2026-08-02,11:41:06,North Ridge Forest,cat,cat,0.851
2026-08-02,11:41:06,Pine Hollow Zone,person,person,0.5488
2026-08-02,11:41:06,Misty Creek Grove,person,person,0.5268
2026-08-02,11:41:06,Pine Hollow Zone,cat,cat,0.8878
2026-08-02,11:41:07,Fernvale Thicket,person,person,0.5475
2026-08-02,11:41:07,Misty Creek Grove,cat,cat,0.8665
2026-08-02,11:41:07,Pine Hollow Zone,cat,cat,0.8814
2026-08-02,11:41:08,Elderleaf Basin,cat,cat,0.8744
2026-08-02,11:41:08,North Ridge Forest,person,person,0.4887
2026-08-02,11:41:08,Misty Creek Grove,cat,cat,0.8737
2026-08-02,11:41:08,Misty Creek Grove,person,person,0.486
2026-08-02,11:41:09,Pine Hollow Zone,cat,cat,0.8195
2026-08-02,11:41:09,Misty Creek Grove,person,person,0.4585
2026-08-02,11:41:09,North Ridge Forest,cat,cat,0.885
2026-08-02,11:41:09,Fernvale Thicket,cat,cat,0.8629
2026-08-02,11:41:09,North Ridge Forest,cat,cat,0.6141
2026-08-02,11:41:09,North Ridge Forest,person,person,0.5143
2026-08-02,11:41:16,Pine Hollow Zone,person,person,0.9413
2026-08-02,11:41:17,North Ridge Forest,person,person,0.926
2026-08-02,11:41:17,North Ridge Forest,person,person,0.9354
2026-08-02,11:41:17,North Ridge Forest,person,person,0.9375
2026-08-02,11:41:18,North Ridge Forest,person,person,0.9408
2026-08-02,11:41:18,Misty Creek Grove,person,person,0.9491
2026-08-02,11:41:19,North Ridge Forest,person,person,0.934
2026-08-02,11:41:19,Greywood Edge,person,person,0.9264
2026-08-02,11:41:19,Elderleaf Basin,person,person,0.9265
2026-08-02,11:41:20,Pine Hollow Zone,person,person,0.9191
2026-08-02,11:41:20,Elderleaf Basin,person,person,0.9096
2026-08-02,11:41:21,Fernvale Thicket,person,person,0.9213
2026-08-02,11:41:21,Misty Creek Grove,person,person,0.9065
2026-08-02,11:41:22,Misty Creek Grove,person,person,0.9207
2026-08-02,11:41:22,Pine Hollow Zone,person,person,0.9333
2026-08-02,11:41:22,Fernvale Thicket,person,person,0.9321
2026-08-02,11:41:23,Misty Creek Grove,person,person,0.8989
2026-08-02,11:41:23,Misty Creek Grove,person,person,0.9425
2026-08-02,11:41:24,Elderleaf Basin,person,person,0.939
2026-08-02,11:41:24,Fernvale Thicket,person,person,0.9452
2026-08-02,11:41:25,Greywood Edge,person,person,0.9486
2026-08-02,11:41:25,Greywood Edge,person,person,0.9461
2026-08-02,11:41:25,Pine Hollow Zone,person,person,0.952
2026-08-02,11:41:26,North Ridge Forest,person,person,0.9574
2026-08-02,11:47:38,Pine Hollow Zone,person,person,0.745
2026-08-02,11:47:39,Greywood Edge,person,person,0.7397
2026-08-02,11:47:40,Misty Creek Grove,person,person,0.4541
2026-08-02,11:47:41,Fernvale Thicket,person,person,0.4551
2026-08-02,11:47:42,Pine Hollow Zone,person,person,0.5064
2026-08-02,11:47:42,Pine Hollow Zone,person,person,0.7173
2026-08-02,11:47:42,Elderleaf Basin,person,person,0.6949
2026-08-02,11:47:42,Pine Hollow Zone,person,person,0.6325
2026-08-02,11:47:42,Misty Creek Grove,person,person,0.6163
2026-08-02,11:47:43,Pine Hollow Zone,person,person,0.7914
2026-08-02,11:47:43,Greywood Edge,person,person,0.7819
2026-08-02,11:47:43,Misty Creek Grove,person,person,0.7113
2026-08-02,11:47:43,Misty Creek Grove,person,person,0.4942
2026-08-02,11:47:43,Greywood Edge,person,person,0.7436
2026-08-02,11:47:43,Misty Creek Grove,person,person,0.6976
2026-08-02,11:47:43,Pine Hollow Zone,person,person,0.5717
2026-08-02,11:47:44,North Ridge Forest,person,person,0.7789
2026-08-02,11:47:44,Misty Creek Grove,person,person,0.7363
2026-08-02,11:47:44,Elderleaf Basin,person,person,0.5991
2026-08-02,11:47:44,Misty Creek Grove,person,person,0.5848
2026-08-02,11:47:44,Fernvale Thicket,person,person,0.511
2026-08-02,11:47:44,Greywood Edge,person,person,0.6736
2026-08-02,11:47:44,Misty Creek Grove,person,person,0.5932
2026-08-02,11:47:44,Pine Hollow Zone,person,person,0.5636
2026-08-02,11:47:45,Pine Hollow Zone,person,person,0.7685
2026-08-02,11:47:45,Fernvale Thicket,person,person,0.7228
2026-08-02,11:47:45,Pine Hollow Zone,person,person,0.6844
2026-08-02,11:47:45,Elderleaf Basin,person,person,0.4996
2026-08-02,11:47:45,Elderleaf Basin,person,person,0.8053
2026-08-02,11:47:45,Greywood Edge,person,person,0.7802
2026-08-02,11:47:45,Misty Creek Grove,person,person,0.7333
2026-08-02,11:47:45,Pine Hollow Zone,person,person,0.5634
2026-08-02,11:47:45,Fernvale Thicket,person,person,0.7886
2026-08-02,11:47:45,North Ridge Forest,person,person,0.7347
2026-08-02,11:47:46,Greywood Edge,person,person,0.7184
2026-08-02,11:47:46,North Ridge Forest,person,person,0.6144
2026-08-02,11:47:46,Fernvale Thicket,person,person,0.7841
2026-08-02,11:47:46,Misty Creek Grove,person,person,0.7312
2026-08-02,11:47:46,Pine Hollow Zone,person,person,0.7201
2026-08-02,11:47:46,Pine Hollow Zone,person,person,0.6393
2026-08-02,11:47:46,North Ridge Forest,person,person,0.7696
2026-08-02,11:47:46,Misty Creek Grove,person,person,0.7634
2026-08-02,11:47:46,Greywood Edge,person,person,0.6267
2026-08-02,11:47:46,Elderleaf Basin,person,person,0.6026
2026-08-02,11:47:47,Pine Hollow Zone,person,person,0.7732
2026-08-02,11:47:47,Fernvale Thicket,person,person,0.7459
2026-08-02,11:47:47,Misty Creek Grove,person,person,0.7399
2026-08-02,11:47:47,North Ridge Forest,person,person,0.5337
2026-08-02,11:47:47,North Ridge Forest,person,person,0.7197
2026-08-02,11:47:48,North Ridge Forest,person,person,0.7316
2026-08-02,11:47:48,Greywood Edge,person,person,0.6858
2026-08-02,11:47:49,Elderleaf Basin,person,person,0.6881
2026-08-02,11:47:49,Pine Hollow Zone,person,person,0.6755
2026-08-02,11:47:49,Pine Hollow Zone,person,person,0.7407
2026-08-02,11:47:50,Pine Hollow Zone,person,person,0.7509
2026-08-02,11:47:50,Elderleaf Basin,person,person,0.6907
2026-08-02,11:47:51,Elderleaf Basin,person,person,0.6139
2026-08-02,11:47:51,Fernvale Thicket,person,person,0.7203
2026-08-02,11:47:51,Pine Hollow Zone,person,person,0.6187
2026-08-02,11:47:52,Pine Hollow Zone,person,person,0.6138
2026-08-02,11:47:52,Elderleaf Basin,person,person,0.6603
2026-08-02,11:47:52,Misty Creek Grove,person,person,0.8624
2026-08-02,11:47:53,Pine Hollow Zone,person,person,0.8355
2026-08-02,11:47:53,Greywood Edge,person,person,0.8491
2026-08-02,11:47:54,Pine Hollow Zone,person,person,0.8434
2026-08-02,11:47:54,Greywood Edge,person,person,0.8333
2026-08-02,11:47:54,Pine Hollow Zone,person,person,0.6896
2026-08-02,11:47:54,Elderleaf Basin,person,person,0.8424
2026-08-02,11:47:54,Elderleaf Basin,person,person,0.8376
2026-08-02,11:47:54,Pine Hollow Zone,person,person,0.627
2026-08-02,11:47:54,Fernvale Thicket,person,person,0.4894
2026-08-02,11:47:54,Elderleaf Basin,person,person,0.4893
2026-08-02,11:47:55,Elderleaf Basin,person,person,0.8538
2026-08-02,11:47:55,North Ridge Forest,person,person,0.8409
2026-08-02,11:47:55,Misty Creek Grove,person,person,0.7914
2026-08-02,11:47:55,Misty Creek Grove,person,person,0.6966
2026-08-02,11:47:55,Elderleaf Basin,person,person,0.8651
2026-08-02,11:47:55,Misty Creek Grove,person,person,0.8284
2026-08-02,11:47:55,Pine Hollow Zone,person,person,0.7918
2026-08-02,11:47:55,Greywood Edge,person,person,0.4547
2026-08-02,11:47:56,Fernvale Thicket,person,person,0.8421
2026-08-02,11:47:56,Misty Creek Grove,person,person,0.8259
2026-08-02,11:47:56,Misty Creek Grove,person,person,0.7873
2026-08-02,11:47:56,North Ridge Forest,person,person,0.845
2026-08-02,11:47:56,Greywood Edge,person,person,0.8075
2026-08-02,11:47:56,Misty Creek Grove,person,person,0.7991
2026-08-02,11:47:56,Fernvale Thicket,person,person,0.8369
2026-08-02,11:47:56,Elderleaf Basin,person,person,0.8312
2026-08-02,11:47:56,Fernvale Thicket,person,person,0.7911
2026-08-02,11:47:57,Pine Hollow Zone,person,person,0.8612
2026-08-02,11:47:57,Greywood Edge,person,person,0.8538
2026-08-02,11:47:57,Greywood Edge,person,person,0.7998
2026-08-02,11:47:57,Misty Creek Grove,person,person,0.7641
2026-08-02,11:47:57,Fernvale Thicket,person,person,0.8591
2026-08-02,11:47:57,Elderleaf Basin,person,person,0.8465
2026-08-02,11:47:58,Elderleaf Basin,person,person,0.7178
2026-08-02,11:47:58,Elderleaf Basin,dog,dog,0.6289
2026-08-02,11:47:58,Greywood Edge,person,person,0.5555
2026-08-02,11:47:58,North Ridge Forest,person,person,0.6282
2026-08-02,11:47:58,Greywood Edge,dog,dog,0.4541
2026-08-02,11:47:59,Elderleaf Basin,person,person,0.5721
2026-08-02,11:47:59,North Ridge Forest,dog,dog,0.5578
2026-08-02,11:47:59,Pine Hollow Zone,person,person,0.7647
2026-08-02,11:48:00,Elderleaf Basin,person,person,0.6938
2026-08-02,11:48:00,Misty Creek Grove,dog,dog,0.4736
2026-08-02,11:48:00,Fernvale Thicket,person,person,0.8518
2026-08-02,11:48:01,North Ridge Forest,person,person,0.604
2026-08-02,11:48:01,Greywood Edge,person,person,0.7009
2026-08-02,11:48:01,Fernvale Thicket,dog,dog,0.5161
2026-08-02,11:48:01,Elderleaf Basin,person,person,0.7983
2026-08-02,11:48:01,Fernvale Thicket,cat,cat,0.5655
2026-08-02,11:48:02,North Ridge Forest,person,person,0.8073
2026-08-02,11:48:02,Misty Creek Grove,person,person,0.7049
2026-08-02,11:48:03,Fernvale Thicket,person,person,0.8521
2026-08-02,11:48:03,Misty Creek Grove,person,person,0.8092
2026-08-02,11:48:03,North Ridge Forest,person,person,0.7796
2026-08-02,11:48:04,Pine Hollow Zone,person,person,0.6512
2026-08-02,11:48:04,Pine Hollow Zone,dog,dog,0.4541
2026-08-02,11:48:05,North Ridge Forest,person,person,0.7326
2026-08-02,11:48:05,Pine Hollow Zone,person,person,0.8095
2026-08-02,11:48:06,Elderleaf Basin,person,person,0.8596
2026-08-02,11:48:06,Greywood Edge,person,person,0.8453
2026-08-02,11:48:06,Fernvale Thicket,person,person,0.8354
2026-08-02,11:48:07,Elderleaf Basin,person,person,0.8448
2026-08-02,11:48:07,Elderleaf Basin,person,person,0.8367
2026-08-02,11:48:08,Fernvale Thicket,person,person,0.7995
2026-08-02,11:48:08,Misty Creek Grove,person,person,0.525
2026-08-02,11:48:08,Misty Creek Grove,person,person,0.8269
2026-08-02,11:48:08,Fernvale Thicket,person,person,0.739
2026-08-02,11:48:08,Greywood Edge,person,person,0.7763
2026-08-02,11:48:08,Greywood Edge,person,person,0.7154
2026-08-02,11:48:09,Misty Creek Grove,dog,dog,0.5681
2026-08-02,11:48:09,Pine Hollow Zone,person,person,0.7976
2026-08-02,11:48:09,North Ridge Forest,person,person,0.4587
2026-08-02,11:48:10,Elderleaf Basin,person,person,0.797
2026-08-02,11:48:10,Fernvale Thicket,person,person,0.7872
2026-08-02,11:48:10,Greywood Edge,dog,dog,0.5204
2026-08-02,11:48:10,Misty Creek Grove,person,person,0.8396
2026-08-02,11:48:11,Elderleaf Basin,person,person,0.46
2026-08-02,11:48:11,Fernvale Thicket,person,person,0.473
2026-08-02,11:48:12,Greywood Edge,person,person,0.5976
2026-08-02,11:48:13,North Ridge Forest,person,person,0.5529
2026-08-02,11:48:13,Elderleaf Basin,cat,cat,0.7713
2026-08-02,11:48:14,Fernvale Thicket,person,person,0.6878
2026-08-02,11:48:14,Elderleaf Basin,person,person,0.4869
2026-08-02,11:48:15,Greywood Edge,person,person,0.5706
2026-08-02,11:48:16,Greywood Edge,person,person,0.7703
2026-08-02,11:48:16,North Ridge Forest,person,person,0.6849
2026-08-02,11:48:16,Greywood Edge,person,person,0.6006
2026-08-02,11:48:16,Elderleaf Basin,person,person,0.7558
2026-08-02,11:48:16,Fernvale Thicket,person,person,0.7543
2026-08-02,11:48:16,North Ridge Forest,person,person,0.6921
2026-08-02,11:48:17,Elderleaf Basin,person,person,0.7661
2026-08-02,11:48:17,North Ridge Forest,person,person,0.7236
2026-08-02,11:48:17,Misty Creek Grove,person,person,0.6023
2026-08-02,11:48:17,Pine Hollow Zone,person,person,0.5824
2026-08-02,11:48:17,Fernvale Thicket,person,person,0.5636
2026-08-02,11:48:17,Elderleaf Basin,person,person,0.8166
2026-08-02,11:48:17,Misty Creek Grove,person,person,0.5803
2026-08-02,11:48:17,Elderleaf Basin,person,person,0.543
2026-08-02,11:48:17,Pine Hollow Zone,person,person,0.7952
2026-08-02,11:48:17,Pine Hollow Zone,person,person,0.5945
2026-08-02,11:48:18,Elderleaf Basin,person,person,0.6764
2026-08-02,11:48:18,Greywood Edge,person,person,0.4783
2026-08-02,11:48:18,Pine Hollow Zone,person,person,0.605
2026-08-02,11:48:19,Misty Creek Grove,person,person,0.5618
2026-08-02,11:48:19,Fernvale Thicket,person,person,0.5181
2026-08-02,11:48:20,Elderleaf Basin,person,person,0.7554
2026-08-02,11:48:20,Misty Creek Grove,person,person,0.6979
2026-08-02,11:48:21,Fernvale Thicket,person,person,0.7171
2026-08-02,11:48:21,Greywood Edge,person,person,0.7112
2026-08-02,11:48:21,North Ridge Forest,person,person,0.6972
2026-08-02,11:48:22,Misty Creek Grove,person,person,0.6405
2026-08-02,11:48:22,Greywood Edge,person,person,0.4619
2026-08-02,11:48:23,North Ridge Forest,dog,dog,0.4521
2026-08-02,11:48:23,North Ridge Forest,zebra,zebra,0.5265
2026-08-02,11:48:24,North Ridge Forest,zebra,zebra,0.7513
2026-08-02,11:48:25,Greywood Edge,zebra,zebra,0.4888
2026-08-02,11:48:25,Pine Hollow Zone,zebra,zebra,0.5895
2026-08-02,11:48:25,North Ridge Forest,person,person,0.5551
2026-08-02,11:48:25,Misty Creek Grove,zebra,zebra,0.551
2026-08-02,11:48:25,Fernvale Thicket,person,person,0.5046
2026-08-02,11:48:26,Fernvale Thicket,person,person,0.6368
2026-08-02,11:48:26,Pine Hollow Zone,zebra,zebra,0.5697
2026-08-02,11:48:26,Misty Creek Grove,person,person,0.5068
2026-08-02,11:48:27,Pine Hollow Zone,zebra,zebra,0.592
2026-08-02,11:48:27,North Ridge Forest,zebra,zebra,0.5465
2026-08-02,11:48:27,Elderleaf Basin,person,person,0.4662
2026-08-02,11:48:28,Greywood Edge,person,person,0.497
2026-08-02,11:48:28,Fernvale Thicket,person,person,0.5323
2026-08-02,11:48:28,Pine Hollow Zone,person,person,0.5579
2026-08-02,11:48:29,Elderleaf Basin,person,person,0.6441
2026-08-02,11:48:29,Fernvale Thicket,cat,cat,0.8419
2026-08-02,11:48:29,Fernvale Thicket,person,person,0.5208
2026-08-02,11:48:30,Pine Hollow Zone,cat,cat,0.6634
2026-08-02,11:48:30,Elderleaf Basin,cat,cat,0.593
2026-08-02,11:48:30,North Ridge Forest,person,person,0.5877
2026-08-02,11:48:31,Elderleaf Basin,cat,cat,0.7623
2026-08-02,11:48:31,Fernvale Thicket,cat,cat,0.7314
2026-08-02,11:48:32,Pine Hollow Zone,person,person,0.8424
2026-08-02,11:48:32,Misty Creek Grove,person,person,0.817
2026-08-02,11:48:32,North Ridge Forest,person,person,0.5657
2026-08-02,11:48:33,Greywood Edge,person,person,0.8381
2026-08-02,11:48:33,Pine Hollow Zone,person,person,0.7111
2026-08-02,11:48:34,Pine Hollow Zone,person,person,0.6458
2026-08-02,11:48:34,Greywood Edge,person,person,0.7256
2026-08-02,11:51:09,North Ridge Forest,person,person,0.8119
2026-08-02,11:51:09,Misty Creek Grove,person,person,0.843
2026-08-02,11:51:10,Elderleaf Basin,person,person,0.6621
2026-08-02,11:51:10,North Ridge Forest,person,person,0.4649
2026-08-02,11:51:11,Pine Hollow Zone,person,person,0.8127
2026-08-02,11:51:11,Pine Hollow Zone,cat,cat,0.6649
2026-08-02,11:51:11,Fernvale Thicket,person,person,0.8158
2026-08-02,11:51:12,Elderleaf Basin,person,person,0.7542
2026-08-02,11:51:13,Greywood Edge,person,person,0.6093
2026-08-02,11:51:14,Elderleaf Basin,person,person,0.6646
2026-08-02,11:51:15,North Ridge Forest,person,person,0.8467
2026-08-02,11:51:15,Fernvale Thicket,person,person,0.6722
2026-08-02,11:51:16,Fernvale Thicket,person,person,0.854
2026-08-02,11:51:16,Fernvale Thicket,person,person,0.6253
2026-08-02,11:51:16,Elderleaf Basin,cow,cow,0.5004
2026-08-02,11:51:16,Pine Hollow Zone,person,person,0.6575
2026-08-02,11:51:17,Misty Creek Grove,person,person,0.8419
2026-08-02,11:51:17,Misty Creek Grove,person,person,0.6087
2026-08-02,11:51:18,Pine Hollow Zone,cat,cat,0.4863
2026-08-02,11:51:18,Misty Creek Grove,person,person,0.8287
2026-08-02,11:51:18,Elderleaf Basin,person,person,0.8544
2026-08-02,11:51:19,North Ridge Forest,person,person,0.8818
2026-08-02,11:51:19,Elderleaf Basin,person,person,0.8509
2026-08-02,11:51:20,Fernvale Thicket,person,person,0.8477
2026-08-02,11:51:20,Elderleaf Basin,person,person,0.885
2026-08-02,11:51:20,Fernvale Thicket,person,person,0.8582
2026-08-02,11:51:22,Elderleaf Basin,person,person,0.8853
2026-08-02,11:51:23,Greywood Edge,person,person,0.8924
2026-08-02,11:51:23,Elderleaf Basin,person,person,0.8709
2026-08-02,11:51:24,North Ridge Forest,person,person,0.8078
2026-08-02,11:51:24,Pine Hollow Zone,person,person,0.827
2026-08-02,11:51:24,Pine Hollow Zone,dog,dog,0.6216
2026-08-02,11:51:24,Misty Creek Grove,person,person,0.8273
2026-08-02,11:51:24,Pine Hollow Zone,dog,dog,0.5175
2026-08-02,11:51:25,Elderleaf Basin,person,person,0.8904
2026-08-02,11:51:25,Misty Creek Grove,person,person,0.8373
2026-08-02,11:51:26,Elderleaf Basin,person,person,0.7984
2026-08-02,11:51:26,Misty Creek Grove,person,person,0.7561
2026-08-02,11:51:26,Greywood Edge,person,person,0.7711
2026-08-02,11:51:27,Elderleaf Basin,person,person,0.7622
2026-08-02,11:51:27,Pine Hollow Zone,person,person,0.8676
2026-08-02,11:51:28,Elderleaf Basin,person,person,0.891
2026-08-02,11:51:28,Fernvale Thicket,person,person,0.8262
2026-08-02,11:51:28,North Ridge Forest,person,person,0.88
2026-08-02,11:51:29,Greywood Edge,person,person,0.8822
2026-08-02,11:51:29,Misty Creek Grove,person,person,0.5543
2026-08-02,11:51:30,Fernvale Thicket,person,person,0.5723
2026-08-02,11:51:30,Greywood Edge,person,person,0.5193
2026-08-02,11:51:30,Elderleaf Basin,person,person,0.4559
2026-08-02,11:51:30,North Ridge Forest,person,person,0.5444
2026-08-02,11:51:30,North Ridge Forest,person,person,0.4956
2026-08-02,11:51:31,Elderleaf Basin,person,person,0.4605
2026-08-02,11:51:31,Elderleaf Basin,person,person,0.6926
2026-08-02,11:51:31,Misty Creek Grove,cow,cow,0.472
2026-08-02,11:51:31,Greywood Edge,person,person,0.6236
2026-08-02,11:51:32,Pine Hollow Zone,person,person,0.5349
2026-08-02,11:51:32,Pine Hollow Zone,person,person,0.4816
2026-08-02,11:51:32,Fernvale Thicket,person,person,0.4649
2026-08-02,11:51:33,North Ridge Forest,person,person,0.5739
2026-08-02,11:51:33,North Ridge Forest,person,person,0.8706
2026-08-02,11:51:33,Misty Creek Grove,person,person,0.7841
2026-08-02,11:51:34,North Ridge Forest,person,person,0.8486
2026-08-02,11:51:34,Elderleaf Basin,person,person,0.8712
2026-08-02,11:51:35,Pine Hollow Zone,person,person,0.8139
2026-08-02,11:51:35,Elderleaf Basin,person,person,0.8469
2026-08-02,11:51:35,Greywood Edge,person,person,0.6696
2026-08-02,11:51:36,Greywood Edge,person,person,0.8629
2026-08-02,11:51:36,Misty Creek Grove,person,person,0.802
2026-08-02,11:51:37,Pine Hollow Zone,person,person,0.8561
2026-08-02,11:51:37,Misty Creek Grove,person,person,0.8226
2026-08-02,11:51:37,Greywood Edge,person,person,0.5503
2026-08-02,11:51:38,Misty Creek Grove,cat,cat,0.459
2026-08-02,11:51:38,North Ridge Forest,person,person,0.8119
2026-08-02,11:51:39,Elderleaf Basin,person,person,0.8918
2026-08-02,11:51:39,Misty Creek Grove,person,person,0.9007
2026-08-02,11:51:40,Misty Creek Grove,person,person,0.892
2026-08-02,11:51:40,Elderleaf Basin,person,person,0.9239
2026-08-02,11:51:41,Misty Creek Grove,person,person,0.9023
2026-08-02,11:51:41,Elderleaf Basin,person,person,0.9231
2026-08-02,11:51:41,North Ridge Forest,person,person,0.9255
2026-08-02,11:55:56,Elderleaf Basin,person,person,0.846
2026-08-02,11:55:57,Misty Creek Grove,person,person,0.8455
2026-08-02,11:55:57,Greywood Edge,person,person,0.851
2026-08-02,11:55:57,North Ridge Forest,person,person,0.8299
2026-08-02,11:55:58,North Ridge Forest,person,person,0.8257
2026-08-02,11:55:58,Pine Hollow Zone,person,person,0.7419
2026-08-02,11:55:58,Elderleaf Basin,person,person,0.7488
2026-08-02,11:55:59,Greywood Edge,person,person,0.6444
2026-08-02,11:55:59,Pine Hollow Zone,person,person,0.6271
2026-08-02,11:56:00,Elderleaf Basin,person,person,0.5208
2026-08-02,11:56:00,Elderleaf Basin,person,person,0.5129
2026-08-02,11:56:00,North Ridge Forest,person,person,0.7808
2026-08-02,11:56:01,Fernvale Thicket,person,person,0.7712
2026-08-02,11:56:01,Misty Creek Grove,person,person,0.8094
2026-08-02,11:56:02,Pine Hollow Zone,person,person,0.8126
2026-08-02,12:56:16,Pine Hollow Zone,person,person,0.8361
2026-08-02,12:56:16,Misty Creek Grove,person,person,0.8276
2026-08-02,12:56:17,Misty Creek Grove,person,person,0.85
2026-08-02,12:56:17,Greywood Edge,person,person,0.7865
2026-08-02,12:56:17,North Ridge Forest,person,person,0.8147
2026-08-02,12:56:18,Fernvale Thicket,person,person,0.5809
2026-08-02,12:56:18,Misty Creek Grove,person,person,0.8658
2026-08-02,12:56:19,Greywood Edge,person,person,0.7831
2026-08-02,12:56:19,North Ridge Forest,dog,dog,0.6439
2026-08-02,12:56:20,Pine Hollow Zone,cow,cow,0.7321
2026-08-02,12:56:20,Misty Creek Grove,dog,dog,0.6971
2026-08-02,12:56:20,Greywood Edge,dog,dog,0.4734
2026-08-02,12:56:21,Pine Hollow Zone,dog,dog,0.8162
2026-08-02,12:56:21,North Ridge Forest,dog,dog,0.6934
2026-08-02,12:56:21,Greywood Edge,cow,cow,0.4631
2026-08-02,12:56:22,Misty Creek Grove,cow,cow,0.5006
2026-08-02,12:56:22,North Ridge Forest,horse,horse,0.588
2026-08-02,12:56:22,Elderleaf Basin,person,person,0.4584
2026-08-02,12:56:23,Misty Creek Grove,cow,cow,0.627
2026-08-02,12:56:23,Elderleaf Basin,person,person,0.5599
2026-08-02,12:56:23,Misty Creek Grove,cow,cow,0.7122
2026-08-02,12:56:23,Misty Creek Grove,dog,dog,0.4874
2026-08-02,12:56:24,Elderleaf Basin,cow,cow,0.8954
2026-08-02,12:56:24,Misty Creek Grove,cow,cow,0.9004
2026-08-02,12:56:24,Elderleaf Basin,person,person,0.7093
2026-08-02,12:56:25,Elderleaf Basin,cow,cow,0.9273
2026-08-02,12:56:25,North Ridge Forest,person,person,0.7743
2026-08-02,12:56:25,Greywood Edge,person,person,0.674
2026-08-02,12:56:25,Pine Hollow Zone,dog,dog,0.6402
2026-08-02,12:56:25,Elderleaf Basin,person,person,0.4581
2026-08-02,12:56:26,Greywood Edge,dog,dog,0.7116
2026-08-02,12:56:27,Elderleaf Basin,cow,cow,0.5633
2026-08-02,12:56:27,North Ridge Forest,dog,dog,0.5135
2026-08-02,12:56:28,Greywood Edge,dog,dog,0.4707
2026-08-02,12:56:29,North Ridge Forest,dog,dog,0.5263
2026-08-02,12:56:29,Greywood Edge,cow,cow,0.6915
2026-08-02,12:56:30,Greywood Edge,dog,dog,0.5339
2026-08-02,12:56:30,Elderleaf Basin,dog,dog,0.7146
2026-08-02,12:56:30,North Ridge Forest,cow,cow,0.8748
2026-08-02,12:56:31,Elderleaf Basin,cow,cow,0.8622
2026-08-02,12:56:31,Elderleaf Basin,cow,cow,0.9028
2026-08-02,12:56:32,Fernvale Thicket,cow,cow,0.8955
2026-08-02,12:56:32,North Ridge Forest,cow,cow,0.8684
2026-08-02,12:56:33,Elderleaf Basin,cow,cow,0.841
2026-08-02,12:56:33,Pine Hollow Zone,cow,cow,0.6804
2026-08-02,12:56:33,Greywood Edge,dog,dog,0.5056
2026-08-02,12:56:33,Pine Hollow Zone,cow,cow,0.7372
2026-08-02,12:56:34,Elderleaf Basin,cow,cow,0.8548
2026-08-02,12:56:34,Fernvale Thicket,cow,cow,0.8557
2026-08-02,12:56:34,Misty Creek Grove,cow,cow,0.7001
2026-08-02,12:56:35,Greywood Edge,cow,cow,0.851
2026-08-02,12:56:35,Pine Hollow Zone,dog,dog,0.6447
2026-08-02,12:56:36,Fernvale Thicket,dog,dog,0.7855
2026-08-02,12:56:36,Pine Hollow Zone,dog,dog,0.7266
2026-08-02,12:56:37,Elderleaf Basin,dog,dog,0.6206
2026-08-02,12:56:37,North Ridge Forest,cow,cow,0.8174
2026-08-02,12:56:37,Fernvale Thicket,cow,cow,0.8211
2026-08-02,12:56:38,Misty Creek Grove,cow,cow,0.6687
2026-08-02,12:56:38,Elderleaf Basin,cow,cow,0.6576
2026-08-02,12:56:39,North Ridge Forest,cow,cow,0.7004
2026-08-02,12:56:39,North Ridge Forest,cow,cow,0.9144
2026-08-02,12:56:40,North Ridge Forest,cow,cow,0.9047
2026-08-02,12:56:40,Misty Creek Grove,cow,cow,0.818
2026-08-02,12:56:41,Fernvale Thicket,cow,cow,0.7628
2026-08-02,12:56:41,Greywood Edge,cow,cow,0.7109
2026-08-02,12:56:42,Greywood Edge,cow,cow,0.7741
2026-08-02,12:56:42,North Ridge Forest,cow,cow,0.8296
2026-08-02,12:56:43,Fernvale Thicket,cow,cow,0.8513
2026-08-02,12:56:43,Fernvale Thicket,cow,cow,0.526
2026-08-02,12:56:44,Pine Hollow Zone,person,person,0.6511
2026-08-02,12:56:44,Elderleaf Basin,person,person,0.7996
2026-08-02,12:56:44,Misty Creek Grove,person,person,0.8576
2026-08-02,12:56:58,Fernvale Thicket,person,person,0.4934
2026-08-02,12:56:59,Greywood Edge,person,person,0.5322
2026-08-02,12:56:59,Greywood Edge,person,person,0.8329
2026-08-02,12:57:00,North Ridge Forest,person,person,0.4536
2026-08-02,12:57:01,Pine Hollow Zone,person,person,0.4813
2026-08-02,12:57:02,Misty Creek Grove,person,person,0.5515
2026-08-02,12:57:02,North Ridge Forest,person,person,0.4588
2026-08-02,12:57:03,Pine Hollow Zone,person,person,0.5986
2026-08-02,12:57:04,North Ridge Forest,person,person,0.5209
2026-08-02,12:57:04,North Ridge Forest,person,person,0.5374
2026-08-02,12:57:05,Misty Creek Grove,person,person,0.5232
2026-08-02,12:57:06,North Ridge Forest,person,person,0.549
2026-08-02,12:57:06,Fernvale Thicket,person,person,0.6013
2026-08-02,12:57:07,Greywood Edge,person,person,0.678
2026-08-02,12:57:07,Greywood Edge,person,person,0.7178
2026-08-02,12:57:08,Misty Creek Grove,person,person,0.7615
2026-08-02,12:57:08,Greywood Edge,person,person,0.6109
2026-08-02,12:57:09,Fernvale Thicket,person,person,0.5769
2026-08-02,12:57:10,Fernvale Thicket,person,person,0.5421
2026-08-02,12:57:10,Elderleaf Basin,person,person,0.556
2026-08-02,12:57:11,Pine Hollow Zone,person,person,0.5953
2026-08-02,12:57:11,Pine Hollow Zone,person,person,0.5351
2026-08-02,12:57:12,Misty Creek Grove,person,person,0.6773
2026-08-02,12:57:12,Fernvale Thicket,person,person,0.7866
2026-08-02,12:57:12,Greywood Edge,person,person,0.4684
2026-08-02,12:57:13,Pine Hollow Zone,person,person,0.7293
2026-08-02,12:57:13,Pine Hollow Zone,person,person,0.7512
2026-08-02,12:57:14,Misty Creek Grove,person,person,0.8354
2026-08-02,12:57:14,Misty Creek Grove,person,person,0.8266
2026-08-02,12:57:15,Fernvale Thicket,person,person,0.8383
2026-08-02,12:57:15,Misty Creek Grove,person,person,0.803
2026-08-02,12:57:16,Misty Creek Grove,person,person,0.8091
2026-08-02,12:57:25,Elderleaf Basin,person,person,0.5108
2026-08-02,12:57:26,North Ridge Forest,person,person,0.6381
2026-08-02,12:57:26,Elderleaf Basin,person,person,0.544
2026-08-02,12:57:26,Misty Creek Grove,person,person,0.7364
2026-08-02,12:57:27,Misty Creek Grove,cow,cow,0.5788
2026-08-02,12:57:33,North Ridge Forest,person,person,0.8048
2026-08-02,12:57:33,Elderleaf Basin,person,person,0.7366
2026-08-02,12:57:34,Fernvale Thicket,person,person,0.6691
2026-08-02,12:57:34,Misty Creek Grove,person,person,0.8021
2026-08-02,12:57:35,Elderleaf Basin,person,person,0.6815
2026-08-02,12:57:35,Fernvale Thicket,person,person,0.8082
2026-08-02,12:57:36,North Ridge Forest,person,person,0.7656
2026-08-02,12:57:36,Greywood Edge,person,person,0.8268
2026-08-02,12:57:54,Greywood Edge,person,person,0.6553
2026-08-02,12:57:55,Misty Creek Grove,person,person,0.7287
2026-08-02,12:57:55,North Ridge Forest,person,person,0.8168
2026-08-02,12:58:05,Pine Hollow Zone,person,person,0.8783
2026-08-02,12:58:06,Misty Creek Grove,person,person,0.8404
2026-08-02,12:58:06,Pine Hollow Zone,person,person,0.8058
2026-08-02,12:58:06,Elderleaf Basin,person,person,0.8393
2026-08-02,12:58:07,Pine Hollow Zone,person,person,0.7552
2026-08-02,12:58:07,Misty Creek Grove,person,person,0.5004
2026-08-02,12:58:08,Misty Creek Grove,zebra,zebra,0.8843
2026-08-02,12:58:08,Misty Creek Grove,zebra,zebra,0.8275
2026-08-02,12:58:08,Greywood Edge,zebra,zebra,0.8928
2026-08-02,12:58:08,Misty Creek Grove,zebra,zebra,0.8814
2026-08-02,12:58:09,Greywood Edge,zebra,zebra,0.8876
2026-08-02,12:58:09,Greywood Edge,zebra,zebra,0.8451
2026-08-02,12:58:09,Elderleaf Basin,zebra,zebra,0.759
2026-08-02,12:58:09,Elderleaf Basin,zebra,zebra,0.907
2026-08-02,12:58:09,Fernvale Thicket,zebra,zebra,0.8999
2026-08-02,12:58:09,Pine Hollow Zone,zebra,zebra,0.7421
2026-08-02,12:58:10,North Ridge Forest,zebra,zebra,0.9218
2026-08-02,12:58:10,Elderleaf Basin,zebra,zebra,0.7609
2026-08-02,12:58:10,Misty Creek Grove,zebra,zebra,0.8854
2026-08-02,12:58:10,Pine Hollow Zone,zebra,zebra,0.8603
2026-08-02,12:58:11,Elderleaf Basin,zebra,zebra,0.8342
2026-08-02,12:58:11,Pine Hollow Zone,zebra,zebra,0.8137
2026-08-02,12:58:11,Fernvale Thicket,zebra,zebra,0.8073
2026-08-02,12:58:11,Greywood Edge,zebra,zebra,0.6455
2026-08-02,12:58:11,North Ridge Forest,zebra,zebra,0.4658
2026-08-02,12:58:11,North Ridge Forest,zebra,zebra,0.4565
2026-08-02,12:58:12,Elderleaf Basin,zebra,zebra,0.8928
2026-08-02,12:58:12,Greywood Edge,zebra,zebra,0.8698
2026-08-02,12:58:12,North Ridge Forest,zebra,zebra,0.6228
2026-08-02,12:58:12,Fernvale Thicket,zebra,zebra,0.9073
2026-08-02,12:58:12,Greywood Edge,zebra,zebra,0.8909
2026-08-02,12:58:12,Greywood Edge,zebra,zebra,0.6673
2026-08-02,12:58:13,North Ridge Forest,zebra,zebra,0.9417
2026-08-02,12:58:13,Elderleaf Basin,zebra,zebra,0.9203
2026-08-02,12:58:13,Greywood Edge,zebra,zebra,0.8066
2026-08-02,12:58:13,Elderleaf Basin,zebra,zebra,0.9358
2026-08-02,12:58:13,Pine Hollow Zone,zebra,zebra,0.9022
2026-08-02,12:58:13,Greywood Edge,zebra,zebra,0.7093
2026-08-02,12:58:14,Misty Creek Grove,zebra,zebra,0.9015
2026-08-02,12:58:14,Fernvale Thicket,zebra,zebra,0.867
2026-08-02,12:58:14,Fernvale Thicket,zebra,zebra,0.5686
2026-08-02,12:58:15,Greywood Edge,zebra,zebra,0.9103
2026-08-02,12:58:15,Pine Hollow Zone,zebra,zebra,0.8682
2026-08-02,12:58:15,Misty Creek Grove,zebra,zebra,0.5937
2026-08-02,12:58:15,Greywood Edge,zebra,zebra,0.9116
2026-08-02,12:58:15,Elderleaf Basin,zebra,zebra,0.8815
2026-08-02,12:58:15,Greywood Edge,zebra,zebra,0.7029
2026-08-02,12:58:16,Misty Creek Grove,zebra,zebra,0.8941
2026-08-02,12:58:16,Misty Creek Grove,zebra,zebra,0.8066
2026-08-02,12:58:16,Fernvale Thicket,zebra,zebra,0.9114
2026-08-02,12:58:16,Misty Creek Grove,zebra,zebra,0.8856
2026-08-02,12:58:16,Fernvale Thicket,zebra,zebra,0.7381
2026-08-02,12:58:16,Pine Hollow Zone,zebra,zebra,0.9173
2026-08-02,12:58:16,Fernvale Thicket,zebra,zebra,0.9005
2026-08-02,12:58:16,Fernvale Thicket,zebra,zebra,0.7848
2026-08-02,12:58:17,North Ridge Forest,zebra,zebra,0.919
2026-08-02,12:58:17,Pine Hollow Zone,zebra,zebra,0.9189
2026-08-02,12:58:17,Elderleaf Basin,zebra,zebra,0.7413
2026-08-02,12:58:18,Pine Hollow Zone,zebra,zebra,0.9006
2026-08-02,12:58:18,Misty Creek Grove,zebra,zebra,0.8488
2026-08-02,12:58:18,Greywood Edge,zebra,zebra,0.7088
2026-08-02,12:58:18,Fernvale Thicket,zebra,zebra,0.9073
2026-08-02,12:58:18,Misty Creek Grove,zebra,zebra,0.8896
2026-08-02,12:58:18,Fernvale Thicket,zebra,zebra,0.7163
2026-08-02,12:58:18,North Ridge Forest,zebra,zebra,0.8933
2026-08-02,12:58:18,North Ridge Forest,zebra,zebra,0.8897
2026-08-02,12:58:18,Misty Creek Grove,zebra,zebra,0.7829
2026-08-02,12:58:19,Misty Creek Grove,zebra,zebra,0.9105
2026-08-02,12:58:19,Fernvale Thicket,zebra,zebra,0.9056
2026-08-02,12:58:19,Greywood Edge,zebra,zebra,0.8378
2026-08-02,12:58:19,Fernvale Thicket,zebra,zebra,0.913
2026-08-02,12:58:19,Pine Hollow Zone,zebra,zebra,0.8892
2026-08-02,12:58:19,Pine Hollow Zone,zebra,zebra,0.7276
2026-08-02,12:58:20,Misty Creek Grove,zebra,zebra,0.9202
2026-08-02,12:58:20,Elderleaf Basin,zebra,zebra,0.8906
2026-08-02,12:58:20,Greywood Edge,zebra,zebra,0.7251
2026-08-02,12:58:20,Fernvale Thicket,zebra,zebra,0.9174
2026-08-02,12:58:20,Fernvale Thicket,zebra,zebra,0.8921
2026-08-02,12:58:20,Greywood Edge,zebra,zebra,0.7533
2026-08-02,12:58:21,Misty Creek Grove,person,person,0.6294
2026-08-02,12:58:21,North Ridge Forest,person,person,0.7972
2026-08-02,12:58:22,Misty Creek Grove,person,person,0.8174
2026-08-02,12:58:22,Pine Hollow Zone,person,person,0.753
2026-08-02,12:58:23,North Ridge Forest,person,person,0.8244
2026-08-02,12:58:23,Elderleaf Basin,person,person,0.8297
2026-08-02,12:58:24,Elderleaf Basin,person,person,0.8381
2026-08-02,12:58:24,Misty Creek Grove,person,person,0.838
2026-08-02,12:58:25,Pine Hollow Zone,person,person,0.8391
2026-08-02,12:58:25,Pine Hollow Zone,person,person,0.8416
2026-08-02,12:58:25,Greywood Edge,person,person,0.794
2026-08-02,12:58:55,North Ridge Forest,person,person,0.872
2026-08-02,12:58:56,North Ridge Forest,person,person,0.8745
2026-08-02,12:58:56,Misty Creek Grove,person,person,0.8032
2026-08-02,12:58:57,Elderleaf Basin,person,person,0.8517
2026-08-02,12:58:57,Misty Creek Grove,person,person,0.7426
2026-08-02,12:58:57,North Ridge Forest,person,person,0.6121
2026-08-02,12:58:57,Fernvale Thicket,person,person,0.5389
2026-08-02,12:58:57,North Ridge Forest,person,person,0.5238
2026-08-02,12:58:58,Misty Creek Grove,person,person,0.5117
2026-08-02,12:58:58,Misty Creek Grove,person,person,0.4765
2026-08-02,12:59:00,Elderleaf Basin,elephant,elephant,0.4557
2026-08-02,12:59:01,Fernvale Thicket,elephant,elephant,0.7212
2026-08-02,12:59:03,Elderleaf Basin,elephant,elephant,0.7208
2026-08-02,12:59:06,Fernvale Thicket,person,person,0.7248
2026-08-02,12:59:06,Elderleaf Basin,person,person,0.6823
2026-08-02,12:59:06,Misty Creek Grove,person,person,0.6733
2026-08-02,12:59:07,Elderleaf Basin,person,person,0.7457
2026-08-02,12:59:07,Greywood Edge,person,person,0.7568
2026-08-02,12:59:08,Pine Hollow Zone,person,person,0.5499
2026-08-02,12:59:08,Greywood Edge,person,person,0.5352
2026-08-02,12:59:12,Misty Creek Grove,person,person,0.6772
2026-08-02,12:59:13,Pine Hollow Zone,person,person,0.8626
2026-08-02,12:59:13,Elderleaf Basin,person,person,0.8509
2026-08-02,12:59:14,Fernvale Thicket,person,person,0.8168
2026-08-02,12:59:14,Elderleaf Basin,person,person,0.8465
2026-08-02,12:59:14,Elderleaf Basin,person,person,0.8392
2026-08-02,12:59:15,Pine Hollow Zone,person,person,0.783
2026-08-02,12:59:15,Greywood Edge,person,person,0.8529
2026-08-02,12:59:16,Misty Creek Grove,person,person,0.8159
2026-08-02,12:59:16,Pine Hollow Zone,person,person,0.8203
2026-08-02,12:59:16,Greywood Edge,person,person,0.8258
2026-08-02,12:59:17,Misty Creek Grove,person,person,0.843
2026-08-02,12:59:17,Greywood Edge,person,person,0.7874
2026-08-02,12:59:18,Pine Hollow Zone,person,person,0.7162
2026-08-02,12:59:32,Pine Hollow Zone,person,person,0.8536
2026-08-02,12:59:33,Greywood Edge,person,person,0.8639
2026-08-02,12:59:33,Misty Creek Grove,person,person,0.6749
2026-08-02,12:59:33,Greywood Edge,dog,dog,0.4758
2026-08-02,12:59:34,Greywood Edge,person,person,0.5285
2026-08-02,12:59:34,Pine Hollow Zone,dog,dog,0.5229
2026-08-02,12:59:34,Pine Hollow Zone,person,person,0.5134
2026-08-02,12:59:34,Misty Creek Grove,person,person,0.698
2026-08-02,12:59:34,Pine Hollow Zone,cow,cow,0.6893
2026-08-02,12:59:34,North Ridge Forest,horse,horse,0.4696
2026-08-02,12:59:35,North Ridge Forest,person,person,0.5145
2026-08-02,12:59:35,Greywood Edge,horse,horse,0.5003
2026-08-02,12:59:36,Elderleaf Basin,cow,cow,0.8935
2026-08-02,12:59:36,Elderleaf Basin,person,person,0.7223
2026-08-02,12:59:36,North Ridge Forest,cow,cow,0.7175
2026-08-02,12:59:36,Pine Hollow Zone,person,person,0.5207
2026-08-02,12:59:37,Fernvale Thicket,horse,horse,0.5123
2026-08-02,12:59:37,Pine Hollow Zone,horse,horse,0.5312
2026-08-02,12:59:38,Misty Creek Grove,cow,cow,0.4711
2026-08-02,12:59:38,North Ridge Forest,horse,horse,0.6942
2026-08-02,12:59:38,Pine Hollow Zone,horse,horse,0.5898
2026-08-02,12:59:38,Fernvale Thicket,person,person,0.4853
2026-08-02,12:59:39,Pine Hollow Zone,horse,horse,0.5787
2026-08-02,12:59:39,North Ridge Forest,cow,cow,0.698
2026-08-02,12:59:39,North Ridge Forest,person,person,0.6519
2026-08-02,12:59:40,North Ridge Forest,horse,horse,0.4937
2026-08-02,12:59:40,Misty Creek Grove,cow,cow,0.6188
2026-08-02,12:59:40,North Ridge Forest,person,person,0.4712
2026-08-02,12:59:40,Elderleaf Basin,horse,horse,0.702
2026-08-02,12:59:41,North Ridge Forest,horse,horse,0.5868
2026-08-02,12:59:41,Misty Creek Grove,cow,cow,0.557
2026-08-02,12:59:41,Misty Creek Grove,horse,horse,0.4601
2026-08-02,12:59:42,Elderleaf Basin,cow,cow,0.5992
2026-08-02,12:59:42,Elderleaf Basin,horse,horse,0.706
2026-08-02,12:59:42,Fernvale Thicket,horse,horse,0.5797
2026-08-02,12:59:43,North Ridge Forest,horse,horse,0.7041
2026-08-02,12:59:43,Fernvale Thicket,cow,cow,0.5791
2026-08-02,12:59:44,Misty Creek Grove,horse,horse,0.5676
2026-08-02,12:59:44,Greywood Edge,cow,cow,0.4655
2026-08-02,12:59:44,Greywood Edge,cow,cow,0.5435
2026-08-02,12:59:44,North Ridge Forest,cow,cow,0.6571
2026-08-02,12:59:45,Pine Hollow Zone,person,person,0.8727
2026-08-02,12:59:46,Fernvale Thicket,person,person,0.8633
2026-08-02,12:59:46,Fernvale Thicket,person,person,0.8661
2026-08-02,12:59:46,North Ridge Forest,person,person,0.8729
2026-08-02,12:59:47,Fernvale Thicket,person,person,0.8686
2026-08-02,13:02:43,Misty Creek Grove,person,person,0.855
2026-08-02,13:02:43,Elderleaf Basin,person,person,0.8188
2026-08-02,13:02:44,North Ridge Forest,person,person,0.8193
2026-08-02,13:02:44,Greywood Edge,person,person,0.8379
2026-08-02,13:02:44,Elderleaf Basin,person,person,0.7215
2026-08-02,13:02:45,Elderleaf Basin,person,person,0.6372
2026-08-02,13:02:45,Misty Creek Grove,horse,horse,0.7694
2026-08-02,13:02:45,Greywood Edge,horse,horse,0.5765
2026-08-02,13:02:46,Misty Creek Grove,person,person,0.7029
2026-08-02,13:02:46,Greywood Edge,person,person,0.4924
2026-08-02,13:02:47,Greywood Edge,horse,horse,0.8443
2026-08-02,13:02:47,Elderleaf Basin,horse,horse,0.7737
2026-08-02,13:02:47,Fernvale Thicket,horse,horse,0.6356
2026-08-02,13:02:47,Misty Creek Grove,horse,horse,0.4888
2026-08-02,13:02:47,North Ridge Forest,horse,horse,0.7213
2026-08-02,13:02:47,Greywood Edge,horse,horse,0.7078
2026-08-02,13:02:48,Greywood Edge,horse,horse,0.8602
2026-08-02,13:02:48,Misty Creek Grove,horse,horse,0.859
2026-08-02,13:02:48,Misty Creek Grove,horse,horse,0.6756
2026-08-02,13:02:48,Fernvale Thicket,horse,horse,0.6897
2026-08-02,13:02:48,Misty Creek Grove,horse,horse,0.7275
2026-08-02,13:02:48,North Ridge Forest,horse,horse,0.5425
2026-08-02,13:02:49,Misty Creek Grove,horse,horse,0.8495
2026-08-02,13:02:49,Greywood Edge,horse,horse,0.6925
2026-08-02,13:02:49,Greywood Edge,horse,horse,0.6751
2026-08-02,13:02:49,Elderleaf Basin,horse,horse,0.8603
2026-08-02,13:02:49,Elderleaf Basin,horse,horse,0.833
2026-08-02,13:02:49,Elderleaf Basin,horse,horse,0.6385
2026-08-02,13:02:50,Misty Creek Grove,horse,horse,0.8861
2026-08-02,13:02:50,Elderleaf Basin,horse,horse,0.8256
2026-08-02,13:02:50,Pine Hollow Zone,horse,horse,0.7942
2026-08-02,13:02:50,Greywood Edge,horse,horse,0.8146
2026-08-02,13:02:50,Elderleaf Basin,dog,dog,0.5139
2026-08-02,13:02:51,Pine Hollow Zone,horse,horse,0.7573
2026-08-02,13:02:51,Pine Hollow Zone,horse,horse,0.7443
2026-08-02,13:02:51,Misty Creek Grove,horse,horse,0.5136
2026-08-02,13:02:51,Fernvale Thicket,horse,horse,0.7311
2026-08-02,13:02:51,North Ridge Forest,horse,horse,0.5938
2026-08-02,13:02:51,Elderleaf Basin,horse,horse,0.519
2026-08-02,13:02:52,Greywood Edge,horse,horse,0.761
2026-08-02,13:02:52,Greywood Edge,horse,horse,0.6935
2026-08-02,13:02:52,Greywood Edge,horse,horse,0.5503
2026-08-02,13:02:52,Fernvale Thicket,horse,horse,0.7905
2026-08-02,13:02:52,Misty Creek Grove,horse,horse,0.7864
2026-08-02,13:02:52,Elderleaf Basin,horse,horse,0.5523
2026-08-02,13:02:52,Greywood Edge,horse,horse,0.8697
2026-08-02,13:02:52,Elderleaf Basin,horse,horse,0.7908
2026-08-02,13:02:53,Elderleaf Basin,horse,horse,0.6612
2026-08-02,13:02:53,Elderleaf Basin,horse,horse,0.579
2026-08-02,13:02:53,Greywood Edge,person,person,0.5672
2026-08-02,13:02:53,Pine Hollow Zone,person,person,0.4944
2026-08-02,13:02:53,North Ridge Forest,horse,horse,0.4541
2026-08-02,13:02:53,North Ridge Forest,person,person,0.6356
2026-08-02,13:02:54,North Ridge Forest,person,person,0.7198
2026-08-02,13:02:54,Misty Creek Grove,person,person,0.7697
2026-08-02,13:02:55,Fernvale Thicket,person,person,0.7192
2026-08-02,13:02:55,Misty Creek Grove,person,person,0.6693
2026-08-02,13:02:55,Fernvale Thicket,person,person,0.7345
2026-08-02,13:02:56,Misty Creek Grove,person,person,0.7608
2026-08-02,13:02:56,Greywood Edge,person,person,0.7936
2026-08-02,13:03:25,Elderleaf Basin,person,person,0.7315
2026-08-02,13:03:26,Greywood Edge,person,person,0.7422
2026-08-02,13:03:27,Fernvale Thicket,person,person,0.4508
2026-08-02,13:03:27,Pine Hollow Zone,dog,dog,0.8197
2026-08-02,13:03:27,Greywood Edge,person,person,0.528
2026-08-02,13:03:27,Pine Hollow Zone,cat,cat,0.5124
2026-08-02,13:03:28,Fernvale Thicket,person,person,0.4611
2026-08-02,13:03:28,North Ridge Forest,person,person,0.6164
2026-08-02,13:03:29,Misty Creek Grove,person,person,0.8157
2026-08-02,13:03:29,North Ridge Forest,dog,dog,0.5264
2026-08-02,13:03:29,North Ridge Forest,person,person,0.8454
2026-08-02,13:03:29,Misty Creek Grove,person,person,0.7606
2026-08-02,13:03:29,Greywood Edge,dog,dog,0.6113
2026-08-02,13:03:30,North Ridge Forest,dog,dog,0.8276
2026-08-02,13:03:30,Greywood Edge,dog,dog,0.5329
2026-08-02,13:03:30,Misty Creek Grove,dog,dog,0.8509
2026-08-02,13:03:30,Pine Hollow Zone,dog,dog,0.5843
2026-08-02,13:03:31,Misty Creek Grove,dog,dog,0.8678
2026-08-02,13:03:31,Fernvale Thicket,dog,dog,0.7237
2026-08-02,13:03:31,Elderleaf Basin,dog,dog,0.8271
2026-08-02,13:03:31,Pine Hollow Zone,dog,dog,0.7297
2026-08-02,13:03:31,North Ridge Forest,dog,dog,0.8498
2026-08-02,13:03:31,Elderleaf Basin,dog,dog,0.7914
2026-08-02,13:03:32,Elderleaf Basin,dog,dog,0.8557
2026-08-02,13:03:32,North Ridge Forest,dog,dog,0.5797
2026-08-02,13:03:32,Elderleaf Basin,dog,dog,0.8975
2026-08-02,13:03:32,North Ridge Forest,dog,dog,0.805
2026-08-02,13:03:33,Greywood Edge,dog,dog,0.8564
2026-08-02,13:03:33,North Ridge Forest,dog,dog,0.8321
2026-08-02,13:03:33,Greywood Edge,dog,dog,0.8875
2026-08-02,13:03:33,Fernvale Thicket,dog,dog,0.7492
2026-08-02,13:03:33,Fernvale Thicket,dog,dog,0.8409
2026-08-02,13:03:33,Fernvale Thicket,dog,dog,0.7638
2026-08-02,13:03:34,Fernvale Thicket,dog,dog,0.7783
2026-08-02,13:03:34,Fernvale Thicket,dog,dog,0.7422
2026-08-02,13:03:34,Greywood Edge,dog,dog,0.7898
2026-08-02,13:03:34,Misty Creek Grove,dog,dog,0.7853
2026-08-02,13:03:35,North Ridge Forest,dog,dog,0.7744
2026-08-02,13:03:35,Pine Hollow Zone,dog,dog,0.7645
2026-08-02,13:03:35,Greywood Edge,dog,dog,0.8864
2026-08-02,13:03:35,Elderleaf Basin,dog,dog,0.4792
2026-08-02,13:03:36,Pine Hollow Zone,dog,dog,0.8725
2026-08-02,13:03:36,Misty Creek Grove,dog,dog,0.8655
2026-08-02,13:03:36,Greywood Edge,dog,dog,0.7909
2026-08-02,13:03:36,Pine Hollow Zone,person,person,0.4833
2026-08-02,13:03:37,North Ridge Forest,dog,dog,0.8508
2026-08-02,13:03:37,Fernvale Thicket,person,person,0.5741
2026-08-02,13:03:37,North Ridge Forest,dog,dog,0.856
2026-08-02,13:03:37,Greywood Edge,dog,dog,0.6534
2026-08-02,13:03:37,Elderleaf Basin,person,person,0.4835
2026-08-02,13:03:38,Misty Creek Grove,dog,dog,0.6469
2026-08-02,13:03:38,Greywood Edge,cat,cat,0.5495
2026-08-02,13:03:38,Misty Creek Grove,person,person,0.483
2026-08-02,13:03:38,Greywood Edge,dog,dog,0.8077
2026-08-02,13:03:38,Greywood Edge,person,person,0.6196
2026-08-02,13:03:39,Pine Hollow Zone,dog,dog,0.8735
2026-08-02,13:03:39,Elderleaf Basin,person,person,0.7726
2026-08-02,13:03:39,Pine Hollow Zone,dog,dog,0.7464
2026-08-02,13:03:39,Fernvale Thicket,person,person,0.8535
2026-08-02,13:03:39,Elderleaf Basin,dog,dog,0.7528
2026-08-02,13:03:39,Misty Creek Grove,person,person,0.7235
2026-08-02,13:03:39,Greywood Edge,dog,dog,0.615
2026-08-02,13:03:39,Elderleaf Basin,dog,dog,0.6027
2026-08-02,13:03:40,Greywood Edge,dog,dog,0.8907
2026-08-02,13:03:40,Misty Creek Grove,person,person,0.8195
2026-08-02,13:03:40,Misty Creek Grove,person,person,0.8433
2026-08-02,13:03:40,Fernvale Thicket,dog,dog,0.6929
2026-08-02,13:03:41,Pine Hollow Zone,person,person,0.7546
2026-08-02,13:03:42,Fernvale Thicket,person,person,0.7094
2026-08-02,13:03:42,Pine Hollow Zone,person,person,0.7697
2026-08-02,13:03:42,Elderleaf Basin,person,person,0.5944
2026-08-02,14:12:45,Elderleaf Basin,person,person,0.7954
2026-08-02,14:12:45,Misty Creek Grove,person,person,0.8128
2026-08-02,14:12:46,North Ridge Forest,person,person,0.8343
2026-08-02,14:12:46,Greywood Edge,person,person,0.8435
2026-08-02,14:12:46,Misty Creek Grove,person,person,0.8218
2026-08-02,14:12:46,North Ridge Forest,person,person,0.8183
2026-08-02,14:12:47,Misty Creek Grove,person,person,0.7945
2026-08-02,14:12:47,Fernvale Thicket,person,person,0.8044
2026-08-02,14:12:47,Misty Creek Grove,person,person,0.7935
2026-08-02,14:12:47,Elderleaf Basin,person,person,0.8013
2026-08-02,14:12:48,North Ridge Forest,person,person,0.8267
2026-08-02,14:12:48,Pine Hollow Zone,person,person,0.7955
2026-08-02,14:12:48,Elderleaf Basin,person,person,0.8062
2026-08-02,14:12:49,Misty Creek Grove,person,person,0.7948
2026-08-02,14:12:49,Fernvale Thicket,person,person,0.81
2026-08-02,14:12:49,Elderleaf Basin,person,person,0.8094
2026-08-02,14:12:49,Misty Creek Grove,person,person,0.8132
2026-08-02,14:12:50,Elderleaf Basin,person,person,0.8001
2026-08-02,14:12:50,Elderleaf Basin,person,person,0.7997
2026-08-02,14:12:50,North Ridge Forest,person,person,0.8513
2026-08-02,14:12:50,Misty Creek Grove,person,person,0.8255
2026-08-02,14:12:51,Misty Creek Grove,person,person,0.8096
2026-08-02,14:12:51,Greywood Edge,person,person,0.8173
2026-08-02,14:12:51,Pine Hollow Zone,person,person,0.8193
2026-08-02,14:12:51,Misty Creek Grove,person,person,0.8162
2026-08-02,14:12:51,Elderleaf Basin,person,person,0.8215
2026-08-02,14:12:52,North Ridge Forest,person,person,0.8157
2026-08-02,14:12:52,Greywood Edge,person,person,0.8205
2026-08-02,14:12:52,Elderleaf Basin,person,person,0.8031
2026-08-02,14:12:53,Pine Hollow Zone,person,person,0.7812
2026-08-02,14:12:53,North Ridge Forest,person,person,0.8054
2026-08-02,14:12:53,Fernvale Thicket,person,person,0.8134
2026-08-02,14:12:53,Fernvale Thicket,person,person,0.842
2026-08-02,14:12:53,Misty Creek Grove,person,person,0.8398
2026-08-02,14:12:54,Elderleaf Basin,person,person,0.8247
2026-08-02,14:14:40,Elderleaf Basin,person,person,0.5568
2026-08-02,14:14:42,Misty Creek Grove,person,person,0.5598
2026-08-02,14:14:42,Misty Creek Grove,person,person,0.8978
2026-08-02,14:14:42,North Ridge Forest,person,person,0.7619
2026-08-02,14:14:42,Pine Hollow Zone,person,person,0.8807
2026-08-02,14:14:43,Greywood Edge,person,person,0.7376
2026-08-02,14:14:43,Greywood Edge,person,person,0.5914
2026-08-02,14:14:43,North Ridge Forest,person,person,0.5501
2026-08-02,14:14:44,Fernvale Thicket,person,person,0.5434
2026-08-02,14:14:45,Greywood Edge,person,person,0.5161
2026-08-02,14:14:46,North Ridge Forest,person,person,0.4653
2026-08-02,14:14:46,Fernvale Thicket,person,person,0.561
2026-08-02,14:14:46,Fernvale Thicket,person,person,0.5333
2026-08-02,14:14:46,Misty Creek Grove,person,person,0.5234
2026-08-02,14:14:47,Elderleaf Basin,person,person,0.7358
2026-08-02,14:14:47,Greywood Edge,cat,cat,0.4765
2026-08-02,14:14:47,Misty Creek Grove,cat,cat,0.711
2026-08-02,14:14:47,North Ridge Forest,person,person,0.5276
2026-08-02,14:14:48,Pine Hollow Zone,person,person,0.575
2026-08-02,14:14:48,North Ridge Forest,person,person,0.5911
2026-08-02,14:14:48,Greywood Edge,bus,bus,0.6723
2026-08-02,14:14:48,Elderleaf Basin,person,person,0.6184
2026-08-02,14:14:48,North Ridge Forest,person,person,0.8341
2026-08-02,14:14:48,Greywood Edge,bus,bus,0.6485
2026-08-02,14:14:48,North Ridge Forest,person,person,0.8394
2026-08-02,14:14:49,Elderleaf Basin,person,person,0.85
2026-08-02,14:14:49,Elderleaf Basin,bus,bus,0.4917
2026-08-02,14:14:49,Greywood Edge,person,person,0.8353
2026-08-02,14:14:49,Elderleaf Basin,person,person,0.7286
2026-08-02,14:14:49,Misty Creek Grove,person,person,0.7914
2026-08-02,14:14:50,Misty Creek Grove,person,person,0.6114
2026-08-02,14:14:50,Misty Creek Grove,person,person,0.6974
2026-08-02,14:14:50,Pine Hollow Zone,person,person,0.886
2026-08-02,14:14:50,Fernvale Thicket,person,person,0.8211
2026-08-02,14:14:51,Elderleaf Basin,person,person,0.8403
2026-08-02,14:14:51,Elderleaf Basin,person,person,0.9031
2026-08-02,14:14:51,Greywood Edge,person,person,0.6305
2026-08-02,14:14:51,North Ridge Forest,person,person,0.5749
2026-08-02,14:14:51,Misty Creek Grove,person,person,0.5798
2026-08-02,14:14:51,Misty Creek Grove,person,person,0.7501
2026-08-02,14:14:52,Fernvale Thicket,person,person,0.6634
2026-08-02,14:14:52,Greywood Edge,person,person,0.7711
2026-08-02,14:14:52,Pine Hollow Zone,bus,bus,0.5706
2026-08-02,14:14:52,Pine Hollow Zone,person,person,0.7512
2026-08-02,14:14:52,Elderleaf Basin,person,person,0.7773
2026-08-02,14:14:52,Fernvale Thicket,person,person,0.8196
2026-08-02,14:14:53,Greywood Edge,person,person,0.6379
2026-08-02,14:14:53,Elderleaf Basin,person,person,0.4832
2026-08-02,14:14:53,Greywood Edge,person,person,0.6299
2026-08-02,14:14:53,Greywood Edge,person,person,0.8354
2026-08-02,14:14:53,Fernvale Thicket,bus,bus,0.4859
2026-08-02,14:14:53,North Ridge Forest,person,person,0.7853
2026-08-02,14:14:53,Pine Hollow Zone,person,person,0.7925
2026-08-02,14:14:54,Greywood Edge,person,person,0.8428
2026-08-02,14:14:54,Fernvale Thicket,person,person,0.8313
2026-08-02,14:14:54,Greywood Edge,person,person,0.857
2026-08-02,14:14:54,North Ridge Forest,person,person,0.8396
2026-08-02,14:14:54,Elderleaf Basin,person,person,0.848
2026-08-02,14:14:54,Greywood Edge,person,person,0.8357
2026-08-02,14:14:54,Fernvale Thicket,person,person,0.7974
2026-08-02,14:14:55,Misty Creek Grove,person,person,0.7944
2026-08-02,14:14:55,Greywood Edge,bus,bus,0.456
2026-08-02,14:14:55,Pine Hollow Zone,person,person,0.8245
2026-08-02,14:14:55,Fernvale Thicket,person,person,0.8229
2026-08-02,14:14:55,Fernvale Thicket,person,person,0.8322
2026-08-02,14:14:55,Misty Creek Grove,bus,bus,0.5831
2026-08-02,14:14:55,Misty Creek Grove,person,person,0.7686
2026-08-02,14:14:55,Greywood Edge,person,person,0.8237
2026-08-02,14:14:55,Greywood Edge,bus,bus,0.5032
2026-08-02,14:14:56,Pine Hollow Zone,person,person,0.8214
2026-08-02,14:14:56,Elderleaf Basin,bus,bus,0.4633
2026-08-02,14:14:56,Fernvale Thicket,person,person,0.7266
2026-08-02,14:14:56,Misty Creek Grove,person,person,0.749
2026-08-02,14:14:56,North Ridge Forest,person,person,0.704
2026-08-02,14:14:56,Pine Hollow Zone,person,person,0.667
2026-08-02,14:14:56,Pine Hollow Zone,person,person,0.685
2026-08-02,14:14:56,Pine Hollow Zone,bus,bus,0.6443
2026-08-02,14:14:56,Fernvale Thicket,person,person,0.7229
2026-08-02,14:14:57,Misty Creek Grove,person,person,0.8098
2026-08-02,14:14:57,Pine Hollow Zone,person,person,0.7272
2026-08-02,14:14:57,Pine Hollow Zone,person,person,0.5732
2026-08-02,14:14:57,Greywood Edge,person,person,0.5057
2026-08-02,14:14:57,Elderleaf Basin,person,person,0.6704
2026-08-02,14:14:57,North Ridge Forest,person,person,0.8014
2026-08-02,14:14:58,Elderleaf Basin,person,person,0.7459
2026-08-02,14:14:58,Elderleaf Basin,person,person,0.5877
2026-08-02,14:14:58,North Ridge Forest,person,person,0.4879
2026-08-02,14:14:58,Elderleaf Basin,bus,bus,0.4705
2026-08-02,14:14:59,Pine Hollow Zone,bus,bus,0.4822
2026-08-02,14:14:59,Fernvale Thicket,person,person,0.4649
2026-08-02,14:15:00,Pine Hollow Zone,bus,bus,0.58
2026-08-02,14:15:02,Elderleaf Basin,bus,bus,0.5059
2026-08-02,14:15:04,Pine Hollow Zone,person,person,0.5289
2026-08-02,14:15:04,Greywood Edge,person,person,0.765
2026-08-02,14:15:04,Misty Creek Grove,person,person,0.6116
2026-08-02,14:15:04,Fernvale Thicket,person,person,0.7407
2026-08-02,14:15:04,North Ridge Forest,person,person,0.4588
2026-08-02,14:15:04,Elderleaf Basin,person,person,0.7584
2026-08-02,14:15:04,Elderleaf Basin,person,person,0.6408
2026-08-02,14:15:05,Fernvale Thicket,person,person,0.7737
2026-08-02,14:15:05,Greywood Edge,person,person,0.6331
2026-08-02,14:15:05,North Ridge Forest,person,person,0.6217
2026-08-02,14:15:05,Misty Creek Grove,person,person,0.5713
2026-08-02,14:15:06,North Ridge Forest,person,person,0.4506
2026-08-02,14:15:06,Fernvale Thicket,person,person,0.8709
2026-08-02,14:15:06,Elderleaf Basin,person,person,0.818
2026-08-02,14:15:07,North Ridge Forest,person,person,0.83
2026-08-02,14:15:07,Greywood Edge,person,person,0.7897
2026-08-02,14:15:07,Fernvale Thicket,person,person,0.8696
2026-08-02,14:15:07,Elderleaf Basin,person,person,0.805
2026-08-02,14:15:08,Elderleaf Basin,person,person,0.7746
2026-08-02,14:15:08,Greywood Edge,person,person,0.7429
2026-08-02,14:15:09,Misty Creek Grove,person,person,0.8169
2026-08-02,14:15:09,North Ridge Forest,person,person,0.8475
2026-08-02,14:15:10,Pine Hollow Zone,person,person,0.4639
2026-08-02,14:15:10,Pine Hollow Zone,person,person,0.8832
2026-08-02,14:15:11,Elderleaf Basin,person,person,0.7964
2026-08-02,14:15:11,Fernvale Thicket,person,person,0.5121
2026-08-02,14:15:12,Greywood Edge,person,person,0.5121
2026-08-02,14:15:12,Pine Hollow Zone,person,person,0.4878
2026-08-02,14:15:12,Misty Creek Grove,person,person,0.6466
2026-08-02,14:15:12,Greywood Edge,person,person,0.4664
2026-08-02,14:15:12,Fernvale Thicket,person,person,0.7694
2026-08-02,14:15:12,Greywood Edge,person,person,0.7769
2026-08-02,14:15:13,North Ridge Forest,person,person,0.8588
2026-08-02,14:15:13,Fernvale Thicket,person,person,0.8508
2026-08-02,14:15:13,North Ridge Forest,bus,bus,0.4516
2026-08-02,14:15:13,Elderleaf Basin,person,person,0.7677
2026-08-02,14:15:13,Misty Creek Grove,person,person,0.8406
2026-08-02,14:15:14,Fernvale Thicket,person,person,0.8806
2026-08-02,14:15:14,North Ridge Forest,person,person,0.8463
2026-08-02,14:15:14,Misty Creek Grove,person,person,0.8993
2026-08-02,14:15:14,Elderleaf Basin,bus,bus,0.5192
2026-08-02,14:15:14,Greywood Edge,person,person,0.8839
2026-08-02,14:15:14,Misty Creek Grove,person,person,0.9184
2026-08-02,14:15:14,Elderleaf Basin,bus,bus,0.4724
2026-08-02,14:15:15,Fernvale Thicket,person,person,0.9164
2026-08-02,14:15:15,Pine Hollow Zone,person,person,0.9149
2026-08-02,14:15:15,Fernvale Thicket,person,person,0.9097
2026-08-02,14:15:15,Pine Hollow Zone,bus,bus,0.4559
2026-08-02,14:15:15,Greywood Edge,person,person,0.91
2026-08-02,14:15:15,Elderleaf Basin,bus,bus,0.4805
2026-08-02,14:15:16,Pine Hollow Zone,person,person,0.9168
2026-08-02,14:15:16,Misty Creek Grove,person,person,0.9147
2026-08-02,14:15:16,Pine Hollow Zone,person,person,0.9247
2026-08-02,14:15:16,Misty Creek Grove,bus,bus,0.4587
2026-08-02,14:15:16,Greywood Edge,person,person,0.9088
2026-08-02,14:15:16,North Ridge Forest,bus,bus,0.6412
2026-08-02,14:15:17,Misty Creek Grove,person,person,0.914
2026-08-02,14:15:17,Pine Hollow Zone,bus,bus,0.5047
2026-08-02,14:15:17,Pine Hollow Zone,person,person,0.9157
2026-08-02,14:15:17,Misty Creek Grove,person,person,0.9185
2026-08-02,14:15:17,Pine Hollow Zone,bus,bus,0.7058
2026-08-02,14:15:17,North Ridge Forest,person,person,0.9081
2026-08-02,14:15:17,Greywood Edge,bus,bus,0.5367
2026-08-02,14:15:17,Greywood Edge,person,person,0.9258
2026-08-02,14:15:18,Greywood Edge,person,person,0.9067
2026-08-02,14:15:18,Pine Hollow Zone,bus,bus,0.6056
2026-08-02,14:15:18,Greywood Edge,person,person,0.9248
2026-08-02,14:15:18,Greywood Edge,person,person,0.9175
2026-08-02,14:15:18,Misty Creek Grove,person,person,0.6734
2026-08-02,14:15:18,Misty Creek Grove,person,person,0.8445
2026-08-02,14:15:19,Pine Hollow Zone,person,person,0.8703
2026-08-02,14:15:19,Elderleaf Basin,person,person,0.8811
2026-08-02,14:15:19,Greywood Edge,person,person,0.8894
2026-08-02,14:15:19,North Ridge Forest,person,person,0.8934
2026-08-02,14:15:19,Fernvale Thicket,person,person,0.9153
2026-08-02,14:15:20,Elderleaf Basin,person,person,0.9095
2026-08-02,14:15:20,North Ridge Forest,person,person,0.9191
2026-08-02,14:15:20,Pine Hollow Zone,person,person,0.9055
2026-08-02,14:15:20,Pine Hollow Zone,person,person,0.9245
2026-08-02,14:15:21,Elderleaf Basin,person,person,0.9301
2026-08-02,14:15:21,Greywood Edge,person,person,0.9276
2026-08-02,14:15:21,Greywood Edge,person,person,0.916
2026-08-02,14:15:40,Elderleaf Basin,person,person,0.6245
2026-08-02,14:15:40,Misty Creek Grove,person,person,0.6228
2026-08-02,14:15:40,North Ridge Forest,person,person,0.691
2026-08-02,14:15:40,Greywood Edge,person,person,0.6869
2026-08-02,14:15:40,Misty Creek Grove,person,person,0.6803
2026-08-02,14:15:40,Fernvale Thicket,person,person,0.6698
2026-08-02,14:15:40,Elderleaf Basin,person,person,0.7412
2026-08-02,14:15:40,Pine Hollow Zone,person,person,0.6249
2026-08-02,14:15:41,North Ridge Forest,person,person,0.6871
2026-08-02,14:15:41,Elderleaf Basin,person,person,0.6778
2026-08-02,14:15:41,North Ridge Forest,person,person,0.774
2026-08-02,14:15:41,Fernvale Thicket,person,person,0.6642
2026-08-02,14:15:41,Greywood Edge,person,person,0.694
2026-08-02,14:15:41,Misty Creek Grove,person,person,0.6181
2026-08-02,14:15:41,Elderleaf Basin,person,person,0.6987
2026-08-02,14:15:41,Misty Creek Grove,person,person,0.6981
2026-08-02,14:15:41,Fernvale Thicket,person,person,0.6472
2026-08-02,14:15:41,Misty Creek Grove,person,person,0.644
2026-08-02,14:15:42,Elderleaf Basin,person,person,0.6098
2026-08-02,14:15:42,Greywood Edge,person,person,0.5383
2026-08-02,14:15:42,Elderleaf Basin,person,person,0.5377
2026-08-02,14:15:42,Misty Creek Grove,person,person,0.604
2026-08-02,14:15:42,Fernvale Thicket,person,person,0.5529
2026-08-02,14:15:42,Misty Creek Grove,person,person,0.6624
2026-08-02,14:15:42,Greywood Edge,person,person,0.7337
2026-08-02,14:15:42,Fernvale Thicket,person,person,0.4729
2026-08-02,14:15:42,North Ridge Forest,person,person,0.8099
2026-08-02,14:15:42,Greywood Edge,person,person,0.7742
2026-08-02,14:15:42,Greywood Edge,person,person,0.6764
2026-08-02,14:15:42,North Ridge Forest,person,person,0.6408
2026-08-02,14:15:43,Elderleaf Basin,person,person,0.7772
2026-08-02,14:15:43,Elderleaf Basin,person,person,0.7176
2026-08-02,14:15:43,Misty Creek Grove,person,person,0.6352
2026-08-02,14:15:43,Misty Creek Grove,person,person,0.5431
2026-08-02,14:15:43,North Ridge Forest,person,person,0.8289
2026-08-02,14:15:43,Elderleaf Basin,person,person,0.922
2026-08-02,14:15:43,Elderleaf Basin,person,person,0.5241
2026-08-02,14:15:44,Pine Hollow Zone,person,person,0.9423
2026-08-02,14:15:44,Pine Hollow Zone,person,person,0.9515
2026-08-02,14:15:44,North Ridge Forest,person,person,0.9009
2026-08-02,14:15:44,Greywood Edge,person,person,0.9264
2026-08-02,14:15:44,Fernvale Thicket,person,person,0.9143
2026-08-02,14:15:44,Fernvale Thicket,person,person,0.9261
2026-08-02,14:15:45,Fernvale Thicket,person,person,0.926
2026-08-02,14:15:45,Elderleaf Basin,person,person,0.9303
2026-08-02,14:15:45,Fernvale Thicket,person,person,0.9032
2026-08-02,14:15:45,Misty Creek Grove,person,person,0.9418
2026-08-02,14:15:45,North Ridge Forest,person,person,0.9119
2026-08-02,14:15:45,Greywood Edge,person,person,0.9413
2026-08-02,14:15:46,Greywood Edge,person,person,0.9377
2026-08-02,14:15:46,Greywood Edge,person,person,0.9108
2026-08-02,14:15:46,Greywood Edge,person,person,0.8585
2026-08-02,14:15:46,Misty Creek Grove,person,person,0.8765
2026-08-02,14:15:46,Misty Creek Grove,person,person,0.9137
2026-08-02,14:15:47,Misty Creek Grove,person,person,0.8766
2026-08-02,14:15:47,Pine Hollow Zone,person,person,0.9104
2026-08-02,14:15:47,North Ridge Forest,person,person,0.8975
2026-08-02,14:15:47,North Ridge Forest,person,person,0.8973
2026-08-02,14:15:47,Pine Hollow Zone,person,person,0.8879
2026-08-02,14:15:47,Elderleaf Basin,person,person,0.6349
2026-08-02,14:15:47,Misty Creek Grove,person,person,0.4602
2026-08-02,14:15:48,Fernvale Thicket,person,person,0.7226
2026-08-02,14:15:48,Pine Hollow Zone,person,person,0.6945
2026-08-02,14:15:48,Pine Hollow Zone,person,person,0.8061
2026-08-02,14:15:48,Greywood Edge,person,person,0.5316
2026-08-02,14:15:48,Elderleaf Basin,person,person,0.481
2026-08-02,14:15:48,North Ridge Forest,person,person,0.4523
2026-08-02,14:15:49,Pine Hollow Zone,person,person,0.8308
2026-08-02,14:15:49,Fernvale Thicket,person,person,0.7504
2026-08-02,14:15:49,Fernvale Thicket,person,person,0.8735
2026-08-02,14:15:49,Misty Creek Grove,person,person,0.9286
2026-08-02,14:15:49,Pine Hollow Zone,person,person,0.9367
2026-08-02,14:15:49,Pine Hollow Zone,person,person,0.9366
2026-08-02,14:15:49,Misty Creek Grove,motorcycle,motorcycle,0.4947
2026-08-02,14:15:49,North Ridge Forest,person,person,0.9135
2026-08-02,14:15:50,Misty Creek Grove,person,person,0.9265
2026-08-02,14:15:50,North Ridge Forest,motorcycle,motorcycle,0.7987
2026-08-02,14:15:50,Fernvale Thicket,person,person,0.9228
2026-08-02,14:15:50,Pine Hollow Zone,person,person,0.9025
2026-08-02,14:15:50,North Ridge Forest,person,person,0.8835
2026-08-02,14:15:50,Pine Hollow Zone,person,person,0.8879
2026-08-02,14:15:50,Fernvale Thicket,person,person,0.8999
2026-08-02,14:15:51,Misty Creek Grove,person,person,0.8958
2026-08-02,14:15:51,Elderleaf Basin,person,person,0.9002
2026-08-02,14:15:51,Elderleaf Basin,person,person,0.9324
2026-08-02,14:15:51,North Ridge Forest,person,person,0.9304
2026-08-02,14:15:52,North Ridge Forest,person,person,0.9285
2026-08-02,14:15:52,Fernvale Thicket,person,person,0.8874
2026-08-02,14:15:52,Elderleaf Basin,person,person,0.8395
2026-08-02,14:15:52,Elderleaf Basin,person,person,0.5327
2026-08-02,14:15:52,Elderleaf Basin,person,person,0.7466
2026-08-02,14:15:52,Misty Creek Grove,person,person,0.7124
2026-08-02,14:15:53,Elderleaf Basin,person,person,0.5832
2026-08-02,14:15:53,Pine Hollow Zone,motorcycle,motorcycle,0.5003
2026-08-02,14:15:53,Misty Creek Grove,person,person,0.7803
2026-08-02,14:15:53,Greywood Edge,motorcycle,motorcycle,0.5569
2026-08-02,14:15:53,Misty Creek Grove,person,person,0.7827
2026-08-02,14:15:53,Pine Hollow Zone,motorcycle,motorcycle,0.7287
2026-08-02,14:15:53,Misty Creek Grove,motorcycle,motorcycle,0.7813
2026-08-02,14:15:53,North Ridge Forest,person,person,0.6482
2026-08-02,14:15:53,Misty Creek Grove,motorcycle,motorcycle,0.8301
2026-08-02,14:15:53,Pine Hollow Zone,person,person,0.6059
2026-08-02,14:15:53,Elderleaf Basin,person,person,0.4658
2026-08-02,14:15:53,Pine Hollow Zone,motorcycle,motorcycle,0.7662
2026-08-02,14:15:53,Misty Creek Grove,person,person,0.7281
2026-08-02,14:15:54,Misty Creek Grove,motorcycle,motorcycle,0.7651
2026-08-02,14:15:54,Elderleaf Basin,person,person,0.7413
2026-08-02,14:15:54,Greywood Edge,motorcycle,motorcycle,0.7579
2026-08-02,14:15:54,Fernvale Thicket,person,person,0.6866
2026-08-02,14:15:54,Elderleaf Basin,motorcycle,motorcycle,0.7002
2026-08-02,14:15:54,Elderleaf Basin,person,person,0.6178
2026-08-02,14:15:54,Greywood Edge,person,person,0.7137
2026-08-02,14:15:54,Misty Creek Grove,motorcycle,motorcycle,0.6298
2026-08-02,14:15:54,Misty Creek Grove,person,person,0.7878
2026-08-02,14:15:54,Elderleaf Basin,motorcycle,motorcycle,0.7109
2026-08-02,14:15:55,North Ridge Forest,motorcycle,motorcycle,0.7172
2026-08-02,14:15:55,Misty Creek Grove,person,person,0.7056
2026-08-02,14:15:55,Greywood Edge,person,person,0.7797
2026-08-02,14:15:55,Elderleaf Basin,motorcycle,motorcycle,0.7665
2026-08-02,14:15:55,Elderleaf Basin,person,person,0.7118
2026-08-02,14:15:55,Elderleaf Basin,motorcycle,motorcycle,0.665
2026-08-02,14:15:55,Greywood Edge,person,person,0.7089
2026-08-02,14:15:55,Elderleaf Basin,motorcycle,motorcycle,0.6709
2026-08-02,14:15:55,Elderleaf Basin,person,person,0.7079
2026-08-02,14:15:55,Fernvale Thicket,motorcycle,motorcycle,0.615
2026-08-02,14:15:55,Greywood Edge,person,person,0.7408
2026-08-02,14:15:55,North Ridge Forest,motorcycle,motorcycle,0.6529
2026-08-02,14:15:56,Pine Hollow Zone,person,person,0.6737
2026-08-02,14:15:56,North Ridge Forest,person,person,0.9116
2026-08-02,14:15:56,Misty Creek Grove,person,person,0.911
2026-08-02,14:15:56,North Ridge Forest,motorcycle,motorcycle,0.6789
2026-08-02,14:15:56,Elderleaf Basin,person,person,0.9096
2026-08-02,14:15:56,Misty Creek Grove,motorcycle,motorcycle,0.7498
2026-08-02,14:15:56,North Ridge Forest,person,person,0.9097
2026-08-02,14:15:56,Fernvale Thicket,motorcycle,motorcycle,0.5512
2026-08-02,14:15:56,Fernvale Thicket,person,person,0.9096
2026-08-02,14:15:57,Fernvale Thicket,person,person,0.9117
2026-08-02,14:15:57,Fernvale Thicket,person,person,0.9129
2026-08-02,14:15:57,North Ridge Forest,person,person,0.8344
2026-08-02,14:15:57,Pine Hollow Zone,person,person,0.9106
2026-08-02,14:15:57,North Ridge Forest,person,person,0.9279
2026-08-02,14:15:57,Elderleaf Basin,person,person,0.9181
2026-08-02,14:15:58,Fernvale Thicket,person,person,0.8974
2026-08-02,14:15:58,North Ridge Forest,person,person,0.9078
2026-08-02,14:15:58,Pine Hollow Zone,person,person,0.9176
2026-08-02,14:15:58,Fernvale Thicket,person,person,0.905
2026-08-02,14:15:58,North Ridge Forest,person,person,0.9141
2026-08-02,14:15:59,North Ridge Forest,person,person,0.9039
2026-08-02,14:15:59,Greywood Edge,person,person,0.9033
2026-08-02,14:15:59,Greywood Edge,person,person,0.906
2026-08-02,14:15:59,Misty Creek Grove,person,person,0.9115
2026-08-02,14:15:59,Greywood Edge,person,person,0.91
2026-08-02,14:16:00,Fernvale Thicket,person,person,0.9127
2026-08-02,14:16:00,Pine Hollow Zone,person,person,0.9019
2026-08-02,14:16:14,Fernvale Thicket,person,person,0.8735
2026-08-02,14:16:14,Elderleaf Basin,person,person,0.871
2026-08-02,14:16:15,Pine Hollow Zone,person,person,0.8782
2026-08-02,14:16:15,Elderleaf Basin,person,person,0.5958
2026-08-02,14:16:15,Fernvale Thicket,person,person,0.8347
2026-08-02,14:16:15,Fernvale Thicket,person,person,0.4624
2026-08-02,14:16:15,Pine Hollow Zone,person,person,0.8711
2026-08-02,14:16:15,North Ridge Forest,person,person,0.5734
2026-08-02,14:16:16,Pine Hollow Zone,person,person,0.6011
2026-08-02,14:16:16,Pine Hollow Zone,dog,dog,0.5438
2026-08-02,14:16:16,Pine Hollow Zone,person,person,0.6806
2026-08-02,14:16:16,Elderleaf Basin,dog,dog,0.468
2026-08-02,14:16:16,North Ridge Forest,person,person,0.5133
2026-08-02,14:16:16,Misty Creek Grove,dog,dog,0.6997
2026-08-02,14:16:17,Pine Hollow Zone,dog,dog,0.5272
2026-08-02,14:16:17,Pine Hollow Zone,dog,dog,0.6481
2026-08-02,14:16:17,North Ridge Forest,dog,dog,0.4645
2026-08-02,14:16:18,Pine Hollow Zone,dog,dog,0.5761
2026-08-02,14:16:18,Fernvale Thicket,dog,dog,0.5764
2026-08-02,14:16:18,Fernvale Thicket,dog,dog,0.6474
2026-08-02,14:16:18,Misty Creek Grove,dog,dog,0.7
2026-08-02,14:16:19,Elderleaf Basin,dog,dog,0.593
2026-08-02,14:16:19,Fernvale Thicket,dog,dog,0.7801
2026-08-02,14:16:19,Elderleaf Basin,dog,dog,0.839
2026-08-02,14:16:19,Elderleaf Basin,dog,dog,0.7118
2026-08-02,14:16:19,Greywood Edge,dog,dog,0.6406
2026-08-02,14:16:20,Elderleaf Basin,dog,dog,0.5461
2026-08-02,14:16:21,Pine Hollow Zone,dog,dog,0.5853
2026-08-02,14:16:22,Elderleaf Basin,person,person,0.5653
2026-08-02,14:16:22,Greywood Edge,person,person,0.9062
2026-08-02,14:16:22,Pine Hollow Zone,person,person,0.8922
2026-08-02,14:16:22,Pine Hollow Zone,person,person,0.9045
2026-08-02,14:16:23,Misty Creek Grove,person,person,0.8683
2026-08-02,14:16:23,Misty Creek Grove,person,person,0.9139
2026-08-02,14:16:23,Pine Hollow Zone,person,person,0.9037
2026-08-02,14:16:23,North Ridge Forest,person,person,0.9081
2026-08-02,14:16:23,North Ridge Forest,person,person,0.8901
2026-08-02,14:16:24,Fernvale Thicket,person,person,0.8915
2026-08-02,14:16:24,Fernvale Thicket,person,person,0.8245
2026-08-02,14:16:24,Elderleaf Basin,person,person,0.8893
2026-08-02,14:16:24,Fernvale Thicket,person,person,0.9025
2026-08-02,14:16:24,Pine Hollow Zone,person,person,0.8884
2026-08-02,14:16:25,Pine Hollow Zone,person,person,0.8647
2026-08-02,14:16:25,Pine Hollow Zone,person,person,0.8654
2026-08-02,14:16:25,Elderleaf Basin,person,person,0.8814
2026-08-02,14:16:25,Greywood Edge,person,person,0.8814
2026-08-02,14:16:25,Fernvale Thicket,person,person,0.8839
2026-08-02,14:16:26,Greywood Edge,person,person,0.8862
2026-08-02,14:16:26,Greywood Edge,person,person,0.8902
2026-08-02,14:16:26,Fernvale Thicket,person,person,0.8795
2026-08-02,14:16:26,Elderleaf Basin,person,person,0.8839
2026-08-02,14:16:26,Pine Hollow Zone,person,person,0.8789
2026-08-02,14:16:27,Pine Hollow Zone,person,person,0.8786
2026-08-02,14:16:27,Fernvale Thicket,person,person,0.8944
2026-08-02,14:16:36,Misty Creek Grove,person,person,0.8554
2026-08-02,14:16:36,Elderleaf Basin,person,person,0.8595
2026-08-02,14:16:36,Elderleaf Basin,person,person,0.8894
2026-08-02,14:16:36,Greywood Edge,person,person,0.7938
2026-08-02,14:16:37,North Ridge Forest,person,person,0.7279
2026-08-02,14:16:37,Greywood Edge,person,person,0.8033
2026-08-02,14:16:37,North Ridge Forest,person,person,0.7861
2026-08-02,14:16:37,Misty Creek Grove,person,person,0.6423
2026-08-02,14:16:38,Misty Creek Grove,dog,dog,0.52
2026-08-02,14:16:38,Fernvale Thicket,dog,dog,0.6098
2026-08-02,14:16:38,Misty Creek Grove,dog,dog,0.472
2026-08-02,14:16:38,North Ridge Forest,dog,dog,0.6572
2026-08-02,14:16:38,North Ridge Forest,person,person,0.6105
2026-08-02,14:16:38,Fernvale Thicket,bird,bird,0.5453
2026-08-02,14:16:38,North Ridge Forest,dog,dog,0.7323
2026-08-02,14:16:38,Pine Hollow Zone,dog,dog,0.6939
2026-08-02,14:16:39,North Ridge Forest,bird,bird,0.5924
2026-08-02,14:16:39,Misty Creek Grove,dog,dog,0.5035
2026-08-02,14:16:39,Fernvale Thicket,person,person,0.4593
2026-08-02,14:16:39,Greywood Edge,dog,dog,0.8134
2026-08-02,14:16:39,Greywood Edge,dog,dog,0.7119
2026-08-02,14:16:39,Pine Hollow Zone,person,person,0.675
2026-08-02,14:16:39,Fernvale Thicket,person,person,0.6769
2026-08-02,14:16:39,Greywood Edge,dog,dog,0.5561
2026-08-02,14:16:39,Elderleaf Basin,dog,dog,0.8032
2026-08-02,14:16:39,Fernvale Thicket,person,person,0.5331
2026-08-02,14:16:39,Greywood Edge,bird,bird,0.4514
2026-08-02,14:16:40,Fernvale Thicket,dog,dog,0.6281
2026-08-02,14:16:40,Pine Hollow Zone,person,person,0.6122
2026-08-02,14:16:40,Elderleaf Basin,person,person,0.6987
2026-08-02,14:16:40,Elderleaf Basin,dog,dog,0.6977
2026-08-02,14:16:40,North Ridge Forest,dog,dog,0.5695
2026-08-02,14:16:40,Pine Hollow Zone,bird,bird,0.4696
2026-08-02,14:16:40,Misty Creek Grove,dog,dog,0.7244
2026-08-02,14:16:40,Greywood Edge,person,person,0.7044
2026-08-02,14:16:40,Pine Hollow Zone,dog,dog,0.5927
2026-08-02,14:16:40,North Ridge Forest,bird,bird,0.6898
2026-08-02,14:16:40,Pine Hollow Zone,person,person,0.6294
2026-08-02,14:16:40,Misty Creek Grove,bird,bird,0.4521
2026-08-02,14:16:41,Elderleaf Basin,person,person,0.6198
2026-08-02,14:16:41,Misty Creek Grove,dog,dog,0.5062
2026-08-02,14:16:41,Pine Hollow Zone,bird,bird,0.4728
2026-08-02,14:16:41,Elderleaf Basin,dog,dog,0.8728
2026-08-02,14:16:41,Greywood Edge,dog,dog,0.7859
2026-08-02,14:16:41,North Ridge Forest,person,person,0.7115
2026-08-02,14:16:41,Fernvale Thicket,person,person,0.6842
2026-08-02,14:16:41,Misty Creek Grove,dog,dog,0.6387
2026-08-02,14:16:41,Misty Creek Grove,dog,dog,0.6226
2026-08-02,14:16:41,Fernvale Thicket,person,person,0.6559
2026-08-02,14:16:42,Misty Creek Grove,person,person,0.6365
2026-08-02,14:16:42,Pine Hollow Zone,person,person,0.6224
2026-08-02,14:16:42,Elderleaf Basin,person,person,0.7694
2026-08-02,14:16:42,Fernvale Thicket,person,person,0.8981
2026-08-02,14:16:42,Misty Creek Grove,person,person,0.8987
2026-08-02,14:16:43,North Ridge Forest,person,person,0.8875
2026-08-02,14:16:43,Fernvale Thicket,person,person,0.9238
2026-08-02,14:16:43,Fernvale Thicket,person,person,0.9084
2026-08-02,14:16:43,Pine Hollow Zone,person,person,0.9058
2026-08-02,14:16:43,Pine Hollow Zone,person,person,0.9113
2026-08-02,14:16:44,Greywood Edge,person,person,0.9127
2026-08-02,14:16:44,Elderleaf Basin,person,person,0.9078
2026-08-02,14:16:44,Pine Hollow Zone,person,person,0.9109
2026-08-02,14:16:44,Elderleaf Basin,person,person,0.9091
2026-08-02,14:16:44,Pine Hollow Zone,person,person,0.9044
2026-08-02,14:16:45,Elderleaf Basin,person,person,0.8688
2026-08-02,14:17:02,North Ridge Forest,person,person,0.8772
2026-08-02,14:17:02,Misty Creek Grove,person,person,0.8449
2026-08-02,14:17:02,Greywood Edge,person,person,0.8131
2026-08-02,14:17:02,Greywood Edge,person,person,0.7673
2026-08-02,14:17:03,North Ridge Forest,person,person,0.757
2026-08-02,14:17:03,Pine Hollow Zone,person,person,0.7107
2026-08-02,14:17:03,North Ridge Forest,bus,bus,0.4781
2026-08-02,14:17:03,Fernvale Thicket,bus,bus,0.5056
2026-08-02,14:17:04,Fernvale Thicket,car,car,0.4751
2026-08-02,14:17:04,Elderleaf Basin,car,car,0.734
2026-08-02,14:17:04,Misty Creek Grove,car,car,0.8
2026-08-02,14:17:04,Misty Creek Grove,car,car,0.5896
2026-08-02,14:17:05,Fernvale Thicket,car,car,0.7413
2026-08-02,14:17:05,Fernvale Thicket,person,person,0.5327
2026-08-02,14:17:05,Greywood Edge,car,car,0.9105
2026-08-02,14:17:05,North Ridge Forest,person,person,0.6491
2026-08-02,14:17:05,Elderleaf Basin,car,car,0.9393
2026-08-02,14:17:05,Greywood Edge,person,person,0.7634
2026-08-02,14:17:05,Greywood Edge,car,car,0.9279
2026-08-02,14:17:05,Misty Creek Grove,person,person,0.5488
2026-08-02,14:17:06,Misty Creek Grove,car,car,0.7428
2026-08-02,14:17:06,Pine Hollow Zone,person,person,0.5895
2026-08-02,14:17:06,Pine Hollow Zone,car,car,0.8882
2026-08-02,14:17:06,Fernvale Thicket,car,car,0.8672
2026-08-02,14:17:06,North Ridge Forest,bus,bus,0.4719
2026-08-02,14:17:06,Elderleaf Basin,car,car,0.5954
2026-08-02,14:17:06,Pine Hollow Zone,car,car,0.7967
2026-08-02,14:17:06,Elderleaf Basin,person,person,0.5863
2026-08-02,14:17:06,Greywood Edge,car,car,0.5976
2026-08-02,14:17:07,North Ridge Forest,car,car,0.9137
2026-08-02,14:17:07,Misty Creek Grove,car,car,0.9009
2026-08-02,14:17:07,Pine Hollow Zone,person,person,0.7574
2026-08-02,14:17:07,Misty Creek Grove,person,person,0.9005
2026-08-02,14:17:08,Fernvale Thicket,person,person,0.8822
2026-08-02,14:17:08,North Ridge Forest,person,person,0.9067
2026-08-02,14:17:08,Misty Creek Grove,person,person,0.9287
2026-08-02,14:17:08,North Ridge Forest,person,person,0.9309
2026-08-02,14:17:09,Fernvale Thicket,person,person,0.9162
2026-08-02,14:17:09,Misty Creek Grove,person,person,0.9209
2026-08-02,14:17:09,Pine Hollow Zone,person,person,0.9162
2026-08-02,14:17:09,Misty Creek Grove,person,person,0.9253
2026-08-02,14:17:37,Pine Hollow Zone,person,person,0.888
2026-08-02,14:17:37,North Ridge Forest,person,person,0.9013
2026-08-02,14:17:38,Misty Creek Grove,person,person,0.85
2026-08-02,14:17:38,Misty Creek Grove,person,person,0.8607
2026-08-02,14:17:38,Fernvale Thicket,person,person,0.8724
2026-08-02,14:17:38,Misty Creek Grove,person,person,0.5931
2026-08-02,14:17:39,North Ridge Forest,person,person,0.5658
2026-08-02,14:17:39,Greywood Edge,person,person,0.505
2026-08-02,14:17:40,Greywood Edge,person,person,0.4784
2026-08-02,14:17:41,North Ridge Forest,person,person,0.7991
2026-08-02,14:17:41,Elderleaf Basin,person,person,0.6494
2026-08-02,14:17:41,Greywood Edge,person,person,0.8935
2026-08-02,14:17:41,Greywood Edge,person,person,0.8507
2026-08-02,14:17:42,North Ridge Forest,person,person,0.9081
2026-08-02,14:17:42,Pine Hollow Zone,person,person,0.9058
2026-08-02,14:17:42,North Ridge Forest,person,person,0.9206
2026-08-02,14:17:42,Misty Creek Grove,person,person,0.9174
2026-08-02,14:17:42,Pine Hollow Zone,person,person,0.9205
2026-08-02,14:17:42,Elderleaf Basin,person,person,0.9259
2026-08-02,14:17:43,Misty Creek Grove,person,person,0.5159
2026-08-02,14:17:46,North Ridge Forest,person,person,0.4877
2026-08-02,14:17:46,Elderleaf Basin,person,person,0.6134
2026-08-02,14:17:47,Pine Hollow Zone,person,person,0.48
2026-08-02,14:17:47,Misty Creek Grove,person,person,0.5268
2026-08-02,14:17:47,Misty Creek Grove,person,person,0.5094
2026-08-02,14:17:48,Misty Creek Grove,person,person,0.6279
2026-08-02,14:17:48,Greywood Edge,person,person,0.4539
2026-08-02,14:17:48,North Ridge Forest,person,person,0.5176
2026-08-02,14:17:48,North Ridge Forest,person,person,0.8643
2026-08-02,14:17:48,Fernvale Thicket,person,person,0.9222
2026-08-02,14:17:48,Misty Creek Grove,person,person,0.9131
2026-08-02,14:17:49,Misty Creek Grove,person,person,0.9066
2026-08-02,14:17:49,Elderleaf Basin,person,person,0.897
2026-08-02,14:17:49,Greywood Edge,person,person,0.9143
2026-08-02,14:17:49,Misty Creek Grove,person,person,0.8889
2026-08-02,14:17:49,Pine Hollow Zone,person,person,0.8522
2026-08-02,14:17:49,North Ridge Forest,person,person,0.5979
2026-08-02,14:17:50,Greywood Edge,person,person,0.4852
2026-08-02,14:17:50,Greywood Edge,person,person,0.4617
2026-08-02,14:17:50,Greywood Edge,person,person,0.5962
2026-08-02,14:17:50,Greywood Edge,person,person,0.6935
2026-08-02,14:17:50,Fernvale Thicket,person,person,0.7549
2026-08-02,14:17:50,Fernvale Thicket,person,person,0.4549
2026-08-02,14:17:50,Misty Creek Grove,person,person,0.7939
2026-08-02,14:17:50,Fernvale Thicket,person,person,0.5208
2026-08-02,14:17:50,Misty Creek Grove,person,person,0.6192
2026-08-02,14:17:51,Elderleaf Basin,person,person,0.6203
2026-08-02,14:17:51,Misty Creek Grove,person,person,0.5553
2026-08-02,14:17:51,Elderleaf Basin,person,person,0.5296
2026-08-02,14:17:51,Elderleaf Basin,person,person,0.45
2026-08-02,14:17:51,Misty Creek Grove,person,person,0.4561
2026-08-02,14:17:51,North Ridge Forest,person,person,0.5551
2026-08-02,14:17:51,Misty Creek Grove,person,person,0.5177
2026-08-02,14:17:52,Pine Hollow Zone,person,person,0.5286
2026-08-02,14:17:52,Pine Hollow Zone,person,person,0.4954
2026-08-02,14:17:52,North Ridge Forest,person,person,0.7517
2026-08-02,14:17:52,Fernvale Thicket,person,person,0.6394
2026-08-02,14:17:52,Greywood Edge,person,person,0.5705
2026-08-02,14:17:52,Elderleaf Basin,person,person,0.6419
2026-08-02,14:17:52,Misty Creek Grove,person,person,0.4853
2026-08-02,14:17:52,Fernvale Thicket,person,person,0.5588
2026-08-02,14:17:53,Elderleaf Basin,person,person,0.4957
2026-08-02,14:17:53,Misty Creek Grove,person,person,0.5906
2026-08-02,14:17:53,Elderleaf Basin,person,person,0.534
2026-08-02,14:17:53,Pine Hollow Zone,person,person,0.4949
2026-08-02,14:17:53,North Ridge Forest,person,person,0.622
2026-08-02,14:17:53,North Ridge Forest,person,person,0.6185
2026-08-02,14:17:53,Elderleaf Basin,person,person,0.5001
2026-08-02,14:17:53,Elderleaf Basin,person,person,0.6879
2026-08-02,14:17:53,Misty Creek Grove,person,person,0.6472
2026-08-02,14:17:53,Pine Hollow Zone,person,person,0.4619
2026-08-02,14:17:54,North Ridge Forest,person,person,0.6071
2026-08-02,14:17:54,Pine Hollow Zone,person,person,0.5926
2026-08-02,14:17:54,Misty Creek Grove,person,person,0.4648
2026-08-02,14:17:54,Greywood Edge,person,person,0.6132
2026-08-02,14:17:54,Fernvale Thicket,person,person,0.5527
2026-08-02,14:17:54,Pine Hollow Zone,person,person,0.5395
2026-08-02,14:17:54,Elderleaf Basin,person,person,0.4992
2026-08-02,14:17:54,Misty Creek Grove,person,person,0.5524
2026-08-02,14:17:54,Fernvale Thicket,person,person,0.4633
2026-08-02,14:17:54,Pine Hollow Zone,person,person,0.5892
2026-08-02,14:17:54,Elderleaf Basin,person,person,0.4603
2026-08-02,14:17:54,Pine Hollow Zone,person,person,0.5945
2026-08-02,14:17:54,Fernvale Thicket,person,person,0.5238
2026-08-02,14:17:55,Elderleaf Basin,person,person,0.6775
2026-08-02,14:17:55,Elderleaf Basin,person,person,0.5244
2026-08-02,14:17:55,Pine Hollow Zone,person,person,0.7385
2026-08-02,14:17:55,Pine Hollow Zone,person,person,0.6804
2026-08-02,14:17:55,Greywood Edge,person,person,0.6476
2026-08-02,14:17:55,Pine Hollow Zone,person,person,0.5383
2026-08-02,14:17:55,Greywood Edge,person,person,0.7055
2026-08-02,14:17:55,Fernvale Thicket,person,person,0.592
2026-08-02,14:17:55,Pine Hollow Zone,person,person,0.5695
2026-08-02,14:17:56,Misty Creek Grove,person,person,0.7466
2026-08-02,14:17:56,Pine Hollow Zone,person,person,0.6556
2026-08-02,14:17:56,Elderleaf Basin,person,person,0.4728
2026-08-02,14:17:56,Elderleaf Basin,person,person,0.6058
2026-08-02,14:17:56,Pine Hollow Zone,person,person,0.5529
2026-08-02,14:17:56,North Ridge Forest,person,person,0.5432
2026-08-02,14:17:56,North Ridge Forest,person,person,0.4886
2026-08-02,14:17:56,North Ridge Forest,person,person,0.5355
2026-08-02,14:17:56,Elderleaf Basin,person,person,0.5308
2026-08-02,14:17:56,Misty Creek Grove,person,person,0.5017
2026-08-02,14:17:57,Elderleaf Basin,person,person,0.5318
2026-08-02,14:17:57,Greywood Edge,person,person,0.4619
2026-08-02,14:17:57,Greywood Edge,person,person,0.4842
2026-08-02,14:17:57,Elderleaf Basin,person,person,0.592
2026-08-02,14:17:57,Pine Hollow Zone,person,person,0.6253
2026-08-02,14:17:58,North Ridge Forest,person,person,0.6185
2026-08-02,14:17:58,Pine Hollow Zone,person,person,0.5265
2026-08-02,14:17:58,North Ridge Forest,person,person,0.4998
2026-08-02,14:17:58,Misty Creek Grove,person,person,0.7412
2026-08-02,14:17:58,Greywood Edge,person,person,0.7121
2026-08-02,14:17:58,North Ridge Forest,person,person,0.6881
2026-08-02,14:17:58,Misty Creek Grove,person,person,0.7201
2026-08-02,14:17:58,Fernvale Thicket,person,person,0.5105
2026-08-02,14:17:59,Elderleaf Basin,person,person,0.4834
2026-08-02,14:17:59,North Ridge Forest,person,person,0.5514
2026-08-02,14:17:59,Elderleaf Basin,person,person,0.4969
2026-08-02,14:17:59,Fernvale Thicket,person,person,0.4703
2026-08-02,14:17:59,Greywood Edge,person,person,0.6357
2026-08-02,14:17:59,North Ridge Forest,person,person,0.6246
2026-08-02,14:17:59,Pine Hollow Zone,person,person,0.5286
2026-08-02,14:17:59,Elderleaf Basin,person,person,0.7894
2026-08-02,14:17:59,Greywood Edge,person,person,0.7738
2026-08-02,14:18:00,Elderleaf Basin,person,person,0.5362
2026-08-02,14:18:00,Misty Creek Grove,person,person,0.5388
2026-08-02,14:18:00,Misty Creek Grove,person,person,0.4784
2026-08-02,14:18:00,Fernvale Thicket,person,person,0.5067
2026-08-02,14:18:01,Pine Hollow Zone,person,person,0.5819
2026-08-02,14:18:01,Pine Hollow Zone,person,person,0.7809
2026-08-02,14:18:01,Fernvale Thicket,person,person,0.6247
2026-08-02,14:18:01,Misty Creek Grove,person,person,0.6702
2026-08-02,14:18:01,Pine Hollow Zone,person,person,0.6797
2026-08-02,14:18:01,Elderleaf Basin,person,person,0.6043
2026-08-02,14:18:02,Elderleaf Basin,person,person,0.6893
2026-08-02,14:18:02,Greywood Edge,person,person,0.6669
2026-08-02,14:18:02,Greywood Edge,person,person,0.6451
2026-08-02,14:18:02,Greywood Edge,person,person,0.6843
2026-08-02,14:18:02,Elderleaf Basin,person,person,0.6228
2026-08-02,14:18:03,Pine Hollow Zone,person,person,0.6816
2026-08-02,14:18:03,Fernvale Thicket,person,person,0.7255
2026-08-02,14:18:03,Pine Hollow Zone,person,person,0.7112
2026-08-02,14:18:03,Fernvale Thicket,person,person,0.7094
2026-08-02,14:18:03,North Ridge Forest,person,person,0.7267
2026-08-02,14:18:04,Pine Hollow Zone,person,person,0.7997
2026-08-02,14:18:04,Pine Hollow Zone,person,person,0.7942
2026-08-02,14:18:04,Fernvale Thicket,person,person,0.6574
2026-08-02,14:18:04,Greywood Edge,person,person,0.7656
2026-08-02,14:18:04,North Ridge Forest,person,person,0.7298
2026-08-02,14:18:04,Fernvale Thicket,person,person,0.7283
2026-08-02,14:18:04,North Ridge Forest,person,person,0.6874
2026-08-02,14:18:05,Greywood Edge,person,person,0.6503
2026-08-02,14:18:05,Greywood Edge,person,person,0.4951
2026-08-02,14:18:05,Greywood Edge,person,person,0.7957
2026-08-02,14:18:05,Fernvale Thicket,person,person,0.5199
2026-08-02,14:18:05,Greywood Edge,person,person,0.4893
2026-08-02,14:18:05,Greywood Edge,person,person,0.4512
2026-08-02,14:18:05,Elderleaf Basin,person,person,0.7153
2026-08-02,14:18:05,Greywood Edge,person,person,0.5414
2026-08-02,14:18:05,Pine Hollow Zone,person,person,0.6584
2026-08-02,14:18:05,Misty Creek Grove,person,person,0.7374
2026-08-02,14:18:05,Elderleaf Basin,person,person,0.5391
2026-08-02,14:18:06,Fernvale Thicket,person,person,0.7218
2026-08-02,14:18:06,Misty Creek Grove,person,person,0.7909
2026-08-02,14:18:06,Greywood Edge,person,person,0.7353
2026-08-02,14:18:06,Pine Hollow Zone,person,person,0.7905
2026-08-02,14:18:06,North Ridge Forest,person,person,0.758
2026-08-02,14:18:07,Misty Creek Grove,person,person,0.764
2026-08-02,14:18:07,Misty Creek Grove,person,person,0.781
2026-08-02,14:18:07,Fernvale Thicket,person,person,0.7806
2026-08-02,14:18:07,Elderleaf Basin,person,person,0.7713
2026-08-02,14:18:07,Misty Creek Grove,person,person,0.8024
2026-08-02,14:18:07,North Ridge Forest,person,person,0.752
2026-08-02,14:18:08,Fernvale Thicket,person,person,0.6123
2026-08-02,14:18:08,Misty Creek Grove,person,person,0.8407
2026-08-02,14:18:08,Greywood Edge,person,person,0.5432
2026-08-02,14:18:08,Fernvale Thicket,person,person,0.7924
2026-08-02,14:18:08,Elderleaf Basin,person,person,0.7754
2026-08-02,14:18:08,Pine Hollow Zone,person,person,0.7414
2026-08-02,14:18:08,Pine Hollow Zone,person,person,0.7093
2026-08-02,14:18:09,Greywood Edge,person,person,0.7375
2026-08-02,14:18:09,North Ridge Forest,person,person,0.66
2026-08-02,14:18:09,Greywood Edge,person,person,0.4577
2026-08-02,14:18:09,Elderleaf Basin,person,person,0.7034
2026-08-02,14:18:22,Misty Creek Grove,person,person,0.8156
2026-08-02,14:18:22,Elderleaf Basin,person,person,0.8259
2026-08-02,14:18:22,North Ridge Forest,person,person,0.9186
2026-08-02,14:18:22,Fernvale Thicket,person,person,0.8994
2026-08-02,14:18:22,Elderleaf Basin,person,person,0.9116
2026-08-02,14:18:23,North Ridge Forest,person,person,0.6903
2026-08-02,14:18:23,Fernvale Thicket,person,person,0.7971
2026-08-02,14:18:23,North Ridge Forest,person,person,0.7501
2026-08-02,14:18:23,Elderleaf Basin,person,person,0.7411
2026-08-02,14:18:24,Elderleaf Basin,person,person,0.5216
2026-08-02,14:18:24,Elderleaf Basin,person,person,0.6725
2026-08-02,14:18:24,Misty Creek Grove,person,person,0.6009
2026-08-02,14:18:24,Misty Creek Grove,person,person,0.6981
2026-08-02,14:18:25,Elderleaf Basin,person,person,0.7159
2026-08-02,14:18:25,Fernvale Thicket,person,person,0.7249
2026-08-02,14:18:25,Misty Creek Grove,person,person,0.8171
2026-08-02,14:18:25,North Ridge Forest,person,person,0.8598
2026-08-02,14:18:25,Fernvale Thicket,person,person,0.8192
2026-08-02,14:18:26,North Ridge Forest,person,person,0.84
2026-08-02,14:18:26,North Ridge Forest,person,person,0.8932
2026-08-02,14:18:26,Greywood Edge,person,person,0.8968
2026-08-02,14:18:26,Fernvale Thicket,person,person,0.8514
2026-08-02,14:18:26,North Ridge Forest,person,person,0.8091
2026-08-02,14:18:27,North Ridge Forest,person,person,0.796
2026-08-02,14:18:27,Elderleaf Basin,person,person,0.788
2026-08-02,14:18:27,Misty Creek Grove,person,person,0.843
2026-08-02,14:18:27,Pine Hollow Zone,person,person,0.8866
2026-08-02,14:18:28,Greywood Edge,person,person,0.8705
2026-08-02,14:18:28,Greywood Edge,person,person,0.8673
2026-08-02,14:18:28,Elderleaf Basin,person,person,0.8686
2026-08-02,14:18:28,Elderleaf Basin,person,person,0.8939
2026-08-02,14:18:28,Pine Hollow Zone,person,person,0.8872
2026-08-02,14:18:28,Greywood Edge,person,person,0.8925
2026-08-02,14:18:29,Misty Creek Grove,person,person,0.8793
2026-08-02,14:18:29,Elderleaf Basin,person,person,0.7998
2026-08-02,14:18:29,North Ridge Forest,person,person,0.8837
2026-08-02,14:18:29,Greywood Edge,person,person,0.8376
2026-08-02,14:18:29,North Ridge Forest,person,person,0.7793
2026-08-02,14:18:29,Elderleaf Basin,person,person,0.8201
2026-08-02,14:18:30,Pine Hollow Zone,person,person,0.8387
2026-08-02,14:18:30,Misty Creek Grove,person,person,0.7832
2026-08-02,14:18:30,Fernvale Thicket,person,person,0.8801
2026-08-02,14:18:30,Greywood Edge,person,person,0.8988
2026-08-02,14:18:30,Fernvale Thicket,person,person,0.8878
2026-08-02,14:18:30,Pine Hollow Zone,person,person,0.8329
2026-08-02,14:18:31,Fernvale Thicket,person,person,0.8816
2026-08-02,14:18:31,Elderleaf Basin,person,person,0.4962
2026-08-02,14:18:31,North Ridge Forest,person,person,0.7542
2026-08-02,14:18:31,Greywood Edge,person,person,0.8002
2026-08-02,14:18:31,Elderleaf Basin,person,person,0.8249
2026-08-02,14:18:31,Misty Creek Grove,person,person,0.803
2026-08-02,14:18:32,North Ridge Forest,person,person,0.6622
2026-08-02,14:18:32,Pine Hollow Zone,person,person,0.5566
2026-08-02,14:18:32,North Ridge Forest,person,person,0.9183
2026-08-02,14:18:32,Fernvale Thicket,person,person,0.9224
2026-08-02,14:18:32,Misty Creek Grove,person,person,0.9147
2026-08-02,14:18:33,Misty Creek Grove,person,person,0.9187
2026-08-02,14:18:33,Fernvale Thicket,person,person,0.9064
2026-08-02,14:18:33,Elderleaf Basin,person,person,0.9294
2026-08-02,14:18:33,Elderleaf Basin,person,person,0.9282
2026-08-02,14:18:33,Fernvale Thicket,person,person,0.8925
2026-08-02,14:18:33,Pine Hollow Zone,person,person,0.8502
2026-08-02,14:18:34,Fernvale Thicket,person,person,0.7511
2026-08-02,14:18:34,Fernvale Thicket,person,person,0.6645
2026-08-02,14:18:36,Misty Creek Grove,person,person,0.8367
2026-08-02,14:18:36,North Ridge Forest,person,person,0.7594
2026-08-02,14:18:37,Pine Hollow Zone,person,person,0.7398
2026-08-02,14:18:37,Greywood Edge,person,person,0.5078
2026-08-02,14:18:37,Fernvale Thicket,person,person,0.8013
2026-08-02,14:18:37,Elderleaf Basin,person,person,0.8945
2026-08-02,14:18:37,Elderleaf Basin,person,person,0.6372
2026-08-02,14:18:37,Fernvale Thicket,person,person,0.8909
2026-08-02,14:18:37,Fernvale Thicket,person,person,0.6609
2026-08-02,14:18:37,Elderleaf Basin,person,person,0.8806
2026-08-02,14:18:37,North Ridge Forest,person,person,0.69
2026-08-02,14:18:38,Elderleaf Basin,person,person,0.8827
2026-08-02,14:18:38,North Ridge Forest,person,person,0.5533
2026-08-02,14:18:38,Elderleaf Basin,person,person,0.8703
2026-08-02,14:18:38,Fernvale Thicket,person,person,0.6104
2026-08-02,14:18:38,North Ridge Forest,person,person,0.8621
2026-08-02,14:18:38,Pine Hollow Zone,person,person,0.4836
2026-08-02,14:18:38,North Ridge Forest,person,person,0.8824
2026-08-02,14:18:38,Pine Hollow Zone,person,person,0.8837
2026-08-02,14:18:39,North Ridge Forest,person,person,0.8866
2026-08-02,14:18:39,Elderleaf Basin,person,person,0.8702
2026-08-02,14:18:39,Pine Hollow Zone,person,person,0.8795
2026-08-02,14:18:39,Elderleaf Basin,person,person,0.8557
2026-08-02,14:18:39,North Ridge Forest,person,person,0.8191
2026-08-02,14:18:39,Pine Hollow Zone,person,person,0.8111
2026-08-02,14:18:40,Misty Creek Grove,person,person,0.8554
2026-08-02,14:18:40,Greywood Edge,person,person,0.8429
2026-08-02,14:18:40,Misty Creek Grove,person,person,0.8077
2026-08-02,14:18:40,Greywood Edge,person,person,0.8714
2026-08-02,14:18:40,Pine Hollow Zone,person,person,0.8973
2026-08-02,14:18:40,Fernvale Thicket,person,person,0.9159
2026-08-02,14:18:41,Misty Creek Grove,person,person,0.9061
2026-08-02,14:18:41,Misty Creek Grove,person,person,0.9039
2026-08-02,14:18:41,Greywood Edge,person,person,0.907
2026-08-02,14:18:41,Greywood Edge,person,person,0.8985
2026-08-02,14:18:41,Greywood Edge,person,person,0.8987
2026-08-02,14:18:42,Fernvale Thicket,person,person,0.8971
2026-08-02,14:18:42,Pine Hollow Zone,person,person,0.8969
2026-08-02,14:18:42,Greywood Edge,person,person,0.8961
2026-08-02,14:18:42,Elderleaf Basin,person,person,0.888
2026-08-02,14:18:42,Elderleaf Basin,person,person,0.8958
2026-08-02,14:18:43,Elderleaf Basin,person,person,0.8934
2026-08-02,14:18:43,Greywood Edge,person,person,0.8722
2026-08-02,14:19:11,Greywood Edge,person,person,0.7213
2026-08-02,14:19:11,Elderleaf Basin,person,person,0.7378
2026-08-02,14:19:11,Greywood Edge,person,person,0.7515
2026-08-02,14:19:12,Misty Creek Grove,person,person,0.706
2026-08-02,14:19:12,North Ridge Forest,person,person,0.6764
2026-08-02,14:19:12,North Ridge Forest,person,person,0.7605
2026-08-02,14:19:12,Misty Creek Grove,person,person,0.742
2026-08-02,14:19:12,Misty Creek Grove,person,person,0.7882
2026-08-02,14:19:13,Pine Hollow Zone,person,person,0.652
2026-08-02,14:19:13,Misty Creek Grove,person,person,0.755
2026-08-02,14:19:13,Fernvale Thicket,person,person,0.7212
2026-08-02,14:19:13,Misty Creek Grove,person,person,0.6215
2026-08-02,14:19:13,Elderleaf Basin,cat,cat,0.495
2026-08-02,14:19:13,Fernvale Thicket,person,person,0.8874
2026-08-02,14:19:13,Pine Hollow Zone,person,person,0.9204
2026-08-02,14:19:14,Greywood Edge,person,person,0.909
2026-08-02,14:19:14,Elderleaf Basin,person,person,0.9157
2026-08-02,14:19:14,Pine Hollow Zone,cat,cat,0.523
2026-08-02,14:19:14,Elderleaf Basin,person,person,0.8978
2026-08-02,14:19:14,Pine Hollow Zone,person,person,0.8421
2026-08-02,14:19:14,Pine Hollow Zone,person,person,0.9185
2026-08-02,14:19:15,Misty Creek Grove,person,person,0.9165
2026-08-02,14:19:15,Elderleaf Basin,person,person,0.8936
2026-08-02,14:19:15,Pine Hollow Zone,cat,cat,0.4749
2026-08-02,14:19:15,Elderleaf Basin,person,person,0.9033
2026-08-02,14:19:15,North Ridge Forest,cat,cat,0.6288
2026-08-02,14:19:15,North Ridge Forest,person,person,0.9191
2026-08-02,14:19:15,Pine Hollow Zone,cat,cat,0.7827
2026-08-02,14:19:16,Misty Creek Grove,person,person,0.8945
2026-08-02,14:19:16,Misty Creek Grove,cat,cat,0.6519
2026-08-02,14:19:16,Pine Hollow Zone,person,person,0.9115
2026-08-02,14:19:16,Misty Creek Grove,person,person,0.9115
2026-08-02,14:19:16,Pine Hollow Zone,person,person,0.9158
2026-08-02,14:19:16,Pine Hollow Zone,person,person,0.9061
2026-08-02,14:19:17,Fernvale Thicket,person,person,0.9177
2026-08-02,14:19:17,Elderleaf Basin,person,person,0.915
2026-08-02,14:19:17,Pine Hollow Zone,cat,cat,0.4642
2026-08-02,14:19:17,North Ridge Forest,person,person,0.9197
2026-08-02,14:19:17,Misty Creek Grove,cat,cat,0.5198
2026-08-02,14:19:17,Pine Hollow Zone,person,person,0.9075
2026-08-02,14:19:17,Elderleaf Basin,cat,cat,0.5973
2026-08-02,14:19:17,Misty Creek Grove,person,person,0.9081
2026-08-02,14:19:17,Fernvale Thicket,cat,cat,0.6406
2026-08-02,14:19:18,Greywood Edge,person,person,0.8005
2026-08-02,14:19:18,Greywood Edge,person,person,0.8388
2026-08-02,14:19:18,Misty Creek Grove,cat,cat,0.7807
2026-08-02,14:19:18,Misty Creek Grove,person,person,0.5236
2026-08-02,14:19:18,Pine Hollow Zone,person,person,0.7683
2026-08-02,14:19:18,Greywood Edge,person,person,0.8545
2026-08-02,14:19:18,Fernvale Thicket,person,person,0.4951
2026-08-02,14:19:18,North Ridge Forest,person,person,0.8238
2026-08-02,14:19:18,Greywood Edge,person,person,0.6133
2026-08-02,14:19:18,North Ridge Forest,person,person,0.8079
2026-08-02,14:19:19,North Ridge Forest,person,person,0.7431
2026-08-02,14:19:19,Elderleaf Basin,person,person,0.5987
2026-08-02,14:19:19,Fernvale Thicket,person,person,0.8636
2026-08-02,14:19:19,Elderleaf Basin,person,person,0.8428
2026-08-02,14:19:19,Elderleaf Basin,person,person,0.8598
2026-08-02,14:19:19,Misty Creek Grove,person,person,0.8297
2026-08-02,14:19:20,North Ridge Forest,person,person,0.838
2026-08-02,14:19:20,Pine Hollow Zone,person,person,0.4702
2026-08-02,14:19:20,Elderleaf Basin,person,person,0.813
2026-08-02,14:19:20,Misty Creek Grove,person,person,0.8186
2026-08-02,14:19:20,North Ridge Forest,person,person,0.8038
2026-08-02,14:19:20,Elderleaf Basin,person,person,0.7871
2026-08-02,14:19:21,Greywood Edge,person,person,0.8351
2026-08-02,14:19:37,Pine Hollow Zone,person,person,0.7953
2026-08-02,14:19:37,Misty Creek Grove,person,person,0.5146
2026-08-02,14:19:37,Pine Hollow Zone,person,person,0.7797
2026-08-02,14:19:37,Pine Hollow Zone,person,person,0.6322
2026-08-02,14:19:38,Misty Creek Grove,person,person,0.5708
2026-08-02,14:19:38,Greywood Edge,person,person,0.8701
2026-08-02,14:19:38,North Ridge Forest,person,person,0.4754
2026-08-02,14:19:38,Fernvale Thicket,person,person,0.7072
2026-08-02,14:19:38,North Ridge Forest,person,person,0.507
2026-08-02,14:19:39,Pine Hollow Zone,person,person,0.5623
2026-08-02,14:19:39,Greywood Edge,person,person,0.853
2026-08-02,14:19:39,Elderleaf Basin,person,person,0.7049
2026-08-02,14:19:40,Pine Hollow Zone,person,person,0.8221
2026-08-02,14:19:40,Fernvale Thicket,person,person,0.9263
2026-08-02,14:19:40,Fernvale Thicket,person,person,0.9192
2026-08-02,14:19:40,Misty Creek Grove,giraffe,giraffe,0.4962
2026-08-02,14:19:40,North Ridge Forest,person,person,0.9178
2026-08-02,14:19:40,Fernvale Thicket,person,person,0.9024
2026-08-02,14:19:40,Fernvale Thicket,dog,dog,0.5443
2026-08-02,14:19:41,Fernvale Thicket,person,person,0.9189
2026-08-02,14:19:41,Elderleaf Basin,person,person,0.9213
2026-08-02,14:19:41,Fernvale Thicket,person,person,0.9176
2026-08-02,14:19:41,North Ridge Forest,horse,horse,0.6002
2026-08-02,14:19:41,Misty Creek Grove,person,person,0.9195
2026-08-02,14:19:41,Pine Hollow Zone,horse,horse,0.4786
2026-08-02,14:19:41,Elderleaf Basin,person,person,0.912
2026-08-02,14:19:42,Misty Creek Grove,person,person,0.912
2026-08-02,14:19:42,Elderleaf Basin,person,person,0.9231
2026-08-02,14:19:42,Elderleaf Basin,person,person,0.9252
2026-08-02,14:19:42,Fernvale Thicket,cow,cow,0.5181
2026-08-02,14:19:42,Pine Hollow Zone,person,person,0.9209
2026-08-02,14:19:42,Greywood Edge,person,person,0.9237
2026-08-02,14:19:43,Fernvale Thicket,person,person,0.9238
2026-08-02,14:19:43,Misty Creek Grove,cow,cow,0.6229
2026-08-02,14:19:43,Fernvale Thicket,person,person,0.9151
2026-08-02,14:19:43,Elderleaf Basin,cow,cow,0.5436
2026-08-02,14:19:43,Elderleaf Basin,person,person,0.9147
2026-08-02,14:19:43,Fernvale Thicket,person,person,0.9023
2026-08-02,14:19:43,Fernvale Thicket,giraffe,giraffe,0.7644
2026-08-02,14:19:43,Pine Hollow Zone,person,person,0.9079
2026-08-02,14:19:43,North Ridge Forest,giraffe,giraffe,0.8298
2026-08-02,14:19:44,Elderleaf Basin,person,person,0.9068
2026-08-02,14:19:44,Misty Creek Grove,person,person,0.7976
2026-08-02,14:19:44,Misty Creek Grove,person,person,0.7686
2026-08-02,14:19:44,Elderleaf Basin,person,person,0.8193
2026-08-02,14:19:44,Pine Hollow Zone,giraffe,giraffe,0.6189
2026-08-02,14:19:44,Pine Hollow Zone,person,person,0.799
2026-08-02,14:19:44,Fernvale Thicket,giraffe,giraffe,0.5324
2026-08-02,14:19:44,Fernvale Thicket,person,person,0.7679
2026-08-02,14:19:44,North Ridge Forest,horse,horse,0.569
2026-08-02,14:19:45,Misty Creek Grove,person,person,0.7205
2026-08-02,14:19:45,Misty Creek Grove,horse,horse,0.5507
2026-08-02,14:19:45,Elderleaf Basin,person,person,0.8053
2026-08-02,14:19:45,Pine Hollow Zone,horse,horse,0.5753
2026-08-02,14:19:45,North Ridge Forest,person,person,0.8274
2026-08-02,14:19:45,Fernvale Thicket,horse,horse,0.5563
2026-08-02,14:19:45,Elderleaf Basin,person,person,0.9047
2026-08-02,14:19:45,Greywood Edge,person,person,0.9151
2026-08-02,14:19:46,Misty Creek Grove,person,person,0.8808
2026-08-02,14:19:46,Fernvale Thicket,person,person,0.8511
2026-08-02,14:19:46,North Ridge Forest,person,person,0.8772
2026-08-02,14:19:46,North Ridge Forest,person,person,0.8871
2026-08-02,14:19:46,Fernvale Thicket,giraffe,giraffe,0.4601
2026-08-02,14:19:47,North Ridge Forest,person,person,0.883
2026-08-02,14:19:47,North Ridge Forest,person,person,0.884
2026-08-02,14:19:47,Fernvale Thicket,person,person,0.8783
2026-08-02,14:19:47,Fernvale Thicket,person,person,0.9098
2026-08-02,14:19:47,North Ridge Forest,horse,horse,0.5408
2026-08-02,14:19:47,Elderleaf Basin,person,person,0.9116
2026-08-02,14:19:47,Fernvale Thicket,horse,horse,0.4577
2026-08-02,14:19:48,Fernvale Thicket,person,person,0.9105
2026-08-02,14:19:48,Elderleaf Basin,horse,horse,0.5088
2026-08-02,14:19:48,Pine Hollow Zone,person,person,0.9033
2026-08-02,14:19:48,Misty Creek Grove,person,person,0.8966
2026-08-02,14:19:48,Misty Creek Grove,person,person,0.9118
2026-08-02,14:19:49,Misty Creek Grove,person,person,0.8743
2026-08-02,14:19:49,Greywood Edge,person,person,0.9119
2026-08-02,14:19:49,Misty Creek Grove,horse,horse,0.5666
2026-08-02,14:19:49,North Ridge Forest,person,person,0.9129
2026-08-02,14:19:49,Misty Creek Grove,giraffe,giraffe,0.855
2026-08-02,14:19:49,Elderleaf Basin,person,person,0.8917
2026-08-02,14:19:50,Elderleaf Basin,person,person,0.8208
2026-08-02,14:19:50,Misty Creek Grove,person,person,0.9224
2026-08-02,14:19:50,North Ridge Forest,person,person,0.9186
2026-08-02,14:19:50,North Ridge Forest,person,person,0.9164
2026-08-02,14:19:50,North Ridge Forest,cow,cow,0.5823
2026-08-02,14:19:50,Fernvale Thicket,person,person,0.919
2026-08-02,14:19:50,Greywood Edge,cow,cow,0.4917
2026-08-02,14:19:50,Misty Creek Grove,person,person,0.9036
2026-08-02,14:19:50,North Ridge Forest,horse,horse,0.6799
2026-08-02,14:19:51,Greywood Edge,person,person,0.8823
2026-08-02,14:19:51,North Ridge Forest,person,person,0.893
2026-08-02,14:19:51,Elderleaf Basin,dog,dog,0.588
2026-08-02,14:19:51,Pine Hollow Zone,person,person,0.89
2026-08-02,14:19:51,Fernvale Thicket,dog,dog,0.7163
2026-08-02,14:19:51,Elderleaf Basin,person,person,0.9011
2026-08-02,14:19:51,North Ridge Forest,person,person,0.897
2026-08-02,14:19:51,Fernvale Thicket,dog,dog,0.6494
2026-08-02,14:19:52,Elderleaf Basin,person,person,0.9062
2026-08-02,14:19:52,Pine Hollow Zone,dog,dog,0.6151
2026-08-02,14:19:52,North Ridge Forest,person,person,0.8886
2026-08-02,14:19:52,Elderleaf Basin,person,person,0.9216
2026-08-02,14:19:52,Greywood Edge,person,person,0.9235
2026-08-02,14:19:52,Elderleaf Basin,horse,horse,0.4887
2026-08-02,14:19:52,Pine Hollow Zone,person,person,0.9223
2026-08-02,14:19:52,Greywood Edge,person,person,0.9188
2026-08-02,14:19:52,Fernvale Thicket,person,person,0.9148
2026-08-02,14:19:53,Pine Hollow Zone,person,person,0.8983
2026-08-02,14:19:53,North Ridge Forest,person,person,0.8942
2026-08-02,14:19:53,Elderleaf Basin,person,person,0.9023
2026-08-02,14:19:53,Fernvale Thicket,person,person,0.9015
2026-08-02,14:19:53,Greywood Edge,person,person,0.8502
2026-08-02,14:19:53,Elderleaf Basin,person,person,0.9071
2026-08-02,14:19:53,Greywood Edge,dog,dog,0.6705
2026-08-02,14:19:54,Greywood Edge,person,person,0.8997
2026-08-02,14:19:54,Misty Creek Grove,dog,dog,0.4702
2026-08-02,14:19:54,Pine Hollow Zone,person,person,0.8511
2026-08-02,14:19:54,North Ridge Forest,person,person,0.8923
2026-08-02,14:19:54,Fernvale Thicket,bear,bear,0.4808
2026-08-02,14:19:54,Elderleaf Basin,person,person,0.4789
2026-08-02,14:19:54,Fernvale Thicket,person,person,0.9005
2026-08-02,14:19:54,Greywood Edge,person,person,0.5541
2026-08-02,14:19:54,Greywood Edge,person,person,0.8905
2026-08-02,14:19:55,Elderleaf Basin,person,person,0.887
2026-08-02,14:19:55,Pine Hollow Zone,dog,dog,0.7427
2026-08-02,14:19:55,Misty Creek Grove,person,person,0.8216
2026-08-02,14:19:55,Misty Creek Grove,dog,dog,0.4729
2026-08-02,14:19:55,Greywood Edge,person,person,0.8747
2026-08-02,14:19:55,North Ridge Forest,horse,horse,0.6726
2026-08-02,14:19:55,Elderleaf Basin,person,person,0.8934
2026-08-02,14:19:55,Fernvale Thicket,dog,dog,0.655
2026-08-02,14:19:55,Misty Creek Grove,person,person,0.8989
2026-08-02,14:19:55,North Ridge Forest,horse,horse,0.6104
2026-08-02,14:19:56,Greywood Edge,person,person,0.8913
2026-08-02,14:19:56,Misty Creek Grove,horse,horse,0.653
2026-08-02,14:19:56,Pine Hollow Zone,person,person,0.8955
2026-08-02,14:19:56,Misty Creek Grove,horse,horse,0.6017
2026-08-02,14:19:56,Pine Hollow Zone,person,person,0.8953
2026-08-02,14:19:56,Elderleaf Basin,dog,dog,0.5678
2026-08-02,14:19:56,Fernvale Thicket,person,person,0.9047
2026-08-02,14:19:56,Pine Hollow Zone,horse,horse,0.6451
2026-08-02,14:19:56,Pine Hollow Zone,person,person,0.8979
2026-08-02,14:19:56,Greywood Edge,horse,horse,0.7877
2026-08-02,14:19:57,North Ridge Forest,person,person,0.896
2026-08-02,14:19:57,Fernvale Thicket,horse,horse,0.5632
2026-08-02,14:19:57,Pine Hollow Zone,person,person,0.8935
2026-08-02,14:19:57,Pine Hollow Zone,person,person,0.8427
2026-08-02,14:19:57,Elderleaf Basin,horse,horse,0.7112
2026-08-02,14:19:57,Elderleaf Basin,person,person,0.875
2026-08-02,14:19:57,North Ridge Forest,horse,horse,0.7547
2026-08-02,14:19:57,Greywood Edge,person,person,0.8936
2026-08-02,14:19:57,Greywood Edge,dog,dog,0.576
2026-08-02,14:19:58,Pine Hollow Zone,person,person,0.8971
2026-08-02,14:19:58,Greywood Edge,person,person,0.9048
2026-08-02,14:19:58,Misty Creek Grove,person,person,0.9257
2026-08-02,14:19:58,Greywood Edge,person,person,0.9054
2026-08-02,14:19:58,Misty Creek Grove,dog,dog,0.5632
2026-08-02,14:19:58,Misty Creek Grove,person,person,0.9114
2026-08-02,14:19:58,North Ridge Forest,person,person,0.706
2026-08-02,14:19:59,Elderleaf Basin,person,person,0.7789
2026-08-02,14:19:59,Pine Hollow Zone,dog,dog,0.4545
2026-08-02,14:19:59,Fernvale Thicket,person,person,0.8728
2026-08-02,14:19:59,North Ridge Forest,sheep,sheep,0.5212
2026-08-02,14:19:59,Misty Creek Grove,person,person,0.4506
2026-08-02,14:19:59,North Ridge Forest,person,person,0.8918
2026-08-02,14:19:59,Greywood Edge,person,person,0.5302
2026-08-02,14:19:59,Elderleaf Basin,person,person,0.8998
2026-08-02,14:19:59,Pine Hollow Zone,person,person,0.8591
2026-08-02,14:20:00,Pine Hollow Zone,person,person,0.8611
2026-08-02,14:20:00,Greywood Edge,dog,dog,0.5283
2026-08-02,14:20:00,Misty Creek Grove,person,person,0.8832
2026-08-02,14:20:00,Elderleaf Basin,dog,dog,0.6908
2026-08-02,14:20:00,Pine Hollow Zone,person,person,0.9019
2026-08-02,14:20:00,Pine Hollow Zone,horse,horse,0.5585
2026-08-02,14:20:00,Elderleaf Basin,person,person,0.8663
2026-08-02,14:20:00,Pine Hollow Zone,horse,horse,0.7772
2026-08-02,14:20:00,Pine Hollow Zone,dog,dog,0.4852
2026-08-02,14:20:00,Elderleaf Basin,person,person,0.8904
2026-08-02,14:20:00,Fernvale Thicket,dog,dog,0.6782
2026-08-02,14:20:01,Pine Hollow Zone,person,person,0.884
2026-08-02,14:20:01,Fernvale Thicket,dog,dog,0.6303
2026-08-02,14:20:01,Misty Creek Grove,person,person,0.8824
2026-08-02,14:20:01,North Ridge Forest,person,person,0.8824
2026-08-02,14:20:01,Fernvale Thicket,dog,dog,0.5562
2026-08-02,14:20:01,Elderleaf Basin,giraffe,giraffe,0.5045
2026-08-02,14:20:01,Pine Hollow Zone,person,person,0.9121
2026-08-02,14:20:01,Misty Creek Grove,giraffe,giraffe,0.4575
2026-08-02,14:20:01,Greywood Edge,dog,dog,0.452
2026-08-02,14:20:01,Greywood Edge,person,person,0.9024
2026-08-02,14:20:01,Elderleaf Basin,giraffe,giraffe,0.8909
2026-08-02,14:20:01,Pine Hollow Zone,person,person,0.9044
2026-08-02,14:20:01,North Ridge Forest,giraffe,giraffe,0.7807
2026-08-02,14:20:02,North Ridge Forest,person,person,0.4514
2026-08-02,14:20:02,Pine Hollow Zone,person,person,0.8149
2026-08-02,14:20:02,Pine Hollow Zone,person,person,0.7539
2026-08-02,14:20:02,Elderleaf Basin,cat,cat,0.5415
2026-08-02,14:20:02,Pine Hollow Zone,person,person,0.8003
2026-08-02,14:20:02,Fernvale Thicket,person,person,0.6971
2026-08-02,14:20:02,Greywood Edge,person,person,0.8323
2026-08-02,14:20:03,Fernvale Thicket,person,person,0.8796
2026-08-02,14:20:03,Fernvale Thicket,person,person,0.8744
2026-08-02,14:20:03,Greywood Edge,person,person,0.8734
2026-08-02,14:20:03,Fernvale Thicket,person,person,0.8662
2026-08-02,14:20:03,Misty Creek Grove,person,person,0.8598
2026-08-02,14:20:04,Greywood Edge,person,person,0.8749
2026-08-02,14:20:04,Fernvale Thicket,person,person,0.8677
2026-08-02,14:20:04,North Ridge Forest,person,person,0.8489
2026-08-02,14:20:04,Pine Hollow Zone,person,person,0.8489
2026-08-02,14:20:04,North Ridge Forest,person,person,0.8687
2026-08-02,14:20:04,Misty Creek Grove,person,person,0.8475
2026-08-02,14:20:05,Fernvale Thicket,person,person,0.8562
2026-08-02,14:20:05,Elderleaf Basin,person,person,0.8561
2026-08-02,14:20:05,Pine Hollow Zone,person,person,0.8597
2026-08-02,14:20:05,Fernvale Thicket,person,person,0.869
2026-08-02,14:20:05,Misty Creek Grove,person,person,0.8631
2026-08-02,14:20:06,Pine Hollow Zone,person,person,0.8657
2026-08-02,14:20:06,Misty Creek Grove,person,person,0.8716
2026-08-02,14:20:06,Fernvale Thicket,person,person,0.8634
2026-08-02,14:20:06,Pine Hollow Zone,person,person,0.8545
2026-08-02,14:20:06,Fernvale Thicket,person,person,0.8495
2026-08-02,14:20:07,Elderleaf Basin,person,person,0.8524
2026-08-02,14:20:34,Misty Creek Grove,person,person,0.8077
2026-08-02,14:20:34,North Ridge Forest,person,person,0.8574
2026-08-02,14:20:35,Elderleaf Basin,person,person,0.6861
2026-08-02,14:20:35,Fernvale Thicket,person,person,0.8917
2026-08-02,14:20:35,Pine Hollow Zone,cow,cow,0.5538
2026-08-02,14:20:35,Elderleaf Basin,person,person,0.8391
2026-08-02,14:20:35,Fernvale Thicket,bear,bear,0.5402
2026-08-02,14:20:35,Elderleaf Basin,person,person,0.7556
2026-08-02,14:20:35,North Ridge Forest,bear,bear,0.5578
2026-08-02,14:20:35,Elderleaf Basin,bear,bear,0.4575
2026-08-02,14:20:36,Greywood Edge,person,person,0.8174
2026-08-02,14:20:36,Pine Hollow Zone,person,person,0.8892
2026-08-02,14:20:36,Pine Hollow Zone,person,person,0.8688
2026-08-02,14:20:36,Greywood Edge,person,person,0.8971
2026-08-02,14:20:36,Fernvale Thicket,person,person,0.9125
2026-08-02,14:20:36,Misty Creek Grove,cow,cow,0.738
2026-08-02,14:20:37,North Ridge Forest,person,person,0.9087
2026-08-02,14:20:37,Fernvale Thicket,bear,bear,0.635
2026-08-02,14:20:37,Greywood Edge,person,person,0.9092
2026-08-02,14:20:37,Pine Hollow Zone,cow,cow,0.5363
2026-08-02,14:20:37,Elderleaf Basin,person,person,0.93
2026-08-02,14:20:37,Fernvale Thicket,person,person,0.9228
2026-08-02,14:20:37,Pine Hollow Zone,cow,cow,0.7927
2026-08-02,14:20:38,Greywood Edge,person,person,0.9261
2026-08-02,14:20:38,Pine Hollow Zone,cow,cow,0.7821
2026-08-02,14:20:38,Greywood Edge,person,person,0.9246
2026-08-02,14:20:38,Elderleaf Basin,cow,cow,0.6554
2026-08-02,14:20:38,Pine Hollow Zone,person,person,0.9245
2026-08-02,14:20:38,Misty Creek Grove,cow,cow,0.7817
2026-08-02,14:20:38,North Ridge Forest,person,person,0.922
2026-08-02,14:20:38,Pine Hollow Zone,cow,cow,0.7827
2026-08-02,14:20:38,North Ridge Forest,person,person,0.9255
2026-08-02,14:20:38,Pine Hollow Zone,cow,cow,0.7138
2026-08-02,14:20:38,Elderleaf Basin,person,person,0.9265
2026-08-02,14:20:38,Elderleaf Basin,cow,cow,0.7346
2026-08-02,14:20:39,Greywood Edge,person,person,0.9055
2026-08-02,14:20:39,Misty Creek Grove,person,person,0.7528
2026-08-02,14:20:39,Greywood Edge,bear,bear,0.6155
2026-08-02,14:20:39,Misty Creek Grove,person,person,0.8041
2026-08-02,14:20:39,Greywood Edge,bear,bear,0.6514
2026-08-02,14:20:39,Misty Creek Grove,person,person,0.7586
2026-08-02,14:20:39,Misty Creek Grove,person,person,0.8124
2026-08-02,14:20:39,Fernvale Thicket,cow,cow,0.6438
2026-08-02,14:20:40,Elderleaf Basin,person,person,0.8556
2026-08-02,14:20:40,Greywood Edge,cow,cow,0.8068
2026-08-02,14:20:40,Misty Creek Grove,person,person,0.8868
2026-08-02,14:20:40,Misty Creek Grove,cow,cow,0.7691
2026-08-02,14:20:40,Misty Creek Grove,person,person,0.8945
2026-08-02,14:20:40,North Ridge Forest,cow,cow,0.7393
2026-08-02,14:20:40,Greywood Edge,person,person,0.8864
2026-08-02,14:20:40,Greywood Edge,cow,cow,0.7365
2026-08-02,14:20:40,North Ridge Forest,person,person,0.888
2026-08-02,14:20:40,Elderleaf Basin,cow,cow,0.744
2026-08-02,14:20:40,North Ridge Forest,person,person,0.8965
2026-08-02,14:20:40,Greywood Edge,cow,cow,0.692
2026-08-02,14:20:41,Misty Creek Grove,person,person,0.8158
2026-08-02,14:20:41,Greywood Edge,cow,cow,0.7293
2026-08-02,14:20:41,Misty Creek Grove,person,person,0.8875
2026-08-02,14:20:41,Elderleaf Basin,cow,cow,0.6915
2026-08-02,14:20:41,Greywood Edge,person,person,0.8843
2026-08-02,14:20:41,Misty Creek Grove,cow,cow,0.8019
2026-08-02,14:20:41,Greywood Edge,person,person,0.8399
2026-08-02,14:20:41,Greywood Edge,person,person,0.7032
2026-08-02,14:20:41,Greywood Edge,person,person,0.7653
2026-08-02,14:20:41,Misty Creek Grove,cow,cow,0.4964
2026-08-02,14:20:42,Elderleaf Basin,person,person,0.7346
2026-08-02,14:20:42,Fernvale Thicket,cow,cow,0.6336
2026-08-02,14:20:42,Misty Creek Grove,person,person,0.6646
2026-08-02,14:20:42,Fernvale Thicket,cow,cow,0.5625
2026-08-02,14:20:42,Fernvale Thicket,cow,cow,0.7936
2026-08-02,14:20:42,Misty Creek Grove,person,person,0.65
2026-08-02,14:20:42,Pine Hollow Zone,cow,cow,0.8468
2026-08-02,14:20:42,North Ridge Forest,person,person,0.6927
2026-08-02,14:20:42,Misty Creek Grove,cow,cow,0.4649
2026-08-02,14:20:42,Pine Hollow Zone,person,person,0.7261
2026-08-02,14:20:42,Greywood Edge,person,person,0.787
2026-08-02,14:20:42,North Ridge Forest,cow,cow,0.5155
2026-08-02,14:20:43,North Ridge Forest,person,person,0.7907
2026-08-02,14:20:43,Pine Hollow Zone,cow,cow,0.8262
2026-08-02,14:20:43,Pine Hollow Zone,person,person,0.8199
2026-08-02,14:20:43,Misty Creek Grove,cow,cow,0.4542
2026-08-02,14:20:43,Greywood Edge,person,person,0.6688
2026-08-02,14:20:43,North Ridge Forest,person,person,0.7731
2026-08-02,14:20:43,Fernvale Thicket,cow,cow,0.6003
2026-08-02,14:20:43,North Ridge Forest,person,person,0.8706
2026-08-02,14:20:43,Misty Creek Grove,cow,cow,0.8226
2026-08-02,14:20:44,North Ridge Forest,person,person,0.88
2026-08-02,14:20:44,Greywood Edge,cow,cow,0.762
2026-08-02,14:20:44,Greywood Edge,person,person,0.868
2026-08-02,14:20:44,Pine Hollow Zone,cow,cow,0.7701
2026-08-02,14:20:44,Greywood Edge,person,person,0.9127
2026-08-02,14:20:44,Misty Creek Grove,cow,cow,0.7664
2026-08-02,14:20:44,North Ridge Forest,person,person,0.909
2026-08-02,14:20:44,Pine Hollow Zone,cow,cow,0.7521
2026-08-02,14:20:44,Elderleaf Basin,person,person,0.8678
2026-08-02,14:20:44,Elderleaf Basin,cow,cow,0.6689
2026-08-02,14:20:45,Pine Hollow Zone,person,person,0.9027
2026-08-02,14:20:45,North Ridge Forest,cow,cow,0.656
2026-08-02,14:20:45,Pine Hollow Zone,person,person,0.9128
2026-08-02,14:20:45,North Ridge Forest,cow,cow,0.7585
2026-08-02,14:20:45,Pine Hollow Zone,person,person,0.9007
2026-08-02,14:20:45,Greywood Edge,cow,cow,0.7927
2026-08-02,14:20:45,Elderleaf Basin,person,person,0.9097
2026-08-02,14:20:45,Misty Creek Grove,cow,cow,0.6754
2026-08-02,14:20:45,Greywood Edge,person,person,0.9266
2026-08-02,14:20:45,North Ridge Forest,cow,cow,0.552
2026-08-02,14:20:45,Elderleaf Basin,person,person,0.9214
2026-08-02,14:20:45,North Ridge Forest,cow,cow,0.7552
2026-08-02,14:20:46,Greywood Edge,person,person,0.9286
2026-08-02,14:20:46,Greywood Edge,cow,cow,0.4997
2026-08-02,14:20:46,Elderleaf Basin,person,person,0.924
2026-08-02,14:20:46,Elderleaf Basin,cow,cow,0.5624
2026-08-02,14:20:46,Fernvale Thicket,person,person,0.9163
2026-08-02,14:20:46,Misty Creek Grove,cow,cow,0.8175
2026-08-02,14:20:46,Elderleaf Basin,person,person,0.8789
2026-08-02,14:20:46,North Ridge Forest,person,person,0.839
2026-08-02,14:20:47,Greywood Edge,person,person,0.8858
2026-08-02,14:20:47,Fernvale Thicket,cow,cow,0.7379
2026-08-02,14:20:47,Pine Hollow Zone,person,person,0.8827
2026-08-02,14:20:47,Elderleaf Basin,cow,cow,0.7082
2026-08-02,14:20:47,North Ridge Forest,person,person,0.856
2026-08-02,14:20:47,Pine Hollow Zone,person,person,0.8079
2026-08-02,14:20:47,Elderleaf Basin,person,person,0.8532
2026-08-02,14:20:47,Misty Creek Grove,person,person,0.848
2026-08-02,14:20:48,Fernvale Thicket,person,person,0.8237
2026-08-02,14:20:48,Misty Creek Grove,person,person,0.8455
2026-08-02,14:20:48,Misty Creek Grove,person,person,0.856
2026-08-02,14:20:48,Pine Hollow Zone,person,person,0.793
2026-08-02,14:20:48,Fernvale Thicket,person,person,0.8425
2026-08-02,14:20:49,Misty Creek Grove,person,person,0.7845
2026-08-02,14:20:49,Fernvale Thicket,person,person,0.7578
2026-08-02,14:20:49,Pine Hollow Zone,bear,bear,0.6184
2026-08-02,14:20:49,Greywood Edge,person,person,0.5569
2026-08-02,14:20:49,Greywood Edge,person,person,0.5676
2026-08-02,14:20:49,Misty Creek Grove,person,person,0.6479
2026-08-02,14:20:49,Fernvale Thicket,cow,cow,0.5392
2026-08-02,14:20:50,Pine Hollow Zone,cow,cow,0.7268
2026-08-02,14:20:50,Fernvale Thicket,person,person,0.6038
2026-08-02,14:20:50,Misty Creek Grove,person,person,0.7042
2026-08-02,14:20:50,Pine Hollow Zone,cow,cow,0.5843
2026-08-02,14:20:50,Pine Hollow Zone,person,person,0.8729
2026-08-02,14:20:50,Elderleaf Basin,cow,cow,0.6419
2026-08-02,14:20:50,North Ridge Forest,person,person,0.8863
2026-08-02,14:20:50,North Ridge Forest,person,person,0.8947
2026-08-02,14:20:50,Elderleaf Basin,cow,cow,0.8047
2026-08-02,14:20:50,Pine Hollow Zone,person,person,0.8655
2026-08-02,14:20:50,Elderleaf Basin,cow,cow,0.8478
2026-08-02,14:20:50,Greywood Edge,person,person,0.9066
2026-08-02,14:20:50,Greywood Edge,cow,cow,0.8804
2026-08-02,14:20:51,Fernvale Thicket,person,person,0.8808
2026-08-02,14:20:51,Elderleaf Basin,cow,cow,0.8164
2026-08-02,14:20:51,North Ridge Forest,person,person,0.8695
2026-08-02,14:20:51,Greywood Edge,cow,cow,0.852
2026-08-02,14:20:51,Pine Hollow Zone,person,person,0.9012
2026-08-02,14:20:51,Misty Creek Grove,cow,cow,0.8241
2026-08-02,14:20:51,Elderleaf Basin,person,person,0.9002
2026-08-02,14:20:51,Elderleaf Basin,cow,cow,0.7938
2026-08-02,14:20:51,Pine Hollow Zone,person,person,0.893
2026-08-02,14:20:51,Greywood Edge,cow,cow,0.6223
2026-08-02,14:20:52,Fernvale Thicket,person,person,0.8623
2026-08-02,14:20:52,Elderleaf Basin,cow,cow,0.7238
2026-08-02,14:20:52,Greywood Edge,cow,cow,0.8585
2026-08-02,14:20:52,Misty Creek Grove,person,person,0.7761
2026-08-02,14:20:52,Elderleaf Basin,person,person,0.8685
2026-08-02,14:20:52,Elderleaf Basin,cow,cow,0.8675
2026-08-02,14:20:52,Greywood Edge,person,person,0.8882
2026-08-02,14:20:52,North Ridge Forest,cow,cow,0.8152
2026-08-02,14:20:52,North Ridge Forest,person,person,0.879
2026-08-02,14:20:52,Elderleaf Basin,cow,cow,0.8233
2026-08-02,14:20:52,Pine Hollow Zone,person,person,0.8723
2026-08-02,14:20:52,Fernvale Thicket,cow,cow,0.7467
2026-08-02,14:20:53,North Ridge Forest,person,person,0.8801
2026-08-02,14:20:53,Greywood Edge,cow,cow,0.7624
2026-08-02,14:20:53,Pine Hollow Zone,person,person,0.8398
2026-08-02,14:20:53,Pine Hollow Zone,cow,cow,0.8225
2026-08-02,14:20:53,Fernvale Thicket,person,person,0.8383
2026-08-02,14:20:53,Pine Hollow Zone,cow,cow,0.8096
2026-08-02,14:20:53,Elderleaf Basin,person,person,0.7134
2026-08-02,14:20:53,Misty Creek Grove,cow,cow,0.671
2026-08-02,14:20:53,Elderleaf Basin,person,person,0.8755
2026-08-02,14:20:53,North Ridge Forest,cow,cow,0.7856
2026-08-02,14:20:54,Greywood Edge,cow,cow,0.8426
2026-08-02,14:20:54,Fernvale Thicket,person,person,0.8116
2026-08-02,14:20:54,Elderleaf Basin,person,person,0.6866
2026-08-02,14:20:54,Greywood Edge,cow,cow,0.6802
2026-08-02,14:20:54,Pine Hollow Zone,person,person,0.539
2026-08-02,14:20:54,Fernvale Thicket,cow,cow,0.7303
2026-08-02,14:20:54,North Ridge Forest,person,person,0.6592
2026-08-02,14:20:54,Pine Hollow Zone,person,person,0.6649
2026-08-02,14:20:54,North Ridge Forest,cow,cow,0.6032
2026-08-02,14:20:55,Fernvale Thicket,cow,cow,0.7681
2026-08-02,14:20:55,Pine Hollow Zone,person,person,0.7142
2026-08-02,14:20:55,Greywood Edge,cow,cow,0.7232
2026-08-02,14:20:55,Misty Creek Grove,person,person,0.6459
2026-08-02,14:20:55,Pine Hollow Zone,person,person,0.8843
2026-08-02,14:20:55,Fernvale Thicket,cow,cow,0.5678
2026-08-02,14:20:55,Greywood Edge,person,person,0.9174
2026-08-02,14:20:55,North Ridge Forest,cow,cow,0.788
2026-08-02,14:20:55,North Ridge Forest,cow,cow,0.4592
2026-08-02,14:20:55,Misty Creek Grove,person,person,0.9208
2026-08-02,14:20:56,Misty Creek Grove,person,person,0.9219
2026-08-02,14:20:56,Elderleaf Basin,person,person,0.9325
2026-08-02,14:20:56,Fernvale Thicket,cow,cow,0.7156
2026-08-02,14:20:56,Pine Hollow Zone,cow,cow,0.4742
2026-08-02,14:20:56,Pine Hollow Zone,person,person,0.9226
2026-08-02,14:20:56,North Ridge Forest,cow,cow,0.5057
2026-08-02,14:20:56,Pine Hollow Zone,person,person,0.8924
2026-08-02,14:20:56,Greywood Edge,cow,cow,0.4631
2026-08-02,14:20:56,Elderleaf Basin,person,person,0.911
2026-08-02,14:20:56,Pine Hollow Zone,cow,cow,0.6377
2026-08-02,14:20:56,North Ridge Forest,person,person,0.9021
2026-08-02,14:20:56,Misty Creek Grove,cow,cow,0.5841
2026-08-02,14:20:57,Pine Hollow Zone,person,person,0.877
2026-08-02,14:20:57,Fernvale Thicket,cow,cow,0.767
2026-08-02,14:20:57,North Ridge Forest,person,person,0.8692
2026-08-02,14:20:57,Fernvale Thicket,cow,cow,0.6313
2026-08-02,14:20:57,Greywood Edge,person,person,0.9111
2026-08-02,14:20:57,Misty Creek Grove,cow,cow,0.5927
2026-08-02,14:20:57,Fernvale Thicket,person,person,0.8983
2026-08-02,14:20:57,Elderleaf Basin,cow,cow,0.7245
2026-08-02,14:20:57,Misty Creek Grove,person,person,0.9102
2026-08-02,14:20:57,Fernvale Thicket,cow,cow,0.6543
2026-08-02,14:20:58,Pine Hollow Zone,person,person,0.8727
2026-08-02,14:20:58,North Ridge Forest,person,person,0.9129
2026-08-02,14:20:58,Fernvale Thicket,cow,cow,0.7828
2026-08-02,14:20:58,Fernvale Thicket,person,person,0.9197
2026-08-02,14:20:58,Greywood Edge,cow,cow,0.5746
2026-08-02,14:20:58,Elderleaf Basin,person,person,0.928
2026-08-02,14:20:58,Elderleaf Basin,cow,cow,0.5962
2026-08-02,14:20:58,North Ridge Forest,person,person,0.8591
2026-08-02,14:20:58,Elderleaf Basin,cow,cow,0.5308
2026-08-02,14:20:58,Fernvale Thicket,person,person,0.9001
2026-08-02,14:20:58,North Ridge Forest,cow,cow,0.7936
2026-08-02,14:20:59,Elderleaf Basin,person,person,0.9143
2026-08-02,14:20:59,Elderleaf Basin,cow,cow,0.5232
2026-08-02,14:20:59,North Ridge Forest,person,person,0.9347
2026-08-02,14:20:59,Fernvale Thicket,cow,cow,0.8194
2026-08-02,14:20:59,Pine Hollow Zone,person,person,0.9216
2026-08-02,14:20:59,Greywood Edge,cow,cow,0.6535
2026-08-02,14:20:59,Pine Hollow Zone,person,person,0.9316
2026-08-02,14:20:59,Fernvale Thicket,cow,cow,0.4671
2026-08-02,14:20:59,Greywood Edge,person,person,0.9185
2026-08-02,14:21:00,Misty Creek Grove,person,person,0.811
2026-08-02,14:21:00,Misty Creek Grove,person,person,0.827
2026-08-02,14:21:00,Greywood Edge,person,person,0.8127
2026-08-02,14:21:00,Greywood Edge,person,person,0.82
2026-08-02,14:21:01,North Ridge Forest,person,person,0.7388
2026-08-02,14:21:01,Fernvale Thicket,person,person,0.7577
2026-08-02,14:21:01,Elderleaf Basin,person,person,0.764
2026-08-02,14:21:01,Pine Hollow Zone,person,person,0.7617
2026-08-02,14:21:01,Fernvale Thicket,person,person,0.4524
2026-08-02,14:21:01,North Ridge Forest,person,person,0.7692
2026-08-02,14:21:01,North Ridge Forest,person,person,0.7777
2026-08-02,14:21:02,Fernvale Thicket,person,person,0.7982
2026-08-02,14:21:02,Elderleaf Basin,person,person,0.7986
2026-08-02,14:21:02,Fernvale Thicket,person,person,0.7946
2026-08-02,14:21:02,Pine Hollow Zone,person,person,0.8328
2026-08-02,14:21:10,Greywood Edge,person,person,0.6127
2026-08-02,14:21:10,Elderleaf Basin,person,person,0.4736
2026-08-02,14:21:10,Greywood Edge,person,person,0.7127
2026-08-02,14:21:10,Pine Hollow Zone,person,person,0.7858
2026-08-02,14:21:10,Misty Creek Grove,person,person,0.6443
2026-08-02,14:21:11,North Ridge Forest,person,person,0.684
2026-08-02,14:21:11,Elderleaf Basin,person,person,0.6421
2026-08-02,14:21:11,Greywood Edge,person,person,0.7828
2026-08-02,14:21:11,Elderleaf Basin,person,person,0.8921
2026-08-02,14:21:12,Elderleaf Basin,person,person,0.892
2026-08-02,14:21:12,Fernvale Thicket,person,person,0.8288
2026-08-02,14:21:12,North Ridge Forest,person,person,0.6859
2026-08-02,14:21:12,Pine Hollow Zone,person,person,0.6251
2026-08-02,14:21:12,Greywood Edge,cow,cow,0.4685
2026-08-02,14:21:12,North Ridge Forest,person,person,0.8854
2026-08-02,14:21:12,Greywood Edge,cow,cow,0.7787
2026-08-02,14:21:12,Fernvale Thicket,person,person,0.8432
2026-08-02,14:21:12,Greywood Edge,cow,cow,0.7842
2026-08-02,14:21:13,Pine Hollow Zone,person,person,0.7936
2026-08-02,14:21:13,Greywood Edge,cow,cow,0.7674
2026-08-02,14:21:13,Misty Creek Grove,person,person,0.8857
2026-08-02,14:21:13,North Ridge Forest,cow,cow,0.5921
2026-08-02,14:21:13,Pine Hollow Zone,person,person,0.8134
2026-08-02,14:21:13,North Ridge Forest,person,person,0.8555
2026-08-02,14:21:13,North Ridge Forest,person,person,0.7936
2026-08-02,14:21:13,Elderleaf Basin,person,person,0.5783
2026-08-02,14:21:14,North Ridge Forest,person,person,0.8114
2026-08-02,14:21:14,Pine Hollow Zone,person,person,0.8503
2026-08-02,14:21:14,Elderleaf Basin,person,person,0.8813
2026-08-02,14:21:14,North Ridge Forest,person,person,0.8402
2026-08-02,14:21:14,Pine Hollow Zone,person,person,0.8552
2026-08-02,14:21:15,Pine Hollow Zone,person,person,0.8726
2026-08-02,14:21:15,Elderleaf Basin,person,person,0.8167
2026-08-02,14:21:15,Greywood Edge,cow,cow,0.7287
2026-08-02,14:21:15,North Ridge Forest,person,person,0.8505
2026-08-02,14:21:15,Fernvale Thicket,person,person,0.6564
2026-08-02,14:21:15,Elderleaf Basin,person,person,0.5865
2026-08-02,14:21:16,North Ridge Forest,person,person,0.7595
2026-08-02,14:21:16,Fernvale Thicket,person,person,0.4869
2026-08-02,14:21:16,North Ridge Forest,person,person,0.4598
2026-08-02,14:21:16,North Ridge Forest,person,person,0.6624
2026-08-02,14:21:16,North Ridge Forest,person,person,0.5484
2026-08-02,14:21:16,Fernvale Thicket,person,person,0.8088
2026-08-02,14:21:17,North Ridge Forest,person,person,0.7277
2026-08-02,14:21:17,North Ridge Forest,person,person,0.6195
2026-08-02,14:21:17,Fernvale Thicket,person,person,0.6085
2026-08-02,14:21:17,North Ridge Forest,person,person,0.5299
2026-08-02,14:21:17,Pine Hollow Zone,cow,cow,0.7728
2026-08-02,14:21:17,North Ridge Forest,person,person,0.7629
2026-08-02,14:21:17,Pine Hollow Zone,person,person,0.6117
2026-08-02,14:21:17,North Ridge Forest,person,person,0.4618
2026-08-02,14:21:17,North Ridge Forest,person,person,0.6649
2026-08-02,14:21:18,Misty Creek Grove,cow,cow,0.8274
2026-08-02,14:21:18,Misty Creek Grove,person,person,0.8202
2026-08-02,14:21:18,Elderleaf Basin,person,person,0.7233
2026-08-02,14:21:18,Greywood Edge,cow,cow,0.889
2026-08-02,14:21:18,Fernvale Thicket,person,person,0.8683
2026-08-02,14:21:18,Misty Creek Grove,person,person,0.88
2026-08-02,14:21:18,Fernvale Thicket,cow,cow,0.8091
2026-08-02,14:21:18,Fernvale Thicket,person,person,0.8792
2026-08-02,14:21:18,Greywood Edge,cow,cow,0.8425
2026-08-02,14:21:18,Fernvale Thicket,cow,cow,0.9243
2026-08-02,14:21:18,Fernvale Thicket,person,person,0.8739
2026-08-02,14:21:19,Elderleaf Basin,person,person,0.8838
2026-08-02,14:21:19,Elderleaf Basin,cow,cow,0.8824
2026-08-02,14:21:19,Fernvale Thicket,cow,cow,0.8913
2026-08-02,14:21:19,North Ridge Forest,person,person,0.877
2026-08-02,14:21:19,Pine Hollow Zone,cow,cow,0.9078
2026-08-02,14:21:19,Greywood Edge,person,person,0.8897
2026-08-02,14:21:19,Pine Hollow Zone,cow,cow,0.8973
2026-08-02,14:21:19,Pine Hollow Zone,person,person,0.8928
2026-08-02,14:21:19,Pine Hollow Zone,cow,cow,0.8965
2026-08-02,14:21:19,Misty Creek Grove,person,person,0.87
2026-08-02,14:21:19,North Ridge Forest,person,person,0.8592
2026-08-02,14:21:19,Elderleaf Basin,cow,cow,0.852
2026-08-02,14:21:19,Greywood Edge,cow,cow,0.9211
2026-08-02,14:21:19,Misty Creek Grove,person,person,0.8776
2026-08-02,14:21:20,Greywood Edge,person,person,0.7578
2026-08-02,14:21:20,North Ridge Forest,cow,cow,0.556
2026-08-02,14:21:20,North Ridge Forest,cow,cow,0.9069
2026-08-02,14:21:20,Misty Creek Grove,person,person,0.8988
2026-08-02,14:21:20,Greywood Edge,cow,cow,0.9375
2026-08-02,14:21:20,Misty Creek Grove,person,person,0.8946
2026-08-02,14:21:20,North Ridge Forest,cow,cow,0.8391
2026-08-02,14:21:20,Fernvale Thicket,person,person,0.823
2026-08-02,14:21:20,Misty Creek Grove,person,person,0.7142
2026-08-02,14:21:20,North Ridge Forest,person,person,0.6897
2026-08-02,14:21:20,Greywood Edge,person,person,0.468
2026-08-02,14:21:20,Fernvale Thicket,person,person,0.4547
2026-08-02,14:21:20,North Ridge Forest,person,person,0.6799
2026-08-02,14:21:21,Misty Creek Grove,person,person,0.5396
2026-08-02,14:21:21,Elderleaf Basin,person,person,0.5824
2026-08-02,14:21:21,North Ridge Forest,person,person,0.7044
2026-08-02,14:21:21,Greywood Edge,person,person,0.8082
2026-08-02,14:21:21,North Ridge Forest,person,person,0.7294
2026-08-02,14:21:22,Misty Creek Grove,person,person,0.8091
2026-08-02,14:21:22,Fernvale Thicket,person,person,0.7029
2026-08-02,14:21:22,Elderleaf Basin,person,person,0.6319
2026-08-02,14:21:22,North Ridge Forest,person,person,0.6212
2026-08-02,14:21:22,Pine Hollow Zone,person,person,0.6293
2026-08-02,14:21:23,Greywood Edge,person,person,0.5706
2026-08-02,14:21:23,Fernvale Thicket,person,person,0.6763
2026-08-02,14:21:32,Misty Creek Grove,person,person,0.7249
2026-08-02,14:21:32,Greywood Edge,person,person,0.7455
2026-08-02,14:21:32,North Ridge Forest,person,person,0.6906
2026-08-02,14:21:33,Greywood Edge,person,person,0.646
2026-08-02,14:21:33,Greywood Edge,person,person,0.6986
2026-08-02,14:21:33,Elderleaf Basin,person,person,0.7349
2026-08-02,14:21:33,North Ridge Forest,person,person,0.7497
2026-08-02,14:21:34,Misty Creek Grove,person,person,0.7228
2026-08-02,14:21:34,Elderleaf Basin,person,person,0.7109
2026-08-02,14:21:34,Fernvale Thicket,person,person,0.7676
2026-08-02,14:21:34,Misty Creek Grove,person,person,0.8073
2026-08-02,14:21:35,Greywood Edge,zebra,zebra,0.7695
2026-08-02,14:21:35,North Ridge Forest,person,person,0.7533
2026-08-02,14:21:35,North Ridge Forest,person,person,0.7719
2026-08-02,14:21:35,Elderleaf Basin,zebra,zebra,0.6839
2026-08-02,14:21:35,Greywood Edge,person,person,0.8214
2026-08-02,14:21:35,Greywood Edge,zebra,zebra,0.7468
2026-08-02,14:21:35,Misty Creek Grove,person,person,0.8062
2026-08-02,14:21:35,Pine Hollow Zone,zebra,zebra,0.6435
2026-08-02,14:21:35,Fernvale Thicket,person,person,0.807
2026-08-02,14:21:35,Misty Creek Grove,zebra,zebra,0.6354
2026-08-02,14:21:36,Greywood Edge,person,person,0.7738
2026-08-02,14:21:36,Fernvale Thicket,person,person,0.7861
2026-08-02,14:21:36,Fernvale Thicket,person,person,0.6954
2026-08-02,14:21:36,Misty Creek Grove,zebra,zebra,0.5864
2026-08-02,14:21:36,Greywood Edge,person,person,0.7317
2026-08-02,14:21:37,Elderleaf Basin,person,person,0.7101
2026-08-02,14:21:37,Misty Creek Grove,person,person,0.6494
2026-08-02,14:21:37,Misty Creek Grove,person,person,0.5611
2026-08-02,14:21:37,Pine Hollow Zone,person,person,0.809
2026-08-02,14:21:38,Elderleaf Basin,person,person,0.7432
2026-08-02,14:21:38,Pine Hollow Zone,person,person,0.7971
2026-08-02,14:21:38,Greywood Edge,person,person,0.8075
2026-08-02,14:21:38,Misty Creek Grove,person,person,0.8179
2026-08-02,14:21:39,Misty Creek Grove,person,person,0.8255
2026-08-02,14:21:39,Greywood Edge,person,person,0.834
2026-08-02,14:21:39,Pine Hollow Zone,person,person,0.8366
2026-08-02,14:21:39,Fernvale Thicket,person,person,0.826
2026-08-02,14:21:39,Greywood Edge,person,person,0.8338
2026-08-02,14:21:39,Pine Hollow Zone,person,person,0.8379
2026-08-02,14:21:40,Greywood Edge,person,person,0.837
2026-08-02,14:21:40,Elderleaf Basin,person,person,0.6255
2026-08-02,14:22:03,Elderleaf Basin,person,person,0.5424
2026-08-02,14:22:04,Greywood Edge,person,person,0.4947
2026-08-02,14:22:04,North Ridge Forest,person,person,0.6436
2026-08-02,14:22:04,Elderleaf Basin,person,person,0.669
2026-08-02,14:22:04,North Ridge Forest,zebra,zebra,0.4983
2026-08-02,14:22:04,Pine Hollow Zone,person,person,0.7498
2026-08-02,14:22:04,Misty Creek Grove,person,person,0.668
2026-08-02,14:22:04,Pine Hollow Zone,person,person,0.6369
2026-08-02,14:22:04,Misty Creek Grove,person,person,0.7604
2026-08-02,14:22:05,Misty Creek Grove,person,person,0.5354
2026-08-02,14:22:05,Elderleaf Basin,person,person,0.5173
2026-08-02,14:22:05,North Ridge Forest,zebra,zebra,0.8338
2026-08-02,14:22:05,North Ridge Forest,person,person,0.4556
2026-08-02,14:22:06,Greywood Edge,zebra,zebra,0.8804
2026-08-02,14:22:06,Greywood Edge,zebra,zebra,0.6041
2026-08-02,14:22:06,North Ridge Forest,person,person,0.5369
2026-08-02,14:22:06,North Ridge Forest,person,person,0.57
2026-08-02,14:22:06,Greywood Edge,zebra,zebra,0.4779
2026-08-02,14:22:06,Misty Creek Grove,person,person,0.4708
2026-08-02,14:22:06,Misty Creek Grove,person,person,0.6638
2026-08-02,14:22:06,Fernvale Thicket,zebra,zebra,0.601
2026-08-02,14:22:06,North Ridge Forest,person,person,0.5828
2026-08-02,14:22:06,Pine Hollow Zone,person,person,0.4503
2026-08-02,14:22:07,Greywood Edge,zebra,zebra,0.9239
2026-08-02,14:22:07,Greywood Edge,person,person,0.7463
2026-08-02,14:22:07,North Ridge Forest,zebra,zebra,0.938
2026-08-02,14:22:07,Greywood Edge,person,person,0.817
2026-08-02,14:22:07,Fernvale Thicket,zebra,zebra,0.9407
2026-08-02,14:22:07,North Ridge Forest,person,person,0.838
2026-08-02,14:22:07,Greywood Edge,zebra,zebra,0.5307
2026-08-02,14:22:07,Pine Hollow Zone,zebra,zebra,0.9415
2026-08-02,14:22:07,Greywood Edge,person,person,0.5841
2026-08-02,14:22:07,Misty Creek Grove,zebra,zebra,0.9399
2026-08-02,14:22:07,Misty Creek Grove,person,person,0.754
2026-08-02,14:22:08,Pine Hollow Zone,zebra,zebra,0.9266
2026-08-02,14:22:08,Misty Creek Grove,person,person,0.6656
2026-08-02,14:22:08,Fernvale Thicket,zebra,zebra,0.9373
2026-08-02,14:22:08,Greywood Edge,person,person,0.5499
2026-08-02,14:22:08,Fernvale Thicket,zebra,zebra,0.9428
2026-08-02,14:22:08,North Ridge Forest,person,person,0.812
2026-08-02,14:22:08,Greywood Edge,zebra,zebra,0.9337
2026-08-02,14:22:08,Greywood Edge,person,person,0.8692
2026-08-02,14:22:08,Pine Hollow Zone,zebra,zebra,0.9364
2026-08-02,14:22:08,Greywood Edge,person,person,0.8693
2026-08-02,14:22:09,Fernvale Thicket,zebra,zebra,0.9333
2026-08-02,14:22:09,Fernvale Thicket,person,person,0.8803
2026-08-02,14:22:09,Pine Hollow Zone,car,car,0.4924
2026-08-02,14:22:09,North Ridge Forest,zebra,zebra,0.9341
2026-08-02,14:22:09,Greywood Edge,person,person,0.8819
2026-08-02,14:22:09,Fernvale Thicket,zebra,zebra,0.9387
2026-08-02,14:22:09,Greywood Edge,person,person,0.8746
2026-08-02,14:22:09,Pine Hollow Zone,zebra,zebra,0.9239
2026-08-02,14:22:09,Misty Creek Grove,person,person,0.6215
2026-08-02,14:22:09,North Ridge Forest,person,person,0.4737
2026-08-02,14:22:09,Fernvale Thicket,zebra,zebra,0.9346
2026-08-02,14:22:09,Elderleaf Basin,person,person,0.5527
2026-08-02,14:22:10,Greywood Edge,zebra,zebra,0.9243
2026-08-02,14:22:10,Fernvale Thicket,person,person,0.7435
2026-08-02,14:22:10,Misty Creek Grove,person,person,0.7529
2026-08-02,14:22:10,North Ridge Forest,person,person,0.7836
2026-08-02,14:22:10,North Ridge Forest,zebra,zebra,0.6394
2026-08-02,14:22:10,Greywood Edge,person,person,0.5738
2026-08-02,14:22:10,Fernvale Thicket,person,person,0.6573
2026-08-02,14:22:10,Elderleaf Basin,person,person,0.8288
2026-08-02,14:22:11,North Ridge Forest,person,person,0.7811
2026-08-02,14:22:11,Fernvale Thicket,zebra,zebra,0.4832
2026-08-02,14:22:11,North Ridge Forest,person,person,0.7549
2026-08-02,14:22:11,Greywood Edge,person,person,0.8299
2026-08-02,14:22:11,Greywood Edge,person,person,0.7699
2026-08-02,14:22:12,North Ridge Forest,person,person,0.5572
2026-08-02,14:22:12,Misty Creek Grove,zebra,zebra,0.4518
2026-08-02,14:22:12,Greywood Edge,zebra,zebra,0.6351
2026-08-02,14:22:12,Greywood Edge,person,person,0.5668
2026-08-02,14:22:12,Fernvale Thicket,zebra,zebra,0.7763
2026-08-02,14:22:12,Greywood Edge,person,person,0.5932
2026-08-02,14:22:13,North Ridge Forest,zebra,zebra,0.7894
2026-08-02,14:22:13,Elderleaf Basin,person,person,0.5047
2026-08-02,14:22:13,Misty Creek Grove,zebra,zebra,0.8053
2026-08-02,14:22:13,Fernvale Thicket,person,person,0.4953
2026-08-02,14:22:13,Elderleaf Basin,zebra,zebra,0.7037
2026-08-02,14:22:13,Greywood Edge,person,person,0.5463
2026-08-02,14:22:13,Fernvale Thicket,person,person,0.4609
2026-08-02,14:22:13,North Ridge Forest,zebra,zebra,0.8816
2026-08-02,14:22:13,Misty Creek Grove,person,person,0.5921
2026-08-02,14:22:14,Misty Creek Grove,zebra,zebra,0.7511
2026-08-02,14:22:14,Misty Creek Grove,person,person,0.5247
2026-08-02,14:22:14,Misty Creek Grove,zebra,zebra,0.8024
2026-08-02,14:22:14,Greywood Edge,person,person,0.5775
2026-08-02,14:22:14,Misty Creek Grove,zebra,zebra,0.5024
2026-08-02,14:22:14,Misty Creek Grove,person,person,0.476
2026-08-02,14:22:14,Elderleaf Basin,person,person,0.5924
2026-08-02,14:22:14,Fernvale Thicket,zebra,zebra,0.5384
2026-08-02,14:22:14,Greywood Edge,zebra,zebra,0.6512
2026-08-02,14:22:14,Elderleaf Basin,person,person,0.6065
2026-08-02,14:22:14,Misty Creek Grove,person,person,0.493
2026-08-02,14:22:14,Fernvale Thicket,person,person,0.5371
2026-08-02,14:22:14,Pine Hollow Zone,zebra,zebra,0.5196
2026-08-02,14:22:15,Misty Creek Grove,zebra,zebra,0.7952
2026-08-02,14:22:15,Misty Creek Grove,person,person,0.7595
2026-08-02,14:22:15,North Ridge Forest,zebra,zebra,0.7998
2026-08-02,14:22:15,Elderleaf Basin,person,person,0.6185
2026-08-02,14:22:15,Pine Hollow Zone,person,person,0.6927
2026-08-02,14:22:15,Pine Hollow Zone,zebra,zebra,0.6246
2026-08-02,14:22:15,North Ridge Forest,zebra,zebra,0.8785
2026-08-02,14:22:15,Greywood Edge,person,person,0.6643
2026-08-02,14:22:16,North Ridge Forest,zebra,zebra,0.799
2026-08-02,14:22:16,Misty Creek Grove,person,person,0.6509
2026-08-02,14:22:16,Pine Hollow Zone,person,person,0.7719
2026-08-02,14:22:16,North Ridge Forest,zebra,zebra,0.6572
2026-08-02,14:22:16,Fernvale Thicket,person,person,0.5449
2026-08-02,14:22:16,North Ridge Forest,zebra,zebra,0.5153
2026-08-02,14:22:16,Elderleaf Basin,zebra,zebra,0.8831
2026-08-02,14:22:16,Misty Creek Grove,person,person,0.675
2026-08-02,14:22:16,Greywood Edge,zebra,zebra,0.7172
2026-08-02,14:22:16,Greywood Edge,person,person,0.5248
2026-08-02,14:22:17,North Ridge Forest,zebra,zebra,0.8624
2026-08-02,14:22:17,Elderleaf Basin,person,person,0.7164
2026-08-02,14:22:17,Greywood Edge,zebra,zebra,0.8882
2026-08-02,14:22:17,Fernvale Thicket,person,person,0.6987
2026-08-02,14:22:17,Misty Creek Grove,zebra,zebra,0.8506
2026-08-02,14:22:17,North Ridge Forest,person,person,0.7122
2026-08-02,14:22:17,Pine Hollow Zone,zebra,zebra,0.8247
2026-08-02,14:22:17,Greywood Edge,person,person,0.7526
2026-08-02,14:22:17,Greywood Edge,zebra,zebra,0.8967
2026-08-02,14:22:17,Greywood Edge,person,person,0.7291
2026-08-02,14:22:17,Greywood Edge,zebra,zebra,0.9134
2026-08-02,14:22:17,Fernvale Thicket,person,person,0.6498
2026-08-02,14:22:18,Fernvale Thicket,person,person,0.5568
2026-08-02,14:22:18,Fernvale Thicket,person,person,0.5305
2026-08-02,14:22:18,Misty Creek Grove,person,person,0.8527
2026-08-02,14:22:18,Pine Hollow Zone,person,person,0.8629
2026-08-02,14:22:18,Fernvale Thicket,person,person,0.7568
2026-08-02,14:22:18,Pine Hollow Zone,person,person,0.6502
2026-08-02,14:22:18,Misty Creek Grove,person,person,0.6155
2026-08-02,14:22:19,Fernvale Thicket,person,person,0.6321
2026-08-02,14:22:19,Greywood Edge,person,person,0.4871
2026-08-02,14:22:19,Fernvale Thicket,person,person,0.5862
2026-08-02,14:22:19,North Ridge Forest,person,person,0.6549
2026-08-02,14:22:19,Fernvale Thicket,person,person,0.6194
2026-08-02,14:22:20,Pine Hollow Zone,person,person,0.5553
2026-08-02,14:22:20,Elderleaf Basin,person,person,0.5493
2026-08-02,14:22:20,Elderleaf Basin,person,person,0.5933
2026-08-02,14:22:20,Pine Hollow Zone,person,person,0.6032
2026-08-02,14:22:20,Misty Creek Grove,person,person,0.5918
2026-08-02,14:22:21,Misty Creek Grove,person,person,0.5306
2026-08-02,14:22:21,Fernvale Thicket,person,person,0.4662
2026-08-02,14:22:37,Fernvale Thicket,person,person,0.5215
2026-08-02,14:22:37,Misty Creek Grove,person,person,0.4563
2026-08-02,14:22:37,Pine Hollow Zone,person,person,0.7936
2026-08-02,14:22:37,Elderleaf Basin,sheep,sheep,0.8678
2026-08-02,14:22:37,Misty Creek Grove,person,person,0.78
2026-08-02,14:22:38,Fernvale Thicket,sheep,sheep,0.474
2026-08-02,14:22:38,Greywood Edge,person,person,0.4699
2026-08-02,14:22:38,Greywood Edge,person,person,0.7546
2026-08-02,14:22:38,Misty Creek Grove,sheep,sheep,0.6595
2026-08-02,14:22:38,Elderleaf Basin,person,person,0.6761
2026-08-02,14:22:38,Greywood Edge,sheep,sheep,0.4974
2026-08-02,14:22:38,Misty Creek Grove,person,person,0.7007
2026-08-02,14:22:38,Greywood Edge,sheep,sheep,0.6678
2026-08-02,14:22:39,Pine Hollow Zone,person,person,0.6444
2026-08-02,14:22:39,Elderleaf Basin,sheep,sheep,0.4735
2026-08-02,14:22:39,Pine Hollow Zone,person,person,0.6506
2026-08-02,14:22:39,Pine Hollow Zone,person,person,0.6858
2026-08-02,14:22:39,Misty Creek Grove,sheep,sheep,0.5632
2026-08-02,14:22:39,Fernvale Thicket,person,person,0.7503
2026-08-02,14:22:40,Greywood Edge,sheep,sheep,0.7833
2026-08-02,14:22:40,Misty Creek Grove,person,person,0.7634
2026-08-02,14:22:40,Fernvale Thicket,sheep,sheep,0.7217
2026-08-02,14:22:40,Greywood Edge,person,person,0.8627
2026-08-02,14:22:40,North Ridge Forest,sheep,sheep,0.4645
2026-08-02,14:22:40,Misty Creek Grove,person,person,0.881
2026-08-02,14:22:40,Fernvale Thicket,sheep,sheep,0.7313
2026-08-02,14:22:40,Misty Creek Grove,person,person,0.8178
2026-08-02,14:22:40,North Ridge Forest,sheep,sheep,0.7442
2026-08-02,14:22:40,Pine Hollow Zone,person,person,0.7736
2026-08-02,14:22:40,Elderleaf Basin,sheep,sheep,0.7445
2026-08-02,14:22:41,Elderleaf Basin,sheep,sheep,0.668
2026-08-02,14:22:41,Greywood Edge,person,person,0.6434
2026-08-02,14:22:41,Fernvale Thicket,person,person,0.669
2026-08-02,14:22:41,Fernvale Thicket,sheep,sheep,0.5668
2026-08-02,14:22:41,Greywood Edge,person,person,0.7392
2026-08-02,14:22:41,Misty Creek Grove,sheep,sheep,0.4566
2026-08-02,14:22:41,Fernvale Thicket,person,person,0.8312
2026-08-02,14:22:41,North Ridge Forest,person,person,0.7663
2026-08-02,14:22:42,North Ridge Forest,person,person,0.7452
2026-08-02,14:22:42,Greywood Edge,sheep,sheep,0.5356
2026-08-02,14:22:42,Greywood Edge,person,person,0.666
2026-08-02,14:22:42,North Ridge Forest,sheep,sheep,0.8036
2026-08-02,14:22:42,Fernvale Thicket,person,person,0.4739
2026-08-02,14:22:42,Elderleaf Basin,sheep,sheep,0.63
2026-08-02,14:22:42,Misty Creek Grove,person,person,0.5101
2026-08-02,14:22:42,North Ridge Forest,sheep,sheep,0.7598
2026-08-02,14:22:43,Greywood Edge,person,person,0.5522
2026-08-02,14:22:43,Elderleaf Basin,person,person,0.7267
2026-08-02,14:22:43,Misty Creek Grove,cow,cow,0.512
2026-08-02,14:22:43,Greywood Edge,sheep,sheep,0.4642
2026-08-02,14:22:43,Pine Hollow Zone,person,person,0.5933
2026-08-02,14:22:43,North Ridge Forest,sheep,sheep,0.5052
2026-08-02,14:22:43,Pine Hollow Zone,sheep,sheep,0.6617
2026-08-02,14:22:43,North Ridge Forest,person,person,0.4981
2026-08-02,14:22:44,North Ridge Forest,person,person,0.5474
2026-08-02,14:22:44,Elderleaf Basin,person,person,0.4917
2026-08-02,14:22:44,Misty Creek Grove,person,person,0.5885
2026-08-02,14:22:44,North Ridge Forest,person,person,0.5692
2026-08-02,14:22:44,Misty Creek Grove,person,person,0.4854
2026-08-02,14:22:44,Misty Creek Grove,person,person,0.7486
2026-08-02,14:22:44,Greywood Edge,person,person,0.6565
2026-08-02,14:22:45,Elderleaf Basin,person,person,0.676
2026-08-02,14:22:45,Pine Hollow Zone,person,person,0.7342
2026-08-02,14:22:45,Pine Hollow Zone,person,person,0.7145
2026-08-02,14:22:45,Pine Hollow Zone,person,person,0.7531
2026-08-02,14:22:45,Misty Creek Grove,person,person,0.8186
2026-08-02,14:22:46,North Ridge Forest,person,person,0.7403
2026-08-02,14:22:46,Misty Creek Grove,person,person,0.7694
2026-08-02,14:22:46,Pine Hollow Zone,person,person,0.5948
2026-08-02,14:22:46,Elderleaf Basin,person,person,0.7675
2026-08-02,14:22:46,Fernvale Thicket,person,person,0.6892
2026-08-02,14:22:47,Pine Hollow Zone,person,person,0.7585
2026-08-02,14:22:47,Fernvale Thicket,cat,cat,0.4629
2026-08-02,14:22:47,Elderleaf Basin,person,person,0.6698
2026-08-02,14:22:47,Elderleaf Basin,person,person,0.4648
2026-08-02,14:22:47,Pine Hollow Zone,person,person,0.8598
2026-08-02,14:22:47,North Ridge Forest,dog,dog,0.6966
2026-08-02,14:22:47,North Ridge Forest,person,person,0.519
2026-08-02,14:22:47,Elderleaf Basin,horse,horse,0.5125
2026-08-02,14:22:48,Greywood Edge,person,person,0.5568
2026-08-02,14:22:48,Misty Creek Grove,person,person,0.5124
2026-08-02,14:22:48,North Ridge Forest,person,person,0.8649
2026-08-02,14:22:48,Pine Hollow Zone,cow,cow,0.5481
2026-08-02,14:22:48,Misty Creek Grove,person,person,0.7195
2026-08-02,14:22:48,North Ridge Forest,person,person,0.7606
2026-08-02,14:22:48,North Ridge Forest,elephant,elephant,0.5548
2026-08-02,14:22:48,Misty Creek Grove,person,person,0.8322
2026-08-02,14:22:48,Elderleaf Basin,elephant,elephant,0.5811
2026-08-02,14:22:48,Misty Creek Grove,person,person,0.8216
2026-08-02,14:22:48,Elderleaf Basin,cow,cow,0.5311
2026-08-02,14:22:49,North Ridge Forest,person,person,0.8158
2026-08-02,14:22:49,North Ridge Forest,elephant,elephant,0.6608
2026-08-02,14:22:49,Misty Creek Grove,person,person,0.7903
2026-08-02,14:22:49,North Ridge Forest,elephant,elephant,0.7363
2026-08-02,14:22:49,Elderleaf Basin,elephant,elephant,0.7942
2026-08-02,14:22:49,Greywood Edge,person,person,0.7505
2026-08-02,14:22:49,North Ridge Forest,person,person,0.9018
2026-08-02,14:22:49,Elderleaf Basin,elephant,elephant,0.841
2026-08-02,14:22:49,Pine Hollow Zone,person,person,0.9143
2026-08-02,14:22:49,Elderleaf Basin,elephant,elephant,0.8376
2026-08-02,14:22:50,Fernvale Thicket,elephant,elephant,0.9071
2026-08-02,14:22:50,Greywood Edge,person,person,0.8698
2026-08-02,14:22:50,Greywood Edge,person,person,0.8849
2026-08-02,14:22:50,Fernvale Thicket,elephant,elephant,0.8409
2026-08-02,14:22:50,Pine Hollow Zone,elephant,elephant,0.9052
2026-08-02,14:22:50,North Ridge Forest,person,person,0.8666
2026-08-02,14:22:50,Elderleaf Basin,person,person,0.7714
2026-08-02,14:22:50,Fernvale Thicket,cow,cow,0.6943
2026-08-02,14:22:51,Fernvale Thicket,cow,cow,0.7422
2026-08-02,14:22:51,Misty Creek Grove,person,person,0.7298
2026-08-02,14:22:51,Elderleaf Basin,person,person,0.8456
2026-08-02,14:22:51,Elderleaf Basin,person,person,0.802
2026-08-02,14:22:51,Fernvale Thicket,person,person,0.6701
2026-08-02,14:22:51,Greywood Edge,person,person,0.7649
2026-08-02,14:22:52,Greywood Edge,person,person,0.6395
2026-08-02,14:22:52,Elderleaf Basin,person,person,0.7007
2026-08-02,14:22:52,Misty Creek Grove,person,person,0.6461
2026-08-02,14:22:52,Misty Creek Grove,person,person,0.6051
2026-08-02,14:22:52,Fernvale Thicket,person,person,0.561
2026-08-02,14:22:52,Greywood Edge,person,person,0.6959
2026-08-02,14:22:53,Greywood Edge,person,person,0.7452
2026-08-02,14:22:53,Elderleaf Basin,person,person,0.7327
2026-08-02,14:22:53,Misty Creek Grove,person,person,0.5635
2026-08-02,14:22:53,Misty Creek Grove,person,person,0.6084
2026-08-02,14:22:53,Fernvale Thicket,person,person,0.5295
2026-08-02,14:22:53,Pine Hollow Zone,person,person,0.6692
2026-08-02,14:22:54,Elderleaf Basin,person,person,0.7568
2026-08-02,14:22:54,Elderleaf Basin,person,person,0.6281
2026-08-02,14:22:54,Greywood Edge,person,person,0.7632
2026-08-02,14:22:54,Fernvale Thicket,person,person,0.7728
2026-08-02,14:22:54,North Ridge Forest,person,person,0.5538
2026-08-02,14:22:54,Greywood Edge,cat,cat,0.4811
2026-08-02,14:22:55,Pine Hollow Zone,person,person,0.6108
2026-08-02,14:22:55,Greywood Edge,person,person,0.6864
2026-08-02,14:22:55,Greywood Edge,person,person,0.8601
2026-08-02,14:22:55,Fernvale Thicket,person,person,0.5672
2026-08-02,14:22:55,Pine Hollow Zone,person,person,0.4536
2026-08-02,14:22:55,Misty Creek Grove,person,person,0.9083
2026-08-02,14:22:55,Fernvale Thicket,person,person,0.8142
2026-08-02,14:22:56,Fernvale Thicket,person,person,0.6138
2026-08-02,14:22:56,Fernvale Thicket,cow,cow,0.6764
2026-08-02,14:22:56,Elderleaf Basin,person,person,0.5766
2026-08-02,14:22:56,Fernvale Thicket,person,person,0.7122
2026-08-02,14:22:56,Elderleaf Basin,bear,bear,0.4853
2026-08-02,14:22:56,North Ridge Forest,person,person,0.6586
2026-08-02,14:22:56,Greywood Edge,bear,bear,0.625
2026-08-02,14:22:57,Misty Creek Grove,person,person,0.779
2026-08-02,14:22:57,Misty Creek Grove,bear,bear,0.464
2026-08-02,14:22:57,North Ridge Forest,person,person,0.9231
2026-08-02,14:22:57,Pine Hollow Zone,cow,cow,0.8896
2026-08-02,14:22:57,Elderleaf Basin,person,person,0.9251
2026-08-02,14:22:57,Greywood Edge,cow,cow,0.8477
2026-08-02,14:22:57,Misty Creek Grove,person,person,0.9252
2026-08-02,14:22:57,Pine Hollow Zone,cow,cow,0.6818
2026-08-02,14:22:57,Elderleaf Basin,person,person,0.9255
2026-08-02,14:22:57,Greywood Edge,cow,cow,0.5748
2026-08-02,14:22:57,Pine Hollow Zone,person,person,0.9181
2026-08-02,14:22:57,Pine Hollow Zone,cow,cow,0.7668
2026-08-02,14:22:58,North Ridge Forest,person,person,0.9285
2026-08-02,14:22:58,North Ridge Forest,cow,cow,0.7846
2026-08-02,14:22:58,Greywood Edge,person,person,0.9297
2026-08-02,14:22:58,Greywood Edge,cow,cow,0.7933
2026-08-02,14:22:58,Pine Hollow Zone,person,person,0.9169
2026-08-02,14:22:58,Elderleaf Basin,cow,cow,0.5994
2026-08-02,14:22:58,Pine Hollow Zone,person,person,0.9133
2026-08-02,14:22:58,Pine Hollow Zone,cow,cow,0.4553
2026-08-02,14:22:58,Misty Creek Grove,person,person,0.9167
2026-08-02,14:22:58,Greywood Edge,cow,cow,0.7673
2026-08-02,14:22:59,Misty Creek Grove,person,person,0.9263
2026-08-02,14:22:59,Elderleaf Basin,person,person,0.9311
2026-08-02,14:22:59,Fernvale Thicket,cow,cow,0.7068
2026-08-02,14:22:59,Pine Hollow Zone,person,person,0.9232
2026-08-02,14:22:59,Fernvale Thicket,person,person,0.6287
2026-08-02,14:22:59,Fernvale Thicket,bear,bear,0.5207
2026-08-02,14:22:59,Greywood Edge,person,person,0.4749
2026-08-02,14:22:59,Fernvale Thicket,person,person,0.8222
2026-08-02,14:22:59,Pine Hollow Zone,bear,bear,0.6954
2026-08-02,14:23:00,Greywood Edge,person,person,0.7629
2026-08-02,14:23:00,Greywood Edge,bear,bear,0.5825
2026-08-02,14:23:00,North Ridge Forest,bear,bear,0.6784
2026-08-02,14:23:00,Misty Creek Grove,person,person,0.6104
2026-08-02,14:23:00,Greywood Edge,person,person,0.7347
2026-08-02,14:23:00,Elderleaf Basin,bear,bear,0.491
2026-08-02,14:23:00,Misty Creek Grove,person,person,0.6193
2026-08-02,14:23:00,Pine Hollow Zone,bear,bear,0.4817
2026-08-02,14:23:01,Pine Hollow Zone,person,person,0.6674
2026-08-02,14:23:01,Pine Hollow Zone,cow,cow,0.5248
2026-08-02,14:23:01,North Ridge Forest,sheep,sheep,0.5161
2026-08-02,14:23:01,Greywood Edge,person,person,0.5925
2026-08-02,14:23:01,Elderleaf Basin,person,person,0.7472
2026-08-02,14:23:01,Fernvale Thicket,bear,bear,0.6195
2026-08-02,14:23:01,Elderleaf Basin,cow,cow,0.5092
2026-08-02,14:23:01,Elderleaf Basin,bear,bear,0.8665
2026-08-02,14:23:01,Pine Hollow Zone,person,person,0.7124
2026-08-02,14:23:01,Fernvale Thicket,person,person,0.6947
2026-08-02,14:23:01,Elderleaf Basin,bear,bear,0.5691
2026-08-02,14:23:01,Pine Hollow Zone,person,person,0.702
2026-08-02,14:23:01,Greywood Edge,person,person,0.7482
2026-08-02,14:23:02,Greywood Edge,person,person,0.8098
2026-08-02,14:23:02,North Ridge Forest,cow,cow,0.4891
2026-08-02,14:23:02,Elderleaf Basin,person,person,0.626
2026-08-02,14:23:02,Pine Hollow Zone,person,person,0.7403
2026-08-02,14:23:02,Greywood Edge,person,person,0.6943
2026-08-02,14:23:02,Misty Creek Grove,bear,bear,0.652
2026-08-02,14:23:02,Misty Creek Grove,bear,bear,0.5754
2026-08-02,14:23:02,Pine Hollow Zone,person,person,0.5599
2026-08-02,14:23:03,Fernvale Thicket,bear,bear,0.5929
2026-08-02,14:23:03,Misty Creek Grove,person,person,0.5196
2026-08-02,14:23:03,North Ridge Forest,person,person,0.5036
2026-08-02,14:23:03,North Ridge Forest,bear,bear,0.7376
2026-08-02,14:23:03,North Ridge Forest,person,person,0.5417
2026-08-02,14:23:03,North Ridge Forest,person,person,0.7851
2026-08-02,14:23:03,Misty Creek Grove,person,person,0.7941
2026-08-02,14:23:03,Fernvale Thicket,sheep,sheep,0.7481
2026-08-02,14:23:03,Elderleaf Basin,person,person,0.8214
2026-08-02,14:23:04,Fernvale Thicket,person,person,0.8813
2026-08-02,14:23:04,Greywood Edge,person,person,0.8091
2026-08-02,14:23:04,Elderleaf Basin,person,person,0.8188
2026-08-02,14:23:04,Elderleaf Basin,person,person,0.7354
2026-08-02,14:23:04,Elderleaf Basin,person,person,0.8026
2026-08-02,14:23:05,Fernvale Thicket,person,person,0.7728
2026-08-02,14:23:05,Greywood Edge,horse,horse,0.5406
2026-08-02,14:23:05,Pine Hollow Zone,person,person,0.8845
2026-08-02,14:23:05,Pine Hollow Zone,bear,bear,0.8214
2026-08-02,14:23:05,Elderleaf Basin,person,person,0.5345
2026-08-02,14:23:05,North Ridge Forest,bear,bear,0.614
2026-08-02,14:23:05,Fernvale Thicket,person,person,0.6117
2026-08-02,14:23:05,Greywood Edge,person,person,0.8473
2026-08-02,14:23:05,Misty Creek Grove,bear,bear,0.4788
2026-08-02,14:23:05,Misty Creek Grove,person,person,0.8112
2026-08-02,14:23:06,Misty Creek Grove,person,person,0.5518
2026-08-02,14:23:06,Pine Hollow Zone,person,person,0.559
2026-08-02,14:23:06,Elderleaf Basin,person,person,0.5275
2026-08-02,14:23:06,Greywood Edge,person,person,0.5158
2026-08-02,14:23:06,North Ridge Forest,person,person,0.5029
2026-08-02,14:23:06,Fernvale Thicket,person,person,0.6277
2026-08-02,14:23:07,North Ridge Forest,person,person,0.5202
2026-08-02,14:23:07,Greywood Edge,person,person,0.4751
2026-08-02,14:23:07,Pine Hollow Zone,person,person,0.5817
2026-08-02,14:23:07,Misty Creek Grove,person,person,0.467
2026-08-02,14:23:07,Fernvale Thicket,person,person,0.5988
2026-08-02,14:23:08,North Ridge Forest,dog,dog,0.5671
2026-08-02,14:23:08,Misty Creek Grove,person,person,0.469
2026-08-02,14:23:08,Fernvale Thicket,person,person,0.6182
2026-08-02,14:23:08,Greywood Edge,person,person,0.6587
2026-08-02,14:23:08,Greywood Edge,person,person,0.6585
2026-08-02,14:23:08,Misty Creek Grove,person,person,0.7032
2026-08-02,14:23:08,Elderleaf Basin,person,person,0.7273
2026-08-02,14:23:09,North Ridge Forest,person,person,0.5682
2026-08-02,14:23:09,Pine Hollow Zone,person,person,0.7329
2026-08-02,14:23:09,Pine Hollow Zone,person,person,0.6973
2026-08-02,14:23:09,Fernvale Thicket,person,person,0.6788
2026-08-02,14:23:09,Misty Creek Grove,person,person,0.726
2026-08-02,14:23:10,North Ridge Forest,person,person,0.7134
2026-08-02,14:23:10,Elderleaf Basin,person,person,0.5944
2026-08-02,14:23:10,Pine Hollow Zone,person,person,0.6888
2026-08-02,14:23:10,Elderleaf Basin,person,person,0.6967
2026-08-02,14:23:10,Misty Creek Grove,person,person,0.7126
2026-08-02,14:23:10,Fernvale Thicket,person,person,0.7078
2026-08-02,14:23:10,Elderleaf Basin,person,person,0.5924
2026-08-02,14:23:11,Misty Creek Grove,person,person,0.7169
2026-08-02,14:23:11,North Ridge Forest,person,person,0.7394
2026-08-02,14:23:11,Misty Creek Grove,person,person,0.706
2026-08-02,14:23:11,Pine Hollow Zone,person,person,0.6906
2026-08-02,14:23:11,Misty Creek Grove,person,person,0.6586
2026-08-02,14:23:12,Fernvale Thicket,person,person,0.6373
2026-08-02,14:23:12,Greywood Edge,person,person,0.696
2026-08-02,14:23:12,Misty Creek Grove,person,person,0.736
2026-08-02,14:23:12,Pine Hollow Zone,person,person,0.7419
2026-08-02,14:23:12,North Ridge Forest,person,person,0.7433
2026-08-02,14:23:13,North Ridge Forest,person,person,0.6967
2026-08-02,14:23:13,Greywood Edge,person,person,0.6954
2026-08-02,14:23:13,Misty Creek Grove,person,person,0.6847
2026-08-02,14:23:13,Misty Creek Grove,person,person,0.7048
2026-08-02,14:23:13,Fernvale Thicket,person,person,0.6783
2026-08-02,14:23:13,Elderleaf Basin,person,person,0.689
2026-08-02,14:23:13,Elderleaf Basin,person,person,0.6734
2026-08-02,14:23:14,Pine Hollow Zone,person,person,0.6764
2026-08-02,14:23:14,Pine Hollow Zone,person,person,0.6885
2026-08-02,14:23:14,North Ridge Forest,person,person,0.7093
2026-08-02,14:23:14,North Ridge Forest,person,person,0.7023
2026-08-02,14:23:14,North Ridge Forest,person,person,0.7584
2026-08-02,14:23:15,Fernvale Thicket,person,person,0.7555
2026-08-02,14:23:15,Pine Hollow Zone,person,person,0.7168
2026-08-02,14:23:15,Greywood Edge,person,person,0.5707
2026-08-02,14:23:15,North Ridge Forest,person,person,0.7492
2026-08-02,14:23:15,Pine Hollow Zone,person,person,0.6613
2026-08-02,14:23:15,Elderleaf Basin,person,person,0.5178
2026-08-02,14:23:16,Fernvale Thicket,person,person,0.6274
2026-08-02,14:23:16,Fernvale Thicket,person,person,0.6312
2026-08-02,14:23:16,Misty Creek Grove,person,person,0.847
2026-08-02,14:23:16,Pine Hollow Zone,person,person,0.8495
2026-08-02,14:23:16,Greywood Edge,person,person,0.6609
2026-08-02,14:23:16,Greywood Edge,person,person,0.5832
2026-08-02,14:23:17,Fernvale Thicket,person,person,0.613
2026-08-02,14:23:17,Elderleaf Basin,person,person,0.8307
2026-08-02,14:23:17,Fernvale Thicket,person,person,0.4775
2026-08-02,14:23:17,Elderleaf Basin,person,person,0.8242
2026-08-02,14:23:18,North Ridge Forest,cow,cow,0.6581
2026-08-02,14:23:18,Greywood Edge,person,person,0.5813
2026-08-02,14:23:18,Elderleaf Basin,person,person,0.9104
2026-08-02,14:23:18,North Ridge Forest,cow,cow,0.6853
2026-08-02,14:23:18,Greywood Edge,person,person,0.7673
2026-08-02,14:23:18,Misty Creek Grove,cow,cow,0.5164
2026-08-02,14:23:18,Greywood Edge,person,person,0.8715
2026-08-02,14:23:18,Pine Hollow Zone,cow,cow,0.759
2026-08-02,14:23:18,Fernvale Thicket,person,person,0.8157
2026-08-02,14:23:18,Elderleaf Basin,person,person,0.4553
2026-08-02,14:23:19,Pine Hollow Zone,person,person,0.89
2026-08-02,14:23:19,Misty Creek Grove,elephant,elephant,0.6416
2026-08-02,14:23:19,North Ridge Forest,person,person,0.9064
2026-08-02,14:23:19,North Ridge Forest,person,person,0.9129
2026-08-02,14:23:19,Greywood Edge,cow,cow,0.5932
2026-08-02,14:23:19,Elderleaf Basin,person,person,0.8893
2026-08-02,14:23:19,Elderleaf Basin,person,person,0.9061
2026-08-02,14:23:19,Elderleaf Basin,elephant,elephant,0.4642
2026-08-02,14:23:20,Pine Hollow Zone,person,person,0.911
2026-08-02,14:23:20,Misty Creek Grove,cow,cow,0.5013
2026-08-02,14:23:20,Misty Creek Grove,person,person,0.8667
2026-08-02,14:23:20,Misty Creek Grove,person,person,0.8935
2026-08-02,14:23:20,Misty Creek Grove,person,person,0.8811
2026-08-02,14:23:20,Pine Hollow Zone,elephant,elephant,0.5559
2026-08-02,14:23:20,Fernvale Thicket,person,person,0.7057
2026-08-02,14:23:20,Fernvale Thicket,person,person,0.8995
2026-08-02,14:23:20,Fernvale Thicket,person,person,0.5122
2026-08-02,14:23:21,North Ridge Forest,person,person,0.4837
2026-08-02,14:23:22,North Ridge Forest,person,person,0.6701
2026-08-02,14:23:22,Misty Creek Grove,person,person,0.6011
2026-08-02,14:23:22,Greywood Edge,person,person,0.4546
2026-08-02,14:23:22,Misty Creek Grove,person,person,0.6809
2026-08-02,14:23:22,Fernvale Thicket,person,person,0.4579
2026-08-02,14:23:23,Elderleaf Basin,person,person,0.5346
2026-08-02,14:23:23,North Ridge Forest,person,person,0.4685
2026-08-02,14:23:23,North Ridge Forest,person,person,0.4989
2026-08-02,14:23:23,North Ridge Forest,person,person,0.5787
2026-08-02,14:23:23,Elderleaf Basin,person,person,0.5271
2026-08-02,14:23:23,North Ridge Forest,person,person,0.5917
2026-08-02,14:23:23,Pine Hollow Zone,person,person,0.6004
2026-08-02,14:23:23,Pine Hollow Zone,person,person,0.5176
2026-08-02,14:23:23,Elderleaf Basin,person,person,0.4521
2026-08-02,14:23:24,Elderleaf Basin,person,person,0.5901
2026-08-02,14:23:24,Misty Creek Grove,person,person,0.5633
2026-08-02,14:23:24,Misty Creek Grove,person,person,0.5908
2026-08-02,14:23:25,North Ridge Forest,person,person,0.6088
2026-08-02,14:23:25,Elderleaf Basin,dog,dog,0.4616
2026-08-02,14:23:25,Pine Hollow Zone,person,person,0.4634
2026-08-02,14:23:25,North Ridge Forest,person,person,0.4585
2026-08-02,14:23:25,Pine Hollow Zone,cow,cow,0.6764
2026-08-02,14:23:25,Fernvale Thicket,person,person,0.4913
2026-08-02,14:23:25,Misty Creek Grove,person,person,0.5201
2026-08-02,14:23:25,Fernvale Thicket,cow,cow,0.5009
2026-08-02,14:23:25,Elderleaf Basin,person,person,0.6295
2026-08-02,14:23:25,Greywood Edge,cow,cow,0.4799
2026-08-02,14:23:25,Pine Hollow Zone,cow,cow,0.7613
2026-08-02,14:23:25,North Ridge Forest,person,person,0.5759
2026-08-02,14:23:26,Misty Creek Grove,cow,cow,0.6581
2026-08-02,14:23:26,Elderleaf Basin,person,person,0.5571
2026-08-02,14:23:26,Misty Creek Grove,cow,cow,0.6562
2026-08-02,14:23:26,North Ridge Forest,person,person,0.5684
2026-08-02,14:23:26,Fernvale Thicket,person,person,0.6716
2026-08-02,14:23:26,North Ridge Forest,person,person,0.5074
2026-08-02,14:23:27,Pine Hollow Zone,person,person,0.8318
2026-08-02,14:23:27,Pine Hollow Zone,person,person,0.8305
2026-08-02,14:23:27,North Ridge Forest,person,person,0.7801
2026-08-02,14:23:27,Misty Creek Grove,person,person,0.7121
2026-08-02,14:23:27,Pine Hollow Zone,person,person,0.7034
2026-08-02,14:23:28,Fernvale Thicket,person,person,0.6942
2026-08-02,14:23:28,Pine Hollow Zone,person,person,0.4718
2026-08-02,14:23:28,Greywood Edge,person,person,0.6895
2026-08-02,14:23:28,Greywood Edge,person,person,0.7134
2026-08-02,14:23:28,Fernvale Thicket,person,person,0.7928
2026-08-02,14:23:29,Misty Creek Grove,person,person,0.7244
2026-08-02,14:23:29,Pine Hollow Zone,person,person,0.6875
2026-08-02,14:23:29,Misty Creek Grove,person,person,0.6902
2026-08-02,14:23:29,Elderleaf Basin,person,person,0.769
2026-08-02,14:23:30,Fernvale Thicket,person,person,0.6518
2026-08-02,14:23:30,Fernvale Thicket,person,person,0.5696
2026-08-02,14:23:30,Fernvale Thicket,person,person,0.6909
2026-08-02,14:23:30,Greywood Edge,person,person,0.6928
2026-08-02,14:23:30,Elderleaf Basin,person,person,0.7331
2026-08-02,14:23:30,North Ridge Forest,person,person,0.7352
2026-08-02,14:23:31,Fernvale Thicket,person,person,0.7161
2026-08-02,14:23:31,Greywood Edge,person,person,0.7515
2026-08-02,14:23:31,Fernvale Thicket,person,person,0.5888
2026-08-02,14:23:31,Greywood Edge,person,person,0.5628
2026-08-02,14:23:31,North Ridge Forest,person,person,0.4584
2026-08-02,14:23:31,Elderleaf Basin,person,person,0.455
2026-08-02,14:23:32,Greywood Edge,person,person,0.5702
2026-08-02,14:23:32,Elderleaf Basin,person,person,0.5522
2026-08-02,14:23:32,Fernvale Thicket,person,person,0.5307
2026-08-02,14:23:32,Fernvale Thicket,person,person,0.6081
2026-08-02,14:23:32,Elderleaf Basin,person,person,0.5153
2026-08-02,14:23:32,Fernvale Thicket,person,person,0.7567
2026-08-02,14:23:32,Greywood Edge,person,person,0.5363
2026-08-02,14:23:32,Greywood Edge,person,person,0.6873
2026-08-02,14:23:33,Greywood Edge,person,person,0.7419
2026-08-02,14:23:33,Greywood Edge,person,person,0.5885
2026-08-02,14:23:33,Greywood Edge,person,person,0.8096
2026-08-02,14:23:33,Fernvale Thicket,person,person,0.5803
2026-08-02,14:23:33,Misty Creek Grove,person,person,0.7646
2026-08-02,14:23:33,Greywood Edge,person,person,0.5187
2026-08-02,14:23:33,North Ridge Forest,person,person,0.8638
2026-08-02,14:23:33,Misty Creek Grove,person,person,0.7465
2026-08-02,14:23:33,Elderleaf Basin,person,person,0.834
2026-08-02,14:23:33,Elderleaf Basin,person,person,0.8105
2026-08-02,14:23:33,Greywood Edge,zebra,zebra,0.4919
2026-08-02,14:23:34,Fernvale Thicket,person,person,0.8965
2026-08-02,14:23:34,Elderleaf Basin,person,person,0.7424
2026-08-02,14:23:34,North Ridge Forest,zebra,zebra,0.4998
2026-08-02,14:23:34,Misty Creek Grove,person,person,0.7472
2026-08-02,14:23:34,Misty Creek Grove,person,person,0.7001
2026-08-02,14:23:34,Misty Creek Grove,person,person,0.8749
2026-08-02,14:23:34,Fernvale Thicket,person,person,0.8002
2026-08-02,14:23:34,Fernvale Thicket,zebra,zebra,0.5696
2026-08-02,14:23:34,Pine Hollow Zone,zebra,zebra,0.5572
2026-08-02,14:23:34,Fernvale Thicket,person,person,0.8631
2026-08-02,14:23:34,Pine Hollow Zone,person,person,0.7617
2026-08-02,14:23:34,Elderleaf Basin,zebra,zebra,0.7068
2026-08-02,14:23:34,Pine Hollow Zone,person,person,0.8482
2026-08-02,14:23:34,Greywood Edge,person,person,0.8159
2026-08-02,14:23:34,Misty Creek Grove,zebra,zebra,0.6584
2026-08-02,14:23:35,Misty Creek Grove,person,person,0.9063
2026-08-02,14:23:35,Fernvale Thicket,person,person,0.827
2026-08-02,14:23:35,Elderleaf Basin,zebra,zebra,0.5368
2026-08-02,14:23:35,Misty Creek Grove,person,person,0.8709
2026-08-02,14:23:35,Pine Hollow Zone,person,person,0.7695
2026-08-02,14:23:35,Fernvale Thicket,zebra,zebra,0.6953
2026-08-02,14:23:35,North Ridge Forest,person,person,0.8739
2026-08-02,14:23:35,Greywood Edge,person,person,0.5281
2026-08-02,14:23:35,Fernvale Thicket,person,person,0.8832
2026-08-02,14:23:35,Misty Creek Grove,person,person,0.7536
2026-08-02,14:23:35,Pine Hollow Zone,zebra,zebra,0.7171
2026-08-02,14:23:35,Misty Creek Grove,person,person,0.8792
2026-08-02,14:23:35,Greywood Edge,person,person,0.7564
2026-08-02,14:23:35,Greywood Edge,zebra,zebra,0.6141
2026-08-02,14:23:36,Greywood Edge,person,person,0.8719
2026-08-02,14:23:36,Pine Hollow Zone,person,person,0.6568
2026-08-02,14:23:36,Greywood Edge,zebra,zebra,0.5127
2026-08-02,14:23:36,Elderleaf Basin,person,person,0.7602
2026-08-02,14:23:36,Fernvale Thicket,person,person,0.5317
2026-08-02,14:23:36,Pine Hollow Zone,person,person,0.4809
2026-08-02,14:23:36,Greywood Edge,zebra,zebra,0.4689
2026-08-02,14:23:36,Greywood Edge,person,person,0.7367
2026-08-02,14:23:36,Misty Creek Grove,zebra,zebra,0.6692
2026-08-02,14:23:36,Pine Hollow Zone,person,person,0.5852
2026-08-02,14:23:36,North Ridge Forest,person,person,0.714
2026-08-02,14:23:36,North Ridge Forest,zebra,zebra,0.6627
2026-08-02,14:23:36,Pine Hollow Zone,person,person,0.5205
2026-08-02,14:23:36,Misty Creek Grove,zebra,zebra,0.6971
2026-08-02,14:23:36,Elderleaf Basin,person,person,0.602
2026-08-02,14:23:36,Pine Hollow Zone,person,person,0.5072
2026-08-02,14:23:37,North Ridge Forest,person,person,0.5104
2026-08-02,14:23:37,Elderleaf Basin,person,person,0.7216
2026-08-02,14:23:37,North Ridge Forest,person,person,0.7915
2026-08-02,14:23:37,North Ridge Forest,person,person,0.5487
2026-08-02,14:23:37,North Ridge Forest,person,person,0.6871
2026-08-02,14:23:38,Fernvale Thicket,person,person,0.7284
2026-08-02,14:23:38,Misty Creek Grove,person,person,0.7099
2026-08-02,14:23:38,Misty Creek Grove,person,person,0.7345
2026-08-02,14:23:38,Fernvale Thicket,person,person,0.7456
2026-08-02,14:23:38,Fernvale Thicket,person,person,0.7883
2026-08-02,14:23:39,Misty Creek Grove,person,person,0.7998
2026-08-02,14:23:39,Fernvale Thicket,person,person,0.756
2026-08-02,14:23:39,Greywood Edge,person,person,0.8179
2026-08-02,14:23:39,Greywood Edge,person,person,0.4914
2026-08-02,14:23:39,Greywood Edge,person,person,0.8004
2026-08-02,14:23:39,Pine Hollow Zone,person,person,0.7634
2026-08-02,14:23:39,Misty Creek Grove,person,person,0.7824
2026-08-02,14:23:40,Misty Creek Grove,person,person,0.782
2026-08-02,14:23:40,Misty Creek Grove,person,person,0.7869
2026-08-02,14:23:40,Greywood Edge,person,person,0.7869
2026-08-02,14:23:40,North Ridge Forest,person,person,0.7786
2026-08-02,14:23:40,Fernvale Thicket,person,person,0.7901
2026-08-02,14:23:41,Fernvale Thicket,person,person,0.714
2026-08-02,14:23:41,Misty Creek Grove,person,person,0.7011
2026-08-02,14:23:41,Greywood Edge,person,person,0.7597
2026-08-02,14:23:41,Misty Creek Grove,person,person,0.6791
2026-08-02,14:23:41,Elderleaf Basin,person,person,0.6911
2026-08-02,14:23:41,Pine Hollow Zone,person,person,0.7456
2026-08-02,14:23:42,North Ridge Forest,person,person,0.654
2026-08-02,14:23:42,North Ridge Forest,person,person,0.6076
2026-08-02,14:23:42,Elderleaf Basin,person,person,0.6946
2026-08-02,14:23:42,Greywood Edge,person,person,0.5683
2026-08-02,14:23:42,Fernvale Thicket,person,person,0.5317
2026-08-02,14:23:42,Greywood Edge,person,person,0.7176
2026-08-02,14:23:42,Greywood Edge,person,person,0.7971
2026-08-02,14:23:43,Misty Creek Grove,person,person,0.5984
2026-08-02,14:23:43,North Ridge Forest,person,person,0.8453
2026-08-02,14:23:43,Pine Hollow Zone,person,person,0.8295
2026-08-02,14:23:43,Greywood Edge,person,person,0.7552
2026-08-02,14:23:43,North Ridge Forest,person,person,0.8452
2026-08-02,14:23:43,Fernvale Thicket,person,person,0.9056
2026-08-02,14:23:44,Greywood Edge,person,person,0.9142
2026-08-02,14:23:44,North Ridge Forest,person,person,0.9229
2026-08-02,14:23:44,Fernvale Thicket,person,person,0.9339
2026-08-02,14:23:44,Misty Creek Grove,person,person,0.9311
2026-08-02,14:23:44,North Ridge Forest,person,person,0.9176
2026-08-02,14:23:44,Elderleaf Basin,person,person,0.9147
2026-08-02,14:23:45,Misty Creek Grove,person,person,0.8833
2026-08-02,14:23:45,North Ridge Forest,person,person,0.8469
2026-08-02,14:23:45,Elderleaf Basin,zebra,zebra,0.7148
2026-08-02,14:23:45,North Ridge Forest,person,person,0.891
2026-08-02,14:23:45,Pine Hollow Zone,zebra,zebra,0.6833
2026-08-02,14:23:45,Elderleaf Basin,zebra,zebra,0.9136
2026-08-02,14:23:45,Misty Creek Grove,person,person,0.8759
2026-08-02,14:23:45,Fernvale Thicket,zebra,zebra,0.8744
2026-08-02,14:23:45,Fernvale Thicket,zebra,zebra,0.892
2026-08-02,14:23:45,Elderleaf Basin,zebra,zebra,0.8526
2026-08-02,14:23:45,Fernvale Thicket,person,person,0.8416
2026-08-02,14:23:46,Pine Hollow Zone,zebra,zebra,0.8964
2026-08-02,14:23:46,North Ridge Forest,zebra,zebra,0.8571
2026-08-02,14:23:46,Misty Creek Grove,person,person,0.7458
2026-08-02,14:23:46,Fernvale Thicket,zebra,zebra,0.8733
2026-08-02,14:23:46,Fernvale Thicket,zebra,zebra,0.8683
2026-08-02,14:23:46,Pine Hollow Zone,person,person,0.8612
2026-08-02,14:23:46,Pine Hollow Zone,zebra,zebra,0.8935
2026-08-02,14:23:46,North Ridge Forest,person,person,0.8698
2026-08-02,14:23:46,Elderleaf Basin,zebra,zebra,0.8558
2026-08-02,14:23:46,Fernvale Thicket,zebra,zebra,0.9055
2026-08-02,14:23:46,Greywood Edge,zebra,zebra,0.8808
2026-08-02,14:23:46,Pine Hollow Zone,person,person,0.8618
2026-08-02,14:23:46,North Ridge Forest,zebra,zebra,0.9099
2026-08-02,14:23:46,North Ridge Forest,person,person,0.8883
2026-08-02,14:23:46,North Ridge Forest,zebra,zebra,0.8719
2026-08-02,14:23:47,Pine Hollow Zone,zebra,zebra,0.8849
2026-08-02,14:23:47,North Ridge Forest,zebra,zebra,0.8714
2026-08-02,14:23:47,Fernvale Thicket,person,person,0.8698
2026-08-02,14:23:47,Misty Creek Grove,person,person,0.9153
2026-08-02,14:23:47,Elderleaf Basin,zebra,zebra,0.865
2026-08-02,14:23:47,Elderleaf Basin,zebra,zebra,0.8332
2026-08-02,14:23:47,Misty Creek Grove,person,person,0.8919
2026-08-02,14:23:47,Pine Hollow Zone,zebra,zebra,0.8834
2026-08-02,14:23:47,Elderleaf Basin,zebra,zebra,0.8749
2026-08-02,14:23:47,Fernvale Thicket,person,person,0.9015
2026-08-02,14:23:47,North Ridge Forest,zebra,zebra,0.8451
2026-08-02,14:23:47,Elderleaf Basin,zebra,zebra,0.8055
2026-08-02,14:23:47,Elderleaf Basin,zebra,zebra,0.7497
2026-08-02,14:23:47,Misty Creek Grove,person,person,0.7066
2026-08-02,14:23:48,Pine Hollow Zone,person,person,0.5072
2026-08-02,14:23:48,Pine Hollow Zone,person,person,0.6953
2026-08-02,14:23:48,Pine Hollow Zone,person,person,0.6279
2026-08-02,14:23:48,Pine Hollow Zone,person,person,0.6241
2026-08-02,14:23:48,Pine Hollow Zone,person,person,0.7599
2026-08-02,14:23:49,Elderleaf Basin,person,person,0.7435
2026-08-02,14:23:49,Elderleaf Basin,person,person,0.7643
2026-08-02,14:23:49,Pine Hollow Zone,person,person,0.7831
2026-08-02,14:23:49,Pine Hollow Zone,person,person,0.7878
2026-08-02,14:23:49,Misty Creek Grove,person,person,0.8232
2026-08-02,14:23:49,Greywood Edge,person,person,0.8294
2026-08-02,14:23:50,Pine Hollow Zone,person,person,0.8308
2026-08-02,14:23:50,Misty Creek Grove,person,person,0.8351
2026-08-02,14:23:50,North Ridge Forest,person,person,0.8509
2026-08-02,14:23:50,Pine Hollow Zone,person,person,0.8228
2026-08-02,14:23:50,Misty Creek Grove,person,person,0.8319
2026-08-02,14:23:50,Misty Creek Grove,person,person,0.8158
2026-08-02,14:23:51,Pine Hollow Zone,person,person,0.7918
2026-08-02,14:23:51,Elderleaf Basin,person,person,0.7414
2026-08-02,14:23:51,Misty Creek Grove,person,person,0.76
2026-08-02,14:23:51,Fernvale Thicket,person,person,0.7533
2026-08-02,14:23:52,North Ridge Forest,person,person,0.8193
2026-08-02,14:23:52,Fernvale Thicket,person,person,0.8325
2026-08-02,14:23:52,Pine Hollow Zone,person,person,0.8175
2026-08-02,14:23:52,Pine Hollow Zone,person,person,0.8288
2026-08-02,14:23:52,North Ridge Forest,person,person,0.835
2026-08-02,14:23:53,North Ridge Forest,person,person,0.815
2026-08-02,14:23:53,Misty Creek Grove,person,person,0.8091
2026-08-02,14:23:53,Elderleaf Basin,person,person,0.8203
2026-08-02,14:23:53,Misty Creek Grove,person,person,0.794
2026-08-02,14:23:53,Misty Creek Grove,person,person,0.8031
2026-08-02,14:23:54,Elderleaf Basin,person,person,0.7781
2026-08-02,14:23:54,Greywood Edge,person,person,0.7743
2026-08-02,14:23:54,Pine Hollow Zone,person,person,0.6786
2026-08-02,14:23:54,North Ridge Forest,person,person,0.7168
2026-08-02,14:23:55,Fernvale Thicket,person,person,0.8565
2026-08-02,14:23:55,Misty Creek Grove,person,person,0.7623
2026-08-02,14:23:55,Misty Creek Grove,person,person,0.7401
2026-08-02,14:23:55,Fernvale Thicket,person,person,0.9174
2026-08-02,14:23:55,Greywood Edge,person,person,0.8915
2026-08-02,14:23:56,Misty Creek Grove,person,person,0.906
2026-08-02,14:23:56,Pine Hollow Zone,person,person,0.8846
2026-08-02,14:23:56,Misty Creek Grove,sheep,sheep,0.6077
2026-08-02,14:23:56,Pine Hollow Zone,sheep,sheep,0.5682
2026-08-02,14:23:56,Elderleaf Basin,sheep,sheep,0.5301
2026-08-02,14:23:56,Fernvale Thicket,person,person,0.931
2026-08-02,14:23:56,Fernvale Thicket,person,person,0.8811
2026-08-02,14:23:56,Pine Hollow Zone,elephant,elephant,0.524
2026-08-02,14:23:57,Misty Creek Grove,person,person,0.8491
2026-08-02,14:23:57,Greywood Edge,elephant,elephant,0.8104
2026-08-02,14:23:57,Elderleaf Basin,person,person,0.7773
2026-08-02,14:23:57,Misty Creek Grove,person,person,0.76
2026-08-02,14:23:57,Misty Creek Grove,sheep,sheep,0.6841
2026-08-02,14:23:57,North Ridge Forest,person,person,0.5101
2026-08-02,14:23:57,Greywood Edge,sheep,sheep,0.4821
2026-08-02,14:23:57,Greywood Edge,person,person,0.4709
2026-08-02,14:23:58,Elderleaf Basin,cow,cow,0.6522
2026-08-02,14:23:58,Pine Hollow Zone,person,person,0.4724
2026-08-02,14:23:58,Fernvale Thicket,horse,horse,0.5504
2026-08-02,14:23:58,Greywood Edge,horse,horse,0.4597
2026-08-02,14:23:58,North Ridge Forest,horse,horse,0.5138
2026-08-02,14:23:58,North Ridge Forest,person,person,0.45
2026-08-02,14:23:58,Misty Creek Grove,horse,horse,0.7399
2026-08-02,14:23:58,Greywood Edge,horse,horse,0.6337
2026-08-02,14:23:58,Pine Hollow Zone,person,person,0.4596
2026-08-02,14:23:59,Fernvale Thicket,person,person,0.6064
2026-08-02,14:23:59,Fernvale Thicket,person,person,0.6772
2026-08-02,14:23:59,Pine Hollow Zone,sheep,sheep,0.6222
2026-08-02,14:23:59,Pine Hollow Zone,sheep,sheep,0.5996
2026-08-02,14:23:59,Misty Creek Grove,sheep,sheep,0.5304
2026-08-02,14:23:59,Pine Hollow Zone,horse,horse,0.7983
2026-08-02,14:23:59,Misty Creek Grove,horse,horse,0.6806
2026-08-02,14:23:59,Greywood Edge,person,person,0.641
2026-08-02,14:23:59,North Ridge Forest,horse,horse,0.7733
2026-08-02,14:23:59,Misty Creek Grove,person,person,0.6737
2026-08-02,14:23:59,Misty Creek Grove,horse,horse,0.6101
2026-08-02,14:23:59,Greywood Edge,person,person,0.7282
2026-08-02,14:23:59,North Ridge Forest,cow,cow,0.6626
2026-08-02,14:23:59,Elderleaf Basin,horse,horse,0.5133
2026-08-02,14:24:00,Pine Hollow Zone,person,person,0.7238
2026-08-02,14:24:00,Misty Creek Grove,horse,horse,0.6895
2026-08-02,14:24:00,Elderleaf Basin,cow,cow,0.5322
2026-08-02,14:24:00,Elderleaf Basin,person,person,0.5593
2026-08-02,14:24:00,Greywood Edge,person,person,0.5117
2026-08-02,14:24:00,North Ridge Forest,cow,cow,0.5623
2026-08-02,14:24:00,Misty Creek Grove,cow,cow,0.7936
2026-08-02,14:24:00,Elderleaf Basin,person,person,0.4613
2026-08-02,14:24:01,Pine Hollow Zone,cow,cow,0.8485
2026-08-02,14:24:01,Misty Creek Grove,elephant,elephant,0.6799
2026-08-02,14:24:01,Greywood Edge,cow,cow,0.5116
2026-08-02,14:24:01,Pine Hollow Zone,person,person,0.4867
2026-08-02,14:24:01,Elderleaf Basin,cow,cow,0.7867
2026-08-02,14:24:01,Greywood Edge,elephant,elephant,0.5966
2026-08-02,14:24:01,Greywood Edge,person,person,0.4925
2026-08-02,14:24:01,Fernvale Thicket,cow,cow,0.8641
2026-08-02,14:24:01,Elderleaf Basin,cow,cow,0.594
2026-08-02,14:24:01,Fernvale Thicket,sheep,sheep,0.7124
2026-08-02,14:24:01,Greywood Edge,person,person,0.5165
2026-08-02,14:24:01,Elderleaf Basin,sheep,sheep,0.489
2026-08-02,14:24:01,North Ridge Forest,sheep,sheep,0.6274
2026-08-02,14:24:01,Pine Hollow Zone,sheep,sheep,0.5168
2026-08-02,14:24:01,Misty Creek Grove,sheep,sheep,0.6211
2026-08-02,14:24:01,Fernvale Thicket,bear,bear,0.5871
2026-08-02,14:24:02,Elderleaf Basin,sheep,sheep,0.7587
2026-08-02,14:24:02,Fernvale Thicket,sheep,sheep,0.7464
2026-08-02,14:24:02,Greywood Edge,sheep,sheep,0.5691
2026-08-02,14:24:02,Pine Hollow Zone,sheep,sheep,0.8224
2026-08-02,14:24:02,Elderleaf Basin,sheep,sheep,0.7499
2026-08-02,14:24:02,Elderleaf Basin,cow,cow,0.5707
2026-08-02,14:24:02,Misty Creek Grove,person,person,0.4679
2026-08-02,14:24:02,Elderleaf Basin,sheep,sheep,0.567
2026-08-02,14:24:02,Pine Hollow Zone,person,person,0.5047
2026-08-02,14:24:02,North Ridge Forest,cow,cow,0.4829
2026-08-02,14:24:02,Pine Hollow Zone,sheep,sheep,0.4815
2026-08-02,14:24:02,Elderleaf Basin,cow,cow,0.7551
2026-08-02,14:24:02,Elderleaf Basin,person,person,0.6969
2026-08-02,14:24:03,North Ridge Forest,person,person,0.659
2026-08-02,14:24:03,Greywood Edge,person,person,0.7244
2026-08-02,14:24:03,Elderleaf Basin,person,person,0.7724
2026-08-02,14:24:03,North Ridge Forest,person,person,0.6741
2026-08-02,14:24:04,Pine Hollow Zone,person,person,0.7736
2026-08-02,14:24:04,Fernvale Thicket,person,person,0.8306
2026-08-02,14:24:04,Greywood Edge,person,person,0.7903
2026-08-02,14:24:04,Misty Creek Grove,person,person,0.748
2026-08-02,14:24:04,Pine Hollow Zone,person,person,0.703
2026-08-02,14:24:04,Misty Creek Grove,person,person,0.731
2026-08-02,14:24:05,Greywood Edge,person,person,0.7481
2026-08-02,14:24:05,North Ridge Forest,person,person,0.7399
2026-08-02,14:24:05,North Ridge Forest,person,person,0.6834
2026-08-02,14:24:05,Elderleaf Basin,person,person,0.7258
2026-08-02,14:24:05,North Ridge Forest,person,person,0.733
2026-08-02,14:24:05,North Ridge Forest,person,person,0.7737
2026-08-02,14:24:06,Elderleaf Basin,person,person,0.7557
2026-08-02,14:24:06,Elderleaf Basin,person,person,0.8087
2026-08-02,14:24:06,Fernvale Thicket,person,person,0.8258
2026-08-02,14:24:06,Greywood Edge,person,person,0.8412
2026-08-02,14:24:06,Pine Hollow Zone,person,person,0.8168
2026-08-02,14:24:07,Elderleaf Basin,person,person,0.7942
2026-08-02,14:24:07,Fernvale Thicket,person,person,0.7664
2026-08-02,14:24:07,North Ridge Forest,person,person,0.7785
2026-08-02,14:24:07,Greywood Edge,person,person,0.7379
2026-08-02,14:24:07,Elderleaf Basin,person,person,0.7622
2026-08-02,14:24:07,Misty Creek Grove,person,person,0.5232
2026-08-02,14:24:08,Elderleaf Basin,person,person,0.6926
2026-08-02,14:24:08,Misty Creek Grove,person,person,0.7113
2026-08-02,14:24:08,Misty Creek Grove,person,person,0.6574
2026-08-02,14:24:08,Misty Creek Grove,person,person,0.6885
2026-08-02,14:24:08,Greywood Edge,person,person,0.7462
2026-08-02,14:24:08,North Ridge Forest,person,person,0.7656
2026-08-02,14:24:09,North Ridge Forest,person,person,0.7524
2026-08-02,14:24:09,Fernvale Thicket,person,person,0.7383
2026-08-02,14:24:09,North Ridge Forest,person,person,0.7606
2026-08-02,14:24:09,Misty Creek Grove,person,person,0.7699
2026-08-02,14:24:09,North Ridge Forest,person,person,0.7428
2026-08-02,14:24:10,Pine Hollow Zone,person,person,0.7571
2026-08-02,14:24:10,Elderleaf Basin,person,person,0.7642
2026-08-02,14:24:10,Elderleaf Basin,person,person,0.7639
2026-08-02,14:24:10,Misty Creek Grove,person,person,0.7918
2026-08-02,14:24:10,Pine Hollow Zone,person,person,0.7586
2026-08-02,14:24:10,Pine Hollow Zone,person,person,0.7463
2026-08-02,14:24:11,Pine Hollow Zone,person,person,0.7612
2026-08-02,14:24:11,Pine Hollow Zone,person,person,0.7461
2026-08-02,14:24:11,Greywood Edge,person,person,0.724
2026-08-02,14:24:11,Fernvale Thicket,person,person,0.7832
2026-08-02,14:24:11,Fernvale Thicket,person,person,0.7741
2026-08-02,14:24:11,Pine Hollow Zone,person,person,0.7736
2026-08-02,14:24:12,North Ridge Forest,person,person,0.7303
2026-08-02,14:24:12,Greywood Edge,person,person,0.7749
2026-08-02,14:24:12,Pine Hollow Zone,person,person,0.8113
2026-08-02,14:24:12,Elderleaf Basin,person,person,0.7866
2026-08-02,14:24:12,Greywood Edge,person,person,0.7864
2026-08-02,14:24:12,Elderleaf Basin,person,person,0.7977
2026-08-02,14:24:13,North Ridge Forest,person,person,0.7757
2026-08-02,14:24:13,North Ridge Forest,person,person,0.8326
2026-08-02,14:24:13,Misty Creek Grove,person,person,0.8093
2026-08-02,14:24:13,Misty Creek Grove,person,person,0.8069
2026-08-02,14:24:13,Greywood Edge,person,person,0.7868
2026-08-02,14:24:14,Misty Creek Grove,person,person,0.7669
2026-08-02,14:24:14,North Ridge Forest,person,person,0.7865
2026-08-02,14:24:14,Misty Creek Grove,person,person,0.7979
2026-08-02,14:24:14,Greywood Edge,person,person,0.7272
2026-08-02,14:24:14,Elderleaf Basin,person,person,0.7239
2026-08-02,14:24:15,Fernvale Thicket,person,person,0.774
2026-08-02,14:24:15,Misty Creek Grove,person,person,0.766
2026-08-02,14:24:15,Misty Creek Grove,person,person,0.7473
2026-08-02,14:24:15,North Ridge Forest,person,person,0.7356
2026-08-02,14:24:15,Pine Hollow Zone,person,person,0.7589
2026-08-02,14:24:16,Elderleaf Basin,person,person,0.7638
2026-08-02,14:24:16,Elderleaf Basin,person,person,0.772
2026-08-02,14:24:16,Fernvale Thicket,person,person,0.7718
2026-08-02,14:24:16,North Ridge Forest,person,person,0.7715
2026-08-02,14:24:16,Fernvale Thicket,person,person,0.7496
2026-08-02,14:24:16,Elderleaf Basin,person,person,0.7655
2026-08-02,14:24:17,Fernvale Thicket,person,person,0.766
2026-08-02,14:24:17,Elderleaf Basin,person,person,0.7685
2026-08-02,14:24:17,Greywood Edge,person,person,0.7159
2026-08-02,14:24:17,Fernvale Thicket,person,person,0.7614
2026-08-02,14:24:17,Greywood Edge,person,person,0.7159
2026-08-02,14:24:17,Elderleaf Basin,person,person,0.758
2026-08-02,14:24:18,Pine Hollow Zone,person,person,0.7016
2026-08-02,14:24:18,Greywood Edge,person,person,0.7284
2026-08-02,14:24:18,North Ridge Forest,person,person,0.7151
2026-08-02,14:24:18,Pine Hollow Zone,person,person,0.6805
2026-08-02,14:24:18,Greywood Edge,person,person,0.6938
2026-08-02,14:24:19,Fernvale Thicket,person,person,0.7421
2026-08-02,14:24:19,Elderleaf Basin,person,person,0.6621
2026-08-02,14:24:19,Pine Hollow Zone,person,person,0.5161
2026-08-02,14:24:19,Pine Hollow Zone,person,person,0.5712
2026-08-02,14:24:19,Greywood Edge,person,person,0.4564
2026-08-02,14:24:19,Pine Hollow Zone,person,person,0.5341
2026-08-02,14:24:19,Fernvale Thicket,person,person,0.7574
2026-08-02,14:24:20,Pine Hollow Zone,elephant,elephant,0.7731
2026-08-02,14:24:20,Elderleaf Basin,person,person,0.7632
2026-08-02,14:24:20,Fernvale Thicket,person,person,0.845
2026-08-02,14:24:20,North Ridge Forest,person,person,0.8712
2026-08-02,14:24:20,Elderleaf Basin,elephant,elephant,0.7714
2026-08-02,14:24:20,Misty Creek Grove,elephant,elephant,0.8899
2026-08-02,14:24:20,Fernvale Thicket,person,person,0.8695
2026-08-02,14:24:20,Misty Creek Grove,elephant,elephant,0.8918
2026-08-02,14:24:20,Misty Creek Grove,person,person,0.8752
2026-08-02,14:24:20,Elderleaf Basin,person,person,0.755
2026-08-02,14:24:21,Pine Hollow Zone,person,person,0.8735
2026-08-02,14:24:21,Elderleaf Basin,elephant,elephant,0.6524
2026-08-02,14:24:21,North Ridge Forest,person,person,0.8743
2026-08-02,14:24:21,Greywood Edge,person,person,0.8759
2026-08-02,14:24:21,Pine Hollow Zone,elephant,elephant,0.5923
2026-08-02,14:24:21,Misty Creek Grove,person,person,0.8784
2026-08-02,14:24:21,Greywood Edge,person,person,0.8816
2026-08-02,14:24:21,Elderleaf Basin,elephant,elephant,0.6107
2026-08-02,14:24:21,Fernvale Thicket,person,person,0.8449
2026-08-02,14:24:21,Pine Hollow Zone,person,person,0.6526
2026-08-02,14:24:21,Misty Creek Grove,person,person,0.498
2026-08-02,14:24:22,Misty Creek Grove,person,person,0.5834
2026-08-02,14:24:22,Greywood Edge,elephant,elephant,0.8702
2026-08-02,14:24:22,Pine Hollow Zone,elephant,elephant,0.8856
2026-08-02,14:24:22,North Ridge Forest,elephant,elephant,0.9137
2026-08-02,14:24:23,Greywood Edge,elephant,elephant,0.9056
2026-08-02,14:24:23,Pine Hollow Zone,elephant,elephant,0.7127
2026-08-02,14:24:23,Fernvale Thicket,elephant,elephant,0.7739
2026-08-02,14:24:23,North Ridge Forest,elephant,elephant,0.9274
2026-08-02,14:24:23,North Ridge Forest,elephant,elephant,0.9275
2026-08-02,14:24:24,Elderleaf Basin,elephant,elephant,0.9395
2026-08-02,14:24:24,Elderleaf Basin,elephant,elephant,0.9508
2026-08-02,14:24:24,Elderleaf Basin,elephant,elephant,0.9262
2026-08-02,14:24:24,Pine Hollow Zone,person,person,0.7117
2026-08-02,14:24:24,Pine Hollow Zone,elephant,elephant,0.9081
2026-08-02,14:24:24,Greywood Edge,person,person,0.7996
2026-08-02,14:24:24,Pine Hollow Zone,elephant,elephant,0.9395
2026-08-02,14:24:24,North Ridge Forest,person,person,0.7577
2026-08-02,14:24:24,Misty Creek Grove,elephant,elephant,0.9242
2026-08-02,14:24:24,North Ridge Forest,person,person,0.7329
2026-08-02,14:24:24,Fernvale Thicket,person,person,0.5269
2026-08-02,14:24:25,Greywood Edge,elephant,elephant,0.9313
2026-08-02,14:24:25,Misty Creek Grove,person,person,0.7713
2026-08-02,14:24:25,North Ridge Forest,elephant,elephant,0.9406
2026-08-02,14:24:25,North Ridge Forest,person,person,0.8414
2026-08-02,14:24:25,Greywood Edge,elephant,elephant,0.944
2026-08-02,14:24:25,Greywood Edge,person,person,0.8739
2026-08-02,14:24:25,Elderleaf Basin,elephant,elephant,0.9504
2026-08-02,14:24:25,Fernvale Thicket,person,person,0.889
2026-08-02,14:24:25,North Ridge Forest,elephant,elephant,0.9511
2026-08-02,14:24:25,North Ridge Forest,person,person,0.8858
2026-08-02,14:24:25,Greywood Edge,elephant,elephant,0.9503
2026-08-02,14:24:25,Greywood Edge,person,person,0.8332
2026-08-02,14:24:26,Misty Creek Grove,person,person,0.8562
2026-08-02,14:24:26,North Ridge Forest,elephant,elephant,0.5593
2026-08-02,14:24:26,Pine Hollow Zone,person,person,0.8072
2026-08-02,14:24:26,Greywood Edge,dog,dog,0.685
2026-08-02,14:24:26,Misty Creek Grove,person,person,0.7416
2026-08-02,14:24:26,Greywood Edge,person,person,0.7898
2026-08-02,14:24:26,Fernvale Thicket,person,person,0.5973
2026-08-02,14:24:26,North Ridge Forest,person,person,0.5636
2026-08-02,14:24:27,Pine Hollow Zone,person,person,0.6238
2026-08-02,14:24:27,Pine Hollow Zone,person,person,0.6063
2026-08-02,14:24:27,Elderleaf Basin,person,person,0.624
2026-08-02,14:24:27,Pine Hollow Zone,person,person,0.7019
2026-08-02,14:24:27,Greywood Edge,person,person,0.6338
2026-08-02,14:24:27,Greywood Edge,person,person,0.6374
2026-08-02,14:24:28,Pine Hollow Zone,person,person,0.681
2026-08-02,14:24:28,Misty Creek Grove,person,person,0.6448
2026-08-02,14:24:28,Fernvale Thicket,person,person,0.4897
2026-08-02,14:24:29,North Ridge Forest,person,person,0.5799
2026-08-02,14:24:29,Fernvale Thicket,person,person,0.6854
2026-08-02,14:24:29,Fernvale Thicket,person,person,0.7729
2026-08-02,14:24:29,Misty Creek Grove,person,person,0.5595
2026-08-02,14:24:29,Fernvale Thicket,person,person,0.7297
2026-08-02,14:24:30,Elderleaf Basin,person,person,0.4824
2026-08-02,14:24:30,Elderleaf Basin,person,person,0.7781
2026-08-02,14:24:30,Fernvale Thicket,person,person,0.5215
2026-08-02,14:24:30,Greywood Edge,person,person,0.846
2026-08-02,14:24:30,Fernvale Thicket,elephant,elephant,0.708
2026-08-02,14:24:30,North Ridge Forest,person,person,0.8877
2026-08-02,14:24:30,Fernvale Thicket,elephant,elephant,0.624
2026-08-02,14:24:31,Fernvale Thicket,person,person,0.9076
2026-08-02,14:24:31,Fernvale Thicket,dog,dog,0.582
2026-08-02,14:24:31,Misty Creek Grove,person,person,0.8754
2026-08-02,14:24:31,Pine Hollow Zone,elephant,elephant,0.4946
2026-08-02,14:24:31,Greywood Edge,elephant,elephant,0.9161
2026-08-02,14:24:31,Misty Creek Grove,person,person,0.9072
2026-08-02,14:24:31,Elderleaf Basin,person,person,0.9147
2026-08-02,14:24:31,Misty Creek Grove,elephant,elephant,0.8022
2026-08-02,14:24:31,Greywood Edge,person,person,0.9078
2026-08-02,14:24:31,Elderleaf Basin,elephant,elephant,0.6127
2026-08-02,14:24:31,Pine Hollow Zone,person,person,0.9171
2026-08-02,14:24:31,Fernvale Thicket,dog,dog,0.7928
2026-08-02,14:24:32,Pine Hollow Zone,person,person,0.9082
2026-08-02,14:24:32,Fernvale Thicket,dog,dog,0.667
2026-08-02,14:24:32,North Ridge Forest,person,person,0.8832
2026-08-02,14:24:32,North Ridge Forest,elephant,elephant,0.8415
2026-08-02,14:24:32,Greywood Edge,elephant,elephant,0.9101
2026-08-02,14:24:32,North Ridge Forest,person,person,0.8904
2026-08-02,14:24:32,North Ridge Forest,person,person,0.9031
2026-08-02,14:24:32,Elderleaf Basin,elephant,elephant,0.7997
2026-08-02,14:24:32,North Ridge Forest,person,person,0.9023
2026-08-02,14:24:32,Pine Hollow Zone,elephant,elephant,0.8593
2026-08-02,14:24:32,North Ridge Forest,person,person,0.912
2026-08-02,14:24:32,North Ridge Forest,dog,dog,0.7671
2026-08-02,14:24:33,Fernvale Thicket,person,person,0.907
2026-08-02,14:24:33,Elderleaf Basin,person,person,0.9202
2026-08-02,14:24:33,North Ridge Forest,elephant,elephant,0.78
2026-08-02,14:24:33,North Ridge Forest,person,person,0.9061
2026-08-02,14:24:33,North Ridge Forest,person,person,0.9035
2026-08-02,14:24:33,Greywood Edge,elephant,elephant,0.7274
2026-08-02,14:24:33,Fernvale Thicket,person,person,0.8925
2026-08-02,14:24:33,Elderleaf Basin,dog,dog,0.6522
2026-08-02,14:24:33,Pine Hollow Zone,person,person,0.9027
2026-08-02,14:24:33,Misty Creek Grove,dog,dog,0.7124
2026-08-02,14:24:34,North Ridge Forest,person,person,0.9055
2026-08-02,14:24:34,Fernvale Thicket,elephant,elephant,0.8929
2026-08-02,14:24:34,Misty Creek Grove,person,person,0.9079
2026-08-02,14:24:34,North Ridge Forest,elephant,elephant,0.855
2026-08-02,14:24:34,Pine Hollow Zone,person,person,0.8892
2026-08-02,14:24:34,Greywood Edge,person,person,0.8972
2026-08-02,14:24:34,North Ridge Forest,elephant,elephant,0.6752
2026-08-02,14:24:35,Fernvale Thicket,person,person,0.9164
2026-08-02,14:24:35,North Ridge Forest,person,person,0.9003
2026-08-02,14:24:35,Misty Creek Grove,elephant,elephant,0.7088
2026-08-02,14:24:35,North Ridge Forest,person,person,0.8924
2026-08-02,14:24:35,Greywood Edge,elephant,elephant,0.8308
2026-08-02,14:24:35,Fernvale Thicket,person,person,0.8445
2026-08-02,14:24:35,North Ridge Forest,elephant,elephant,0.573
2026-08-02,14:24:35,Misty Creek Grove,person,person,0.8656
2026-08-02,14:24:35,North Ridge Forest,elephant,elephant,0.7123
2026-08-02,14:24:35,Elderleaf Basin,person,person,0.8898
2026-08-02,14:24:35,Pine Hollow Zone,elephant,elephant,0.686
2026-08-02,14:24:36,Elderleaf Basin,person,person,0.8939
2026-08-02,14:24:36,Misty Creek Grove,elephant,elephant,0.8777
2026-08-02,14:24:36,North Ridge Forest,person,person,0.8682
2026-08-02,14:24:36,Fernvale Thicket,elephant,elephant,0.9028
2026-08-02,14:24:36,North Ridge Forest,person,person,0.8647
2026-08-02,14:24:36,Elderleaf Basin,person,person,0.8813
2026-08-02,14:24:36,Pine Hollow Zone,elephant,elephant,0.8701
2026-08-02,14:24:36,Fernvale Thicket,elephant,elephant,0.8853
2026-08-02,14:24:36,Greywood Edge,person,person,0.8653
2026-08-02,14:24:37,Fernvale Thicket,person,person,0.8375
2026-08-02,14:24:37,North Ridge Forest,sheep,sheep,0.4827
2026-08-02,14:24:37,Elderleaf Basin,elephant,elephant,0.911
2026-08-02,14:24:37,North Ridge Forest,person,person,0.897
2026-08-02,14:24:37,Pine Hollow Zone,elephant,elephant,0.8966
2026-08-02,14:24:37,Elderleaf Basin,person,person,0.8926
2026-08-02,14:24:37,Pine Hollow Zone,person,person,0.8825
2026-08-02,14:24:37,Elderleaf Basin,elephant,elephant,0.8796
2026-08-02,14:24:37,Greywood Edge,person,person,0.8862
2026-08-02,14:24:37,North Ridge Forest,elephant,elephant,0.8473
2026-08-02,14:24:38,Greywood Edge,person,person,0.8777
2026-08-02,14:24:38,Greywood Edge,dog,dog,0.5926
2026-08-02,14:24:38,Greywood Edge,person,person,0.8926
2026-08-02,14:24:38,Fernvale Thicket,elephant,elephant,0.7203
2026-08-02,14:24:38,Pine Hollow Zone,person,person,0.8678
2026-08-02,14:24:38,Misty Creek Grove,elephant,elephant,0.6903
2026-08-02,14:24:38,Misty Creek Grove,person,person,0.5975
2026-08-02,14:24:38,Fernvale Thicket,person,person,0.583
2026-08-02,14:24:38,North Ridge Forest,person,person,0.8137
2026-08-02,14:24:38,Elderleaf Basin,person,person,0.6343
2026-08-02,14:24:38,Greywood Edge,person,person,0.5975
2026-08-02,14:24:38,Elderleaf Basin,person,person,0.4655
2026-08-02,14:24:39,North Ridge Forest,person,person,0.7368
2026-08-02,14:24:39,Elderleaf Basin,person,person,0.571
2026-08-02,14:24:39,Pine Hollow Zone,person,person,0.4891
2026-08-02,14:24:39,Greywood Edge,person,person,0.6864
2026-08-02,14:24:39,Misty Creek Grove,person,person,0.5506
2026-08-02,14:24:39,Elderleaf Basin,person,person,0.4859
2026-08-02,14:24:39,Fernvale Thicket,person,person,0.5679
2026-08-02,14:24:39,Fernvale Thicket,person,person,0.5616
2026-08-02,14:24:39,Greywood Edge,person,person,0.5069
2026-08-02,14:24:39,Elderleaf Basin,person,person,0.6772
2026-08-02,14:24:39,Elderleaf Basin,person,person,0.6843
2026-08-02,14:24:40,Greywood Edge,person,person,0.6371
2026-08-02,14:24:40,North Ridge Forest,person,person,0.6704
2026-08-02,14:24:40,Pine Hollow Zone,person,person,0.7227
2026-08-02,14:24:40,Misty Creek Grove,person,person,0.6773
2026-08-02,14:24:40,Fernvale Thicket,person,person,0.6329
2026-08-02,14:24:41,Misty Creek Grove,person,person,0.5931
2026-08-02,14:24:41,Elderleaf Basin,person,person,0.5425
2026-08-02,14:24:41,North Ridge Forest,person,person,0.5392
2026-08-02,14:24:41,Pine Hollow Zone,person,person,0.6904
2026-08-02,14:24:41,Fernvale Thicket,person,person,0.6372
2026-08-02,14:24:42,Greywood Edge,person,person,0.5653
2026-08-02,14:24:42,North Ridge Forest,person,person,0.5367
2026-08-02,14:24:42,Misty Creek Grove,person,person,0.4624
2026-08-02,14:24:42,Elderleaf Basin,person,person,0.7108
2026-08-02,14:24:42,Pine Hollow Zone,person,person,0.9224
2026-08-02,14:24:42,Misty Creek Grove,person,person,0.5533
2026-08-02,14:24:42,Pine Hollow Zone,person,person,0.5077
2026-08-02,14:24:42,Greywood Edge,person,person,0.4576
2026-08-02,14:24:42,Pine Hollow Zone,person,person,0.9174
2026-08-02,14:24:42,Pine Hollow Zone,elephant,elephant,0.7654
2026-08-02,14:24:42,Elderleaf Basin,elephant,elephant,0.7505
2026-08-02,14:24:42,Greywood Edge,elephant,elephant,0.7288
2026-08-02,14:24:42,Greywood Edge,elephant,elephant,0.6004
2026-08-02,14:24:43,Elderleaf Basin,person,person,0.8258
2026-08-02,14:24:43,Pine Hollow Zone,elephant,elephant,0.6824
2026-08-02,14:24:43,Elderleaf Basin,elephant,elephant,0.6774
2026-08-02,14:24:43,Elderleaf Basin,elephant,elephant,0.6462
2026-08-02,14:24:43,Fernvale Thicket,elephant,elephant,0.6048
2026-08-02,14:24:43,Misty Creek Grove,person,person,0.9196
2026-08-02,14:24:43,Elderleaf Basin,elephant,elephant,0.8894
2026-08-02,14:24:43,Greywood Edge,elephant,elephant,0.8208
2026-08-02,14:24:43,Elderleaf Basin,elephant,elephant,0.7812
2026-08-02,14:24:43,Pine Hollow Zone,person,person,0.9041
2026-08-02,14:24:43,Greywood Edge,cow,cow,0.8782
2026-08-02,14:24:43,Misty Creek Grove,cow,cow,0.8427
2026-08-02,14:24:43,Misty Creek Grove,elephant,elephant,0.6604
2026-08-02,14:24:43,North Ridge Forest,elephant,elephant,0.8955
2026-08-02,14:24:43,North Ridge Forest,elephant,elephant,0.8549
2026-08-02,14:24:43,Greywood Edge,person,person,0.8092
2026-08-02,14:24:43,Pine Hollow Zone,elephant,elephant,0.5052
2026-08-02,14:24:43,North Ridge Forest,elephant,elephant,0.9156
2026-08-02,14:24:43,Elderleaf Basin,person,person,0.8933
2026-08-02,14:24:43,Pine Hollow Zone,elephant,elephant,0.8526
2026-08-02,14:24:43,Misty Creek Grove,cow,cow,0.4819
2026-08-02,14:24:43,North Ridge Forest,elephant,elephant,0.474
2026-08-02,14:24:43,Elderleaf Basin,elephant,elephant,0.4504
2026-08-02,14:24:44,Elderleaf Basin,elephant,elephant,0.9261
2026-08-02,14:24:44,Elderleaf Basin,person,person,0.9181
2026-08-02,14:24:44,Elderleaf Basin,elephant,elephant,0.9041
2026-08-02,14:24:44,North Ridge Forest,elephant,elephant,0.7364
2026-08-02,14:24:44,Fernvale Thicket,elephant,elephant,0.4573
2026-08-02,14:24:44,Pine Hollow Zone,person,person,0.8972
2026-08-02,14:24:44,Greywood Edge,person,person,0.8815
2026-08-02,14:24:44,North Ridge Forest,person,person,0.8127
2026-08-02,14:24:44,Elderleaf Basin,person,person,0.8363
2026-08-02,14:24:44,Fernvale Thicket,elephant,elephant,0.6864
2026-08-02,14:24:45,Elderleaf Basin,person,person,0.8
2026-08-02,14:24:45,North Ridge Forest,person,person,0.8065
2026-08-02,14:24:45,Greywood Edge,elephant,elephant,0.7749
2026-08-02,14:24:45,Greywood Edge,elephant,elephant,0.6045
2026-08-02,14:24:45,Misty Creek Grove,person,person,0.7712
2026-08-02,14:24:45,Fernvale Thicket,person,person,0.5965
2026-08-02,14:24:45,North Ridge Forest,person,person,0.8236
2026-08-02,14:24:45,North Ridge Forest,person,person,0.57
2026-08-02,14:24:45,Misty Creek Grove,person,person,0.7203
2026-08-02,14:24:45,Misty Creek Grove,person,person,0.6363
2026-08-02,14:24:45,Elderleaf Basin,person,person,0.4794
2026-08-02,14:24:46,Pine Hollow Zone,person,person,0.7538
2026-08-02,14:24:46,Fernvale Thicket,elephant,elephant,0.7239
2026-08-02,14:24:46,Misty Creek Grove,person,person,0.5517
2026-08-02,14:24:46,Pine Hollow Zone,person,person,0.7084
2026-08-02,14:24:46,North Ridge Forest,person,person,0.6985
2026-08-02,14:24:46,Fernvale Thicket,elephant,elephant,0.621
2026-08-02,14:24:46,Misty Creek Grove,elephant,elephant,0.4942
2026-08-02,14:24:46,Fernvale Thicket,elephant,elephant,0.8544
2026-08-02,14:24:46,Misty Creek Grove,elephant,elephant,0.8324
2026-08-02,14:24:46,Misty Creek Grove,elephant,elephant,0.739
2026-08-02,14:24:46,Misty Creek Grove,elephant,elephant,0.5647
2026-08-02,14:24:46,North Ridge Forest,elephant,elephant,0.8848
2026-08-02,14:24:46,North Ridge Forest,elephant,elephant,0.8003
2026-08-02,14:24:46,Misty Creek Grove,elephant,elephant,0.6749
2026-08-02,14:24:46,Greywood Edge,elephant,elephant,0.4698
2026-08-02,14:24:47,Elderleaf Basin,elephant,elephant,0.9186
2026-08-02,14:24:47,North Ridge Forest,elephant,elephant,0.8679
2026-08-02,14:24:47,Fernvale Thicket,elephant,elephant,0.8191
2026-08-02,14:24:47,Pine Hollow Zone,elephant,elephant,0.6713
2026-08-02,14:24:47,Fernvale Thicket,person,person,0.7757
2026-08-02,14:24:47,North Ridge Forest,person,person,0.7922
2026-08-02,14:24:47,Greywood Edge,person,person,0.7261
2026-08-02,14:24:47,North Ridge Forest,person,person,0.6501
2026-08-02,14:24:47,North Ridge Forest,elephant,elephant,0.6108
2026-08-02,14:24:47,Greywood Edge,cow,cow,0.4947
2026-08-02,14:24:48,Misty Creek Grove,person,person,0.5006
2026-08-02,14:24:48,North Ridge Forest,person,person,0.4978
2026-08-02,14:24:48,North Ridge Forest,person,person,0.5245
2026-08-02,14:24:48,Fernvale Thicket,person,person,0.6175
2026-08-02,14:24:48,Fernvale Thicket,cow,cow,0.5326
2026-08-02,14:24:48,Greywood Edge,person,person,0.5196
2026-08-02,14:24:48,Fernvale Thicket,cow,cow,0.771
2026-08-02,14:24:48,Fernvale Thicket,cow,cow,0.5559
2026-08-02,14:24:48,North Ridge Forest,cow,cow,0.5285
2026-08-02,14:24:48,Greywood Edge,elephant,elephant,0.9006
2026-08-02,14:24:48,Greywood Edge,elephant,elephant,0.8833
2026-08-02,14:24:48,Fernvale Thicket,elephant,elephant,0.793
2026-08-02,14:24:48,Fernvale Thicket,person,person,0.7665
2026-08-02,14:24:48,Elderleaf Basin,elephant,elephant,0.7664
2026-08-02,14:24:49,Fernvale Thicket,elephant,elephant,0.9166
2026-08-02,14:24:49,Misty Creek Grove,elephant,elephant,0.8867
2026-08-02,14:24:49,Misty Creek Grove,elephant,elephant,0.8436
2026-08-02,14:24:49,Greywood Edge,elephant,elephant,0.7552
2026-08-02,14:24:49,Fernvale Thicket,person,person,0.573
2026-08-02,14:24:49,Misty Creek Grove,elephant,elephant,0.5048
2026-08-02,14:24:49,Fernvale Thicket,elephant,elephant,0.9108
2026-08-02,14:24:49,Elderleaf Basin,elephant,elephant,0.8861
2026-08-02,14:24:49,North Ridge Forest,elephant,elephant,0.862
2026-08-02,14:24:49,Pine Hollow Zone,elephant,elephant,0.7827
2026-08-02,14:24:49,Misty Creek Grove,person,person,0.6712
2026-08-02,14:24:49,Misty Creek Grove,elephant,elephant,0.905
2026-08-02,14:24:49,North Ridge Forest,elephant,elephant,0.8959
2026-08-02,14:24:49,Fernvale Thicket,elephant,elephant,0.8839
2026-08-02,14:24:49,Fernvale Thicket,elephant,elephant,0.8261
2026-08-02,14:24:49,North Ridge Forest,person,person,0.7738
2026-08-02,14:24:49,Elderleaf Basin,elephant,elephant,0.4788
2026-08-02,14:24:49,Pine Hollow Zone,elephant,elephant,0.9244
2026-08-02,14:24:49,Greywood Edge,elephant,elephant,0.8884
2026-08-02,14:24:49,Pine Hollow Zone,elephant,elephant,0.8796
2026-08-02,14:24:49,Pine Hollow Zone,elephant,elephant,0.8467
2026-08-02,14:24:49,Elderleaf Basin,person,person,0.6705
2026-08-02,14:24:49,Pine Hollow Zone,elephant,elephant,0.6088
2026-08-02,14:24:49,Greywood Edge,elephant,elephant,0.8951
2026-08-02,14:24:49,Fernvale Thicket,elephant,elephant,0.8746
2026-08-02,14:24:50,Elderleaf Basin,elephant,elephant,0.7697
2026-08-02,14:24:50,Elderleaf Basin,elephant,elephant,0.7432
2026-08-02,14:24:50,Greywood Edge,elephant,elephant,0.5903
2026-08-02,14:24:50,Greywood Edge,person,person,0.5457
2026-08-02,14:24:50,Elderleaf Basin,elephant,elephant,0.9158
2026-08-02,14:24:50,Misty Creek Grove,elephant,elephant,0.8802
2026-08-02,14:24:50,Greywood Edge,elephant,elephant,0.8563
2026-08-02,14:24:50,North Ridge Forest,elephant,elephant,0.7957
2026-08-02,14:24:50,Greywood Edge,elephant,elephant,0.4516
2026-08-02,14:24:50,Misty Creek Grove,elephant,elephant,0.9113
2026-08-02,14:24:50,North Ridge Forest,elephant,elephant,0.9068
2026-08-02,14:24:50,Greywood Edge,elephant,elephant,0.881
2026-08-02,14:24:50,Fernvale Thicket,elephant,elephant,0.8336
2026-08-02,14:24:50,Pine Hollow Zone,person,person,0.5276
2026-08-02,14:24:50,Fernvale Thicket,elephant,elephant,0.9169
2026-08-02,14:24:50,Misty Creek Grove,elephant,elephant,0.8971
2026-08-02,14:24:50,North Ridge Forest,elephant,elephant,0.8899
2026-08-02,14:24:50,Pine Hollow Zone,elephant,elephant,0.8562
2026-08-02,14:24:50,North Ridge Forest,elephant,elephant,0.6856
2026-08-02,14:24:50,Greywood Edge,person,person,0.5443
2026-08-02,14:24:50,Misty Creek Grove,elephant,elephant,0.8991
2026-08-02,14:24:50,Greywood Edge,elephant,elephant,0.8776
2026-08-02,14:24:50,Greywood Edge,elephant,elephant,0.8125
2026-08-02,14:24:50,Misty Creek Grove,elephant,elephant,0.7829
2026-08-02,14:24:51,Elderleaf Basin,elephant,elephant,0.9296
2026-08-02,14:24:51,Pine Hollow Zone,elephant,elephant,0.9021
2026-08-02,14:24:51,Fernvale Thicket,elephant,elephant,0.8677
2026-08-02,14:24:51,North Ridge Forest,elephant,elephant,0.7657
2026-08-02,14:24:51,North Ridge Forest,elephant,elephant,0.9134
2026-08-02,14:24:51,Elderleaf Basin,elephant,elephant,0.8894
2026-08-02,14:24:51,Greywood Edge,elephant,elephant,0.883
2026-08-02,14:24:51,Pine Hollow Zone,elephant,elephant,0.8261
2026-08-02,14:24:51,Pine Hollow Zone,elephant,elephant,0.538
2026-08-02,14:24:51,North Ridge Forest,elephant,elephant,0.8972
2026-08-02,14:24:51,Greywood Edge,elephant,elephant,0.8768
2026-08-02,14:24:51,North Ridge Forest,elephant,elephant,0.8648
2026-08-02,14:24:51,Pine Hollow Zone,elephant,elephant,0.84
2026-08-02,14:24:51,North Ridge Forest,elephant,elephant,0.4755
2026-08-02,14:24:51,Fernvale Thicket,person,person,0.4751
2026-08-02,14:24:51,North Ridge Forest,elephant,elephant,0.9215
2026-08-02,14:24:51,Misty Creek Grove,elephant,elephant,0.8692
2026-08-02,14:24:51,Fernvale Thicket,elephant,elephant,0.8513
2026-08-02,14:24:51,Elderleaf Basin,elephant,elephant,0.7173
2026-08-02,14:24:51,Misty Creek Grove,person,person,0.4556
2026-08-02,14:24:51,Pine Hollow Zone,elephant,elephant,0.9351
2026-08-02,14:24:51,Fernvale Thicket,elephant,elephant,0.8967
2026-08-02,14:24:51,North Ridge Forest,elephant,elephant,0.8842
2026-08-02,14:24:51,Misty Creek Grove,elephant,elephant,0.8521
2026-08-02,14:24:51,North Ridge Forest,elephant,elephant,0.6077
2026-08-02,14:24:51,Elderleaf Basin,person,person,0.5116
2026-08-02,14:24:52,Greywood Edge,elephant,elephant,0.9154
2026-08-02,14:24:52,Fernvale Thicket,elephant,elephant,0.906
2026-08-02,14:24:52,Misty Creek Grove,elephant,elephant,0.8814
2026-08-02,14:24:52,Fernvale Thicket,elephant,elephant,0.7771
2026-08-02,14:24:52,Misty Creek Grove,person,person,0.5053
2026-08-02,14:24:52,North Ridge Forest,elephant,elephant,0.9234
2026-08-02,14:24:52,Misty Creek Grove,elephant,elephant,0.9143
2026-08-02,14:24:52,Greywood Edge,elephant,elephant,0.8675
2026-08-02,14:24:52,Pine Hollow Zone,elephant,elephant,0.8649
2026-08-02,14:24:52,North Ridge Forest,person,person,0.6273
2026-08-02,14:24:52,Greywood Edge,elephant,elephant,0.4689
2026-08-02,14:24:52,Misty Creek Grove,elephant,elephant,0.9107
2026-08-02,14:24:52,Fernvale Thicket,elephant,elephant,0.8888
2026-08-02,14:24:52,Pine Hollow Zone,elephant,elephant,0.8863
2026-08-02,14:24:52,North Ridge Forest,elephant,elephant,0.8506
2026-08-02,14:24:52,Pine Hollow Zone,person,person,0.6058
2026-08-02,14:24:52,Misty Creek Grove,elephant,elephant,0.9302
2026-08-02,14:24:52,Misty Creek Grove,elephant,elephant,0.9039
2026-08-02,14:24:52,North Ridge Forest,elephant,elephant,0.8777
2026-08-02,14:24:52,Pine Hollow Zone,elephant,elephant,0.8416
2026-08-02,14:24:52,Elderleaf Basin,person,person,0.6594
2026-08-02,14:24:52,North Ridge Forest,elephant,elephant,0.5315
2026-08-02,14:24:53,Greywood Edge,elephant,elephant,0.9047
2026-08-02,14:24:53,Fernvale Thicket,elephant,elephant,0.8895
2026-08-02,14:24:53,Pine Hollow Zone,elephant,elephant,0.8663
2026-08-02,14:24:53,Misty Creek Grove,elephant,elephant,0.8523
2026-08-02,14:24:53,Elderleaf Basin,person,person,0.6852
2026-08-02,14:24:53,Greywood Edge,elephant,elephant,0.9125
2026-08-02,14:24:53,Fernvale Thicket,elephant,elephant,0.9026
2026-08-02,14:24:53,North Ridge Forest,elephant,elephant,0.8764
2026-08-02,14:24:53,Misty Creek Grove,elephant,elephant,0.8152
2026-08-02,14:24:53,Pine Hollow Zone,elephant,elephant,0.6927
2026-08-02,14:24:53,North Ridge Forest,person,person,0.4909
2026-08-02,14:24:53,Fernvale Thicket,elephant,elephant,0.9181
2026-08-02,14:24:53,Greywood Edge,elephant,elephant,0.9112
2026-08-02,14:24:53,Elderleaf Basin,elephant,elephant,0.8919
2026-08-02,14:24:53,Misty Creek Grove,elephant,elephant,0.816
2026-08-02,14:24:53,Greywood Edge,person,person,0.7451
2026-08-02,14:24:53,North Ridge Forest,elephant,elephant,0.5549
2026-08-02,14:24:53,Fernvale Thicket,elephant,elephant,0.9351
2026-08-02,14:24:53,Fernvale Thicket,elephant,elephant,0.8997
2026-08-02,14:24:53,Fernvale Thicket,elephant,elephant,0.8913
2026-08-02,14:24:53,Fernvale Thicket,person,person,0.8569
2026-08-02,14:24:53,Greywood Edge,elephant,elephant,0.846
2026-08-02,14:24:53,Misty Creek Grove,elephant,elephant,0.5347
2026-08-02,14:24:53,Greywood Edge,elephant,elephant,0.915
2026-08-02,14:24:53,Misty Creek Grove,elephant,elephant,0.9066
2026-08-02,14:24:53,Greywood Edge,elephant,elephant,0.8945
2026-08-02,14:24:53,Misty Creek Grove,person,person,0.7719
2026-08-02,14:24:53,Pine Hollow Zone,elephant,elephant,0.7598
2026-08-02,14:24:53,Misty Creek Grove,elephant,elephant,0.4638
2026-08-02,14:24:54,Elderleaf Basin,elephant,elephant,0.9401
2026-08-02,14:24:54,Fernvale Thicket,elephant,elephant,0.8904
2026-08-02,14:24:54,North Ridge Forest,elephant,elephant,0.8832
2026-08-02,14:24:54,Misty Creek Grove,elephant,elephant,0.8343
2026-08-02,14:24:54,North Ridge Forest,person,person,0.6335
2026-08-02,14:24:54,Fernvale Thicket,person,person,0.8469
2026-08-02,14:24:54,Elderleaf Basin,elephant,elephant,0.6174
2026-08-02,14:24:54,Pine Hollow Zone,person,person,0.6804
2026-08-02,14:24:54,Pine Hollow Zone,person,person,0.7706
2026-08-02,14:24:55,North Ridge Forest,person,person,0.6888
2026-08-02,14:24:55,Misty Creek Grove,person,person,0.6262
2026-08-02,14:24:55,North Ridge Forest,person,person,0.4851
2026-08-02,14:24:55,Misty Creek Grove,person,person,0.5975
2026-08-02,14:24:55,Fernvale Thicket,person,person,0.6724
2026-08-02,14:24:55,Fernvale Thicket,person,person,0.6864
2026-08-02,14:24:56,Greywood Edge,person,person,0.6876
2026-08-02,14:24:56,Misty Creek Grove,person,person,0.6701
2026-08-02,14:24:56,North Ridge Forest,person,person,0.621
2026-08-02,14:24:56,Fernvale Thicket,person,person,0.726
2026-08-02,14:24:56,Pine Hollow Zone,person,person,0.6944
2026-08-02,14:24:56,Misty Creek Grove,person,person,0.6949
2026-08-02,14:24:57,Fernvale Thicket,person,person,0.7176
2026-08-02,14:24:57,North Ridge Forest,person,person,0.7358
2026-08-02,14:24:57,Greywood Edge,person,person,0.7166
2026-08-02,14:24:57,Elderleaf Basin,person,person,0.5248
2026-08-02,14:24:57,Misty Creek Grove,person,person,0.6355
2026-08-02,14:24:57,North Ridge Forest,person,person,0.6549
2026-08-02,14:24:58,Pine Hollow Zone,person,person,0.6901
2026-08-02,14:24:58,North Ridge Forest,person,person,0.6954
2026-08-02,14:24:58,Fernvale Thicket,person,person,0.6643
2026-08-02,14:24:58,Fernvale Thicket,person,person,0.6774
2026-08-02,14:24:58,Misty Creek Grove,person,person,0.6545
2026-08-02,14:24:58,Fernvale Thicket,person,person,0.6662
2026-08-02,14:24:59,Misty Creek Grove,person,person,0.6619
2026-08-02,14:24:59,Misty Creek Grove,person,person,0.6175
2026-08-02,14:24:59,Greywood Edge,person,person,0.6172
2026-08-02,14:24:59,Greywood Edge,person,person,0.739
2026-08-02,14:24:59,Pine Hollow Zone,person,person,0.539
2026-08-02,14:25:00,Greywood Edge,person,person,0.4519
2026-08-02,14:25:00,Pine Hollow Zone,person,person,0.7672
2026-08-02,14:25:00,Pine Hollow Zone,person,person,0.8625
2026-08-02,14:25:00,Elderleaf Basin,bear,bear,0.7205
2026-08-02,14:25:00,Misty Creek Grove,person,person,0.7286
2026-08-02,14:25:00,North Ridge Forest,elephant,elephant,0.9124
2026-08-02,14:25:00,North Ridge Forest,person,person,0.6925
2026-08-02,14:25:00,Greywood Edge,person,person,0.7275
2026-08-02,14:25:00,North Ridge Forest,elephant,elephant,0.6355
2026-08-02,14:25:01,North Ridge Forest,elephant,elephant,0.9243
2026-08-02,14:25:01,North Ridge Forest,person,person,0.75
2026-08-02,14:25:01,Misty Creek Grove,elephant,elephant,0.8132
2026-08-02,14:25:01,Elderleaf Basin,person,person,0.7998
2026-08-02,14:25:01,Fernvale Thicket,person,person,0.8265
2026-08-02,14:25:01,Misty Creek Grove,bear,bear,0.7185
2026-08-02,14:25:01,Elderleaf Basin,person,person,0.6018
2026-08-02,14:25:01,Pine Hollow Zone,bear,bear,0.8835
2026-08-02,14:25:02,Greywood Edge,elephant,elephant,0.9273
2026-08-02,14:25:02,Greywood Edge,person,person,0.5385
2026-08-02,14:25:02,Greywood Edge,elephant,elephant,0.9179
2026-08-02,14:25:02,North Ridge Forest,elephant,elephant,0.9182
2026-08-02,14:25:02,Greywood Edge,elephant,elephant,0.908
2026-08-02,14:25:02,Pine Hollow Zone,elephant,elephant,0.9086
2026-08-02,14:25:03,Greywood Edge,elephant,elephant,0.9048
2026-08-02,14:25:03,Pine Hollow Zone,person,person,0.5428
2026-08-02,14:25:03,Misty Creek Grove,elephant,elephant,0.9193
2026-08-02,14:25:03,Elderleaf Basin,person,person,0.6426
2026-08-02,14:25:03,Fernvale Thicket,elephant,elephant,0.9286
2026-08-02,14:25:03,Elderleaf Basin,person,person,0.5892
2026-08-02,14:25:03,Fernvale Thicket,elephant,elephant,0.9265
2026-08-02,14:25:03,North Ridge Forest,person,person,0.53
2026-08-02,14:25:03,Greywood Edge,elephant,elephant,0.923
2026-08-02,14:25:03,Fernvale Thicket,person,person,0.6241
2026-08-02,14:25:03,Misty Creek Grove,elephant,elephant,0.8981
2026-08-02,14:25:03,North Ridge Forest,person,person,0.7107
2026-08-02,14:25:04,Misty Creek Grove,elephant,elephant,0.9266
2026-08-02,14:25:04,Misty Creek Grove,person,person,0.7947
2026-08-02,14:25:04,North Ridge Forest,elephant,elephant,0.865
2026-08-02,14:25:04,Elderleaf Basin,person,person,0.8474
2026-08-02,14:25:04,Misty Creek Grove,person,person,0.8716
2026-08-02,14:25:04,Misty Creek Grove,elephant,elephant,0.8419
2026-08-02,14:25:04,Fernvale Thicket,person,person,0.7978
2026-08-02,14:25:04,Misty Creek Grove,elephant,elephant,0.7518
2026-08-02,14:25:04,Elderleaf Basin,elephant,elephant,0.8012
2026-08-02,14:25:04,Misty Creek Grove,person,person,0.7538
2026-08-02,14:25:04,Pine Hollow Zone,person,person,0.858
2026-08-02,14:25:05,Elderleaf Basin,person,person,0.8153
2026-08-02,14:25:05,Fernvale Thicket,bear,bear,0.5194
2026-08-02,14:25:05,Greywood Edge,bear,bear,0.6016
2026-08-02,14:25:05,North Ridge Forest,person,person,0.5121
2026-08-02,14:25:05,Elderleaf Basin,elephant,elephant,0.8657
2026-08-02,14:25:05,Greywood Edge,elephant,elephant,0.9062
2026-08-02,14:25:05,Elderleaf Basin,elephant,elephant,0.8934
2026-08-02,14:25:05,Elderleaf Basin,person,person,0.5068
2026-08-02,14:25:06,Greywood Edge,elephant,elephant,0.8509
2026-08-02,14:25:06,Elderleaf Basin,person,person,0.5413
2026-08-02,14:25:06,Misty Creek Grove,elephant,elephant,0.9158
2026-08-02,14:25:06,Greywood Edge,person,person,0.669
2026-08-02,14:25:06,North Ridge Forest,elephant,elephant,0.9092
2026-08-02,14:25:06,Fernvale Thicket,person,person,0.6978
2026-08-02,14:25:06,Fernvale Thicket,elephant,elephant,0.9058
2026-08-02,14:25:06,Elderleaf Basin,person,person,0.6545
2026-08-02,14:25:06,Elderleaf Basin,elephant,elephant,0.9268
2026-08-02,14:25:06,Misty Creek Grove,person,person,0.7097
2026-08-02,14:25:07,Misty Creek Grove,elephant,elephant,0.91
2026-08-02,14:25:07,Misty Creek Grove,person,person,0.5608
2026-08-02,14:25:07,North Ridge Forest,elephant,elephant,0.9055
2026-08-02,14:25:07,Misty Creek Grove,elephant,elephant,0.9152
2026-08-02,14:25:07,Greywood Edge,person,person,0.5534
2026-08-02,14:25:07,Elderleaf Basin,elephant,elephant,0.9325
2026-08-02,14:25:07,Misty Creek Grove,person,person,0.5067
2026-08-02,14:25:07,North Ridge Forest,elephant,elephant,0.9209
2026-08-02,14:25:07,Elderleaf Basin,person,person,0.6705
2026-08-02,14:25:07,North Ridge Forest,elephant,elephant,0.9086
2026-08-02,14:25:07,Misty Creek Grove,person,person,0.8335
2026-08-02,14:25:07,Pine Hollow Zone,elephant,elephant,0.8999
2026-08-02,14:25:07,Greywood Edge,person,person,0.8341
2026-08-02,14:25:08,Fernvale Thicket,elephant,elephant,0.9083
2026-08-02,14:25:08,Greywood Edge,person,person,0.7878
2026-08-02,14:25:08,Fernvale Thicket,elephant,elephant,0.904
2026-08-02,14:25:08,Elderleaf Basin,person,person,0.801
2026-08-02,14:25:08,Pine Hollow Zone,elephant,elephant,0.9083
2026-08-02,14:25:08,Pine Hollow Zone,person,person,0.8105
2026-08-02,14:25:08,Elderleaf Basin,elephant,elephant,0.9179
2026-08-02,14:25:08,Elderleaf Basin,person,person,0.7832
2026-08-02,14:25:08,North Ridge Forest,elephant,elephant,0.9117
2026-08-02,14:25:08,North Ridge Forest,person,person,0.7564
2026-08-02,14:25:08,Elderleaf Basin,elephant,elephant,0.9199
2026-08-02,14:25:08,Greywood Edge,person,person,0.7677
2026-08-02,14:25:09,Elderleaf Basin,elephant,elephant,0.9038
2026-08-02,14:25:09,Fernvale Thicket,person,person,0.6841
2026-08-02,14:25:09,Elderleaf Basin,person,person,0.6943
2026-08-02,14:25:09,Fernvale Thicket,person,person,0.5107
2026-08-02,14:25:09,Fernvale Thicket,person,person,0.8589
2026-08-02,14:25:09,North Ridge Forest,person,person,0.6816
2026-08-02,14:25:09,Greywood Edge,person,person,0.6428
2026-08-02,14:25:10,Fernvale Thicket,person,person,0.5525
2026-08-02,14:25:10,Greywood Edge,person,person,0.6763
2026-08-02,14:25:10,Elderleaf Basin,person,person,0.6418
2026-08-02,14:25:10,Misty Creek Grove,person,person,0.8151
2026-08-02,14:25:10,Greywood Edge,person,person,0.8376
2026-08-02,14:25:10,North Ridge Forest,person,person,0.7821
2026-08-02,14:25:10,Pine Hollow Zone,person,person,0.7681
2026-08-02,14:25:11,North Ridge Forest,person,person,0.8103
2026-08-02,14:25:11,Elderleaf Basin,person,person,0.7535
2026-08-02,14:25:11,Fernvale Thicket,person,person,0.7485
2026-08-02,14:25:11,Greywood Edge,person,person,0.7738
2026-08-02,14:25:11,North Ridge Forest,person,person,0.7432
2026-08-02,14:25:12,North Ridge Forest,person,person,0.7519
2026-08-02,14:25:12,Pine Hollow Zone,person,person,0.7558
2026-08-02,14:25:12,Greywood Edge,person,person,0.6429
2026-08-02,14:25:12,Pine Hollow Zone,person,person,0.6911
2026-08-02,14:25:13,Misty Creek Grove,person,person,0.6821
2026-08-02,14:25:13,Fernvale Thicket,person,person,0.7438
2026-08-02,14:25:13,Fernvale Thicket,person,person,0.7313
2026-08-02,14:25:13,Pine Hollow Zone,person,person,0.6716
2026-08-02,14:25:13,Elderleaf Basin,person,person,0.7143
2026-08-02,14:25:33,Pine Hollow Zone,person,person,0.574
2026-08-02,14:25:33,Pine Hollow Zone,person,person,0.4886
2026-08-02,14:25:34,Pine Hollow Zone,person,person,0.576
2026-08-02,14:25:34,Greywood Edge,person,person,0.5002
2026-08-02,14:25:34,North Ridge Forest,elephant,elephant,0.9058
2026-08-02,14:25:34,Pine Hollow Zone,person,person,0.8985
2026-08-02,14:25:34,Misty Creek Grove,person,person,0.5564
2026-08-02,14:25:34,Pine Hollow Zone,person,person,0.8522
2026-08-02,14:25:34,Misty Creek Grove,person,person,0.6515
2026-08-02,14:25:34,Greywood Edge,elephant,elephant,0.535
2026-08-02,14:25:34,Fernvale Thicket,person,person,0.5289
2026-08-02,14:25:34,Greywood Edge,person,person,0.5506
2026-08-02,14:25:35,North Ridge Forest,person,person,0.8163
2026-08-02,14:25:35,North Ridge Forest,elephant,elephant,0.8599
2026-08-02,14:25:35,Elderleaf Basin,person,person,0.7704
2026-08-02,14:25:35,Pine Hollow Zone,person,person,0.5803
2026-08-02,14:25:35,Pine Hollow Zone,elephant,elephant,0.8975
2026-08-02,14:25:35,Fernvale Thicket,person,person,0.6393
2026-08-02,14:25:35,Greywood Edge,person,person,0.5637
2026-08-02,14:25:35,North Ridge Forest,elephant,elephant,0.9084
2026-08-02,14:25:35,Pine Hollow Zone,person,person,0.6864
2026-08-02,14:25:35,Elderleaf Basin,person,person,0.6041
2026-08-02,14:25:35,North Ridge Forest,person,person,0.4902
2026-08-02,14:25:36,Fernvale Thicket,person,person,0.7661
2026-08-02,14:25:36,Pine Hollow Zone,elephant,elephant,0.6651
2026-08-02,14:25:36,Fernvale Thicket,person,person,0.5405
2026-08-02,14:25:36,Elderleaf Basin,elephant,elephant,0.917
2026-08-02,14:25:36,Fernvale Thicket,person,person,0.6159
2026-08-02,14:25:36,Elderleaf Basin,person,person,0.5512
2026-08-02,14:25:36,Misty Creek Grove,elephant,elephant,0.9266
2026-08-02,14:25:36,Greywood Edge,person,person,0.6864
2026-08-02,14:25:36,Pine Hollow Zone,person,person,0.5482
2026-08-02,14:25:36,North Ridge Forest,person,person,0.5317
2026-08-02,14:25:36,Elderleaf Basin,elephant,elephant,0.4504
2026-08-02,14:25:36,North Ridge Forest,elephant,elephant,0.8187
2026-08-02,14:25:36,Elderleaf Basin,person,person,0.5502
2026-08-02,14:25:36,Pine Hollow Zone,person,person,0.5051
2026-08-02,14:25:36,Greywood Edge,person,person,0.4972
2026-08-02,14:25:36,Pine Hollow Zone,elephant,elephant,0.8828
2026-08-02,14:25:37,Greywood Edge,person,person,0.6516
2026-08-02,14:25:37,Elderleaf Basin,person,person,0.4935
2026-08-02,14:25:37,Fernvale Thicket,person,person,0.4625
2026-08-02,14:25:37,Elderleaf Basin,elephant,elephant,0.93
2026-08-02,14:25:37,Greywood Edge,person,person,0.7542
2026-08-02,14:25:37,Fernvale Thicket,person,person,0.6335
2026-08-02,14:25:37,Pine Hollow Zone,person,person,0.5521
2026-08-02,14:25:37,Greywood Edge,elephant,elephant,0.9224
2026-08-02,14:25:37,Elderleaf Basin,person,person,0.7491
2026-08-02,14:25:37,Fernvale Thicket,person,person,0.5959
2026-08-02,14:25:37,North Ridge Forest,elephant,elephant,0.4846
2026-08-02,14:25:37,North Ridge Forest,elephant,elephant,0.9175
2026-08-02,14:25:37,Pine Hollow Zone,person,person,0.7215
2026-08-02,14:25:37,Elderleaf Basin,person,person,0.5609
2026-08-02,14:25:37,Elderleaf Basin,person,person,0.5434
2026-08-02,14:25:37,Greywood Edge,elephant,elephant,0.4731
2026-08-02,14:25:37,Pine Hollow Zone,elephant,elephant,0.9098
2026-08-02,14:25:37,North Ridge Forest,person,person,0.6572
2026-08-02,14:25:37,Misty Creek Grove,person,person,0.5862
2026-08-02,14:25:37,Greywood Edge,person,person,0.5858
2026-08-02,14:25:37,Misty Creek Grove,person,person,0.5073
2026-08-02,14:25:38,Greywood Edge,elephant,elephant,0.9065
2026-08-02,14:25:38,North Ridge Forest,person,person,0.728
2026-08-02,14:25:38,Elderleaf Basin,person,person,0.6893
2026-08-02,14:25:38,North Ridge Forest,person,person,0.6202
2026-08-02,14:25:38,North Ridge Forest,elephant,elephant,0.9161
2026-08-02,14:25:38,North Ridge Forest,person,person,0.7068
2026-08-02,14:25:38,Greywood Edge,person,person,0.6997
2026-08-02,14:25:38,North Ridge Forest,elephant,elephant,0.652
2026-08-02,14:25:38,Elderleaf Basin,elephant,elephant,0.8934
2026-08-02,14:25:38,Fernvale Thicket,person,person,0.6783
2026-08-02,14:25:38,Elderleaf Basin,person,person,0.6274
2026-08-02,14:25:38,Greywood Edge,person,person,0.5387
2026-08-02,14:25:38,Greywood Edge,person,person,0.5307
2026-08-02,14:25:38,Elderleaf Basin,elephant,elephant,0.9369
2026-08-02,14:25:38,North Ridge Forest,person,person,0.6314
2026-08-02,14:25:38,Elderleaf Basin,person,person,0.5498
2026-08-02,14:25:38,Greywood Edge,person,person,0.5437
2026-08-02,14:25:38,Fernvale Thicket,person,person,0.5395
2026-08-02,14:25:39,Fernvale Thicket,elephant,elephant,0.9229
2026-08-02,14:25:39,Fernvale Thicket,person,person,0.7
2026-08-02,14:25:39,Elderleaf Basin,person,person,0.646
2026-08-02,14:25:39,Misty Creek Grove,person,person,0.6063
2026-08-02,14:25:39,Misty Creek Grove,elephant,elephant,0.9335
2026-08-02,14:25:39,Misty Creek Grove,person,person,0.7441
2026-08-02,14:25:39,Greywood Edge,person,person,0.6219
2026-08-02,14:25:39,North Ridge Forest,person,person,0.5155
2026-08-02,14:25:39,North Ridge Forest,person,person,0.6392
2026-08-02,14:25:39,Greywood Edge,person,person,0.6971
2026-08-02,14:25:39,Fernvale Thicket,person,person,0.5162
2026-08-02,14:25:40,Elderleaf Basin,person,person,0.5702
2026-08-02,14:25:40,Elderleaf Basin,person,person,0.5623
2026-08-02,14:25:40,Greywood Edge,person,person,0.7288
2026-08-02,14:25:40,North Ridge Forest,person,person,0.8024
2026-08-02,14:25:41,Misty Creek Grove,person,person,0.8178
2026-08-02,14:25:41,Fernvale Thicket,person,person,0.8404
2026-08-02,14:25:41,Misty Creek Grove,person,person,0.7918
2026-08-02,14:25:41,North Ridge Forest,person,person,0.7959
2026-08-02,14:25:41,Misty Creek Grove,person,person,0.8144
2026-08-02,14:25:41,Pine Hollow Zone,person,person,0.8322
2026-08-02,14:25:42,Greywood Edge,person,person,0.7745
2026-08-02,14:25:42,Fernvale Thicket,person,person,0.7981
2026-08-02,14:25:42,Pine Hollow Zone,person,person,0.8296
2026-08-02,14:25:42,Pine Hollow Zone,person,person,0.8214
2026-08-02,14:25:42,North Ridge Forest,person,person,0.8253
2026-08-02,14:25:43,Fernvale Thicket,person,person,0.8333
2026-08-02,14:25:43,Pine Hollow Zone,person,person,0.8453
2026-08-02,14:25:43,Fernvale Thicket,person,person,0.7499
2026-08-02,14:25:43,North Ridge Forest,person,person,0.8337
2026-08-02,14:25:43,Elderleaf Basin,person,person,0.821
2026-08-02,14:25:44,Elderleaf Basin,person,person,0.84
2026-08-02,14:25:44,Greywood Edge,person,person,0.8443
2026-08-02,14:25:44,North Ridge Forest,person,person,0.8418
2026-08-02,14:25:44,Misty Creek Grove,person,person,0.8366
2026-08-02,14:25:44,Pine Hollow Zone,person,person,0.79
2026-08-02,14:25:45,Misty Creek Grove,person,person,0.7903
2026-08-02,14:25:45,Fernvale Thicket,person,person,0.813
2026-08-02,14:25:45,Misty Creek Grove,person,person,0.8072
2026-08-02,14:25:45,Pine Hollow Zone,person,person,0.7856
2026-08-02,14:25:45,Elderleaf Basin,person,person,0.7045
2026-08-02,14:25:45,North Ridge Forest,person,person,0.7321
2026-08-02,14:25:46,Fernvale Thicket,person,person,0.639
2026-08-02,14:25:46,Elderleaf Basin,person,person,0.6297
2026-08-02,14:25:46,Elderleaf Basin,person,person,0.6371
2026-08-02,14:25:46,North Ridge Forest,person,person,0.7831
2026-08-02,14:25:46,Pine Hollow Zone,person,person,0.8084
2026-08-02,14:25:47,Pine Hollow Zone,person,person,0.922
2026-08-02,14:25:47,Pine Hollow Zone,elephant,elephant,0.7447
2026-08-02,14:25:47,Greywood Edge,truck,truck,0.4632
2026-08-02,14:25:47,Elderleaf Basin,person,person,0.9125
2026-08-02,14:25:47,Greywood Edge,train,train,0.5695
2026-08-02,14:25:47,Elderleaf Basin,person,person,0.8796
2026-08-02,14:25:47,Greywood Edge,person,person,0.7667
2026-08-02,14:25:47,North Ridge Forest,elephant,elephant,0.5536
2026-08-02,14:25:47,Greywood Edge,person,person,0.8064
2026-08-02,14:25:47,Greywood Edge,person,person,0.8063
2026-08-02,14:25:48,Pine Hollow Zone,person,person,0.8714
2026-08-02,14:25:48,Misty Creek Grove,elephant,elephant,0.5136
2026-08-02,14:25:48,Fernvale Thicket,person,person,0.8632
2026-08-02,14:25:48,Pine Hollow Zone,elephant,elephant,0.8425
2026-08-02,14:25:48,Greywood Edge,person,person,0.5947
2026-08-02,14:25:48,Greywood Edge,person,person,0.8675
2026-08-02,14:25:48,Fernvale Thicket,elephant,elephant,0.7321
2026-08-02,14:25:48,Greywood Edge,elephant,elephant,0.8045
2026-08-02,14:25:48,Misty Creek Grove,person,person,0.61
2026-08-02,14:25:49,Elderleaf Basin,person,person,0.876
2026-08-02,14:25:49,Greywood Edge,elephant,elephant,0.8082
2026-08-02,14:25:49,Misty Creek Grove,person,person,0.8659
2026-08-02,14:25:49,Elderleaf Basin,elephant,elephant,0.5229
2026-08-02,14:25:49,Pine Hollow Zone,person,person,0.8906
2026-08-02,14:25:49,Fernvale Thicket,person,person,0.8805
2026-08-02,14:25:49,Greywood Edge,horse,horse,0.8521
2026-08-02,14:25:49,Greywood Edge,bus,bus,0.5209
2026-08-02,14:25:49,Elderleaf Basin,person,person,0.8934
2026-08-02,14:25:49,Elderleaf Basin,horse,horse,0.6602
2026-08-02,14:25:50,Pine Hollow Zone,person,person,0.8854
2026-08-02,14:25:50,Misty Creek Grove,horse,horse,0.5066
2026-08-02,14:25:50,Misty Creek Grove,person,person,0.82
2026-08-02,14:25:50,Fernvale Thicket,elephant,elephant,0.6255
2026-08-02,14:25:50,Misty Creek Grove,person,person,0.8875
2026-08-02,14:25:50,Elderleaf Basin,elephant,elephant,0.6923
2026-08-02,14:25:50,Fernvale Thicket,person,person,0.8765
2026-08-02,14:25:50,Misty Creek Grove,elephant,elephant,0.642
2026-08-02,14:25:50,North Ridge Forest,person,person,0.4625
2026-08-02,14:25:50,Elderleaf Basin,person,person,0.8732
2026-08-02,14:25:50,Fernvale Thicket,person,person,0.474
2026-08-02,14:25:51,Misty Creek Grove,person,person,0.8824
2026-08-02,14:25:51,North Ridge Forest,person,person,0.8879
2026-08-02,14:25:51,Greywood Edge,elephant,elephant,0.5278
2026-08-02,14:25:51,North Ridge Forest,person,person,0.9
2026-08-02,14:25:51,Misty Creek Grove,elephant,elephant,0.6795
2026-08-02,14:25:51,Pine Hollow Zone,person,person,0.8196
2026-08-02,14:25:51,Elderleaf Basin,elephant,elephant,0.55
2026-08-02,14:25:51,North Ridge Forest,person,person,0.5262
2026-08-02,14:25:51,North Ridge Forest,elephant,elephant,0.6755
2026-08-02,14:25:51,Elderleaf Basin,person,person,0.549
2026-08-02,14:25:52,Misty Creek Grove,person,person,0.6022
2026-08-02,14:25:52,Pine Hollow Zone,truck,truck,0.5015
2026-08-02,14:25:52,Elderleaf Basin,person,person,0.6511
2026-08-02,14:25:52,Misty Creek Grove,elephant,elephant,0.6942
2026-08-02,14:25:52,Misty Creek Grove,person,person,0.6385
2026-08-02,14:25:52,Elderleaf Basin,person,person,0.6069
2026-08-02,14:25:52,Elderleaf Basin,person,person,0.6202
2026-08-02,14:25:53,North Ridge Forest,person,person,0.7039
2026-08-02,14:25:53,Elderleaf Basin,horse,horse,0.5621
2026-08-02,14:25:53,Pine Hollow Zone,person,person,0.6763
2026-08-02,14:25:53,Misty Creek Grove,person,person,0.4521
2026-08-02,14:25:53,Elderleaf Basin,person,person,0.7629
2026-08-02,14:25:53,Elderleaf Basin,elephant,elephant,0.7277
2026-08-02,14:25:53,Greywood Edge,person,person,0.4657
2026-08-02,14:25:53,Elderleaf Basin,person,person,0.6364
2026-08-02,14:25:53,Elderleaf Basin,horse,horse,0.5001
2026-08-02,14:25:53,North Ridge Forest,bus,bus,0.5639
2026-08-02,14:25:53,Pine Hollow Zone,person,person,0.534
2026-08-02,14:25:53,Pine Hollow Zone,person,person,0.4666
2026-08-02,14:25:53,Greywood Edge,person,person,0.7528
2026-08-02,14:25:54,Misty Creek Grove,person,person,0.5043
2026-08-02,14:25:54,Fernvale Thicket,person,person,0.7743
2026-08-02,14:25:54,Fernvale Thicket,person,person,0.7489
2026-08-02,14:25:54,North Ridge Forest,person,person,0.8341
2026-08-02,14:25:54,Fernvale Thicket,person,person,0.9056
2026-08-02,14:25:54,North Ridge Forest,horse,horse,0.7446
2026-08-02,14:25:54,Fernvale Thicket,person,person,0.8813
2026-08-02,14:25:54,Greywood Edge,elephant,elephant,0.7576
2026-08-02,14:25:55,Greywood Edge,person,person,0.9095
2026-08-02,14:25:55,Greywood Edge,elephant,elephant,0.7572
2026-08-02,14:25:55,Misty Creek Grove,person,person,0.5023
2026-08-02,14:25:55,Pine Hollow Zone,person,person,0.9091
2026-08-02,14:25:55,Misty Creek Grove,elephant,elephant,0.8338
2026-08-02,14:25:55,Pine Hollow Zone,person,person,0.8829
2026-08-02,14:25:55,Greywood Edge,elephant,elephant,0.7763
2026-08-02,14:25:55,Greywood Edge,elephant,elephant,0.8597
2026-08-02,14:25:55,Greywood Edge,person,person,0.7446
2026-08-02,14:25:55,Elderleaf Basin,elephant,elephant,0.8996
2026-08-02,14:25:55,Fernvale Thicket,person,person,0.8284
2026-08-02,14:25:55,Fernvale Thicket,person,person,0.5305
2026-08-02,14:25:55,North Ridge Forest,person,person,0.4679
2026-08-02,14:25:56,North Ridge Forest,elephant,elephant,0.7654
2026-08-02,14:25:56,Elderleaf Basin,elephant,elephant,0.9135
2026-08-02,14:25:56,North Ridge Forest,person,person,0.476
2026-08-02,14:25:56,Pine Hollow Zone,elephant,elephant,0.787
2026-08-02,14:25:56,Greywood Edge,person,person,0.5598
2026-08-02,14:25:56,Greywood Edge,person,person,0.4897
2026-08-02,14:25:56,Elderleaf Basin,elephant,elephant,0.868
2026-08-02,14:25:56,Pine Hollow Zone,person,person,0.733
2026-08-02,14:25:56,Pine Hollow Zone,elephant,elephant,0.5942
2026-08-02,14:25:56,Pine Hollow Zone,person,person,0.5429
2026-08-02,14:25:57,Misty Creek Grove,elephant,elephant,0.7074
2026-08-02,14:25:57,Elderleaf Basin,person,person,0.6626
2026-08-02,14:25:57,Greywood Edge,elephant,elephant,0.9019
2026-08-02,14:25:57,Elderleaf Basin,person,person,0.8006
2026-08-02,14:25:57,North Ridge Forest,person,person,0.484
2026-08-02,14:25:57,Misty Creek Grove,person,person,0.8076
2026-08-02,14:25:57,Fernvale Thicket,elephant,elephant,0.5364
2026-08-02,14:25:57,North Ridge Forest,person,person,0.7881
2026-08-02,14:25:57,North Ridge Forest,elephant,elephant,0.7738
2026-08-02,14:25:57,Pine Hollow Zone,person,person,0.8304
2026-08-02,14:25:57,Fernvale Thicket,elephant,elephant,0.6797
2026-08-02,14:25:57,Elderleaf Basin,cow,cow,0.4501
2026-08-02,14:25:58,Greywood Edge,elephant,elephant,0.8579
2026-08-02,14:25:58,Pine Hollow Zone,person,person,0.8039
2026-08-02,14:25:58,Misty Creek Grove,elephant,elephant,0.8779
2026-08-02,14:25:58,Fernvale Thicket,person,person,0.8284
2026-08-02,14:25:58,Greywood Edge,elephant,elephant,0.9094
2026-08-02,14:25:58,Elderleaf Basin,person,person,0.7904
2026-08-02,14:25:58,Misty Creek Grove,person,person,0.8531
2026-08-02,14:25:58,Greywood Edge,elephant,elephant,0.7944
2026-08-02,14:25:58,North Ridge Forest,truck,truck,0.4594
2026-08-02,14:25:58,North Ridge Forest,person,person,0.8111
2026-08-02,14:25:58,North Ridge Forest,elephant,elephant,0.5169
2026-08-02,14:25:58,North Ridge Forest,person,person,0.4625
2026-08-02,14:25:59,Elderleaf Basin,elephant,elephant,0.8501
2026-08-02,14:25:59,Elderleaf Basin,person,person,0.8238
2026-08-02,14:25:59,Pine Hollow Zone,elephant,elephant,0.8857
2026-08-02,14:25:59,Greywood Edge,person,person,0.8836
2026-08-02,14:25:59,North Ridge Forest,person,person,0.844
2026-08-02,14:25:59,Greywood Edge,horse,horse,0.6497
2026-08-02,14:25:59,Elderleaf Basin,person,person,0.875
2026-08-02,14:25:59,Fernvale Thicket,elephant,elephant,0.8688
2026-08-02,14:25:59,Pine Hollow Zone,person,person,0.8986
2026-08-02,14:25:59,Misty Creek Grove,horse,horse,0.7078
2026-08-02,14:26:00,Fernvale Thicket,person,person,0.8663
2026-08-02,14:26:00,Elderleaf Basin,elephant,elephant,0.7251
2026-08-02,14:26:00,Pine Hollow Zone,person,person,0.8732
2026-08-02,14:26:00,Elderleaf Basin,elephant,elephant,0.8692
2026-08-02,14:26:00,Elderleaf Basin,person,person,0.8931
2026-08-02,14:26:00,Pine Hollow Zone,horse,horse,0.6017
2026-08-02,14:26:00,Misty Creek Grove,person,person,0.4995
2026-08-02,14:26:00,Misty Creek Grove,person,person,0.9004
2026-08-02,14:26:00,Greywood Edge,elephant,elephant,0.8646
2026-08-02,14:26:00,Elderleaf Basin,elephant,elephant,0.886
2026-08-02,14:26:00,Pine Hollow Zone,person,person,0.8564
2026-08-02,14:26:01,North Ridge Forest,person,person,0.9073
2026-08-02,14:26:01,Elderleaf Basin,elephant,elephant,0.6786
2026-08-02,14:26:01,Greywood Edge,person,person,0.5302
2026-08-02,14:26:01,Misty Creek Grove,person,person,0.9026
2026-08-02,14:26:01,Elderleaf Basin,elephant,elephant,0.7703
2026-08-02,14:26:01,Greywood Edge,person,person,0.9051
2026-08-02,14:26:01,Pine Hollow Zone,elephant,elephant,0.877
2026-08-02,14:26:01,Elderleaf Basin,person,person,0.5389
2026-08-02,14:26:01,North Ridge Forest,person,person,0.5683
2026-08-02,14:26:01,Misty Creek Grove,person,person,0.4733
2026-08-02,14:26:01,North Ridge Forest,person,person,0.8307
2026-08-02,14:26:02,Misty Creek Grove,person,person,0.6514
2026-08-02,14:26:02,North Ridge Forest,person,person,0.8769
2026-08-02,14:26:02,North Ridge Forest,person,person,0.7804
2026-08-02,14:26:02,Elderleaf Basin,person,person,0.8192
2026-08-02,14:26:02,Fernvale Thicket,person,person,0.865
2026-08-02,14:26:03,North Ridge Forest,person,person,0.8287
2026-08-02,14:26:03,Elderleaf Basin,person,person,0.7533
2026-08-02,14:26:03,Pine Hollow Zone,person,person,0.7835
2026-08-02,14:26:03,North Ridge Forest,person,person,0.5769
2026-08-02,14:26:03,Elderleaf Basin,person,person,0.7826
2026-08-02,14:26:04,North Ridge Forest,person,person,0.7145
2026-08-02,14:26:04,Misty Creek Grove,person,person,0.6517
2026-08-02,14:26:04,Pine Hollow Zone,person,person,0.5286
2026-08-02,14:26:05,Misty Creek Grove,person,person,0.6312
2026-08-02,14:26:05,Misty Creek Grove,person,person,0.5285
2026-08-02,14:26:05,Misty Creek Grove,person,person,0.5407
2026-08-02,14:26:05,Greywood Edge,horse,horse,0.6633
2026-08-02,14:26:06,Fernvale Thicket,horse,horse,0.69
2026-08-02,14:26:06,Greywood Edge,person,person,0.5599
2026-08-02,14:26:06,Elderleaf Basin,elephant,elephant,0.7631
2026-08-02,14:26:06,Pine Hollow Zone,person,person,0.4928
2026-08-02,14:26:06,Fernvale Thicket,person,person,0.8337
2026-08-02,14:26:06,Greywood Edge,person,person,0.7992
2026-08-02,14:26:06,Fernvale Thicket,horse,horse,0.5901
2026-08-02,14:26:06,Fernvale Thicket,person,person,0.5379
2026-08-02,14:26:07,Fernvale Thicket,person,person,0.5965
2026-08-02,14:26:07,North Ridge Forest,person,person,0.5612
2026-08-02,14:26:07,Elderleaf Basin,person,person,0.5479
2026-08-02,14:26:07,Misty Creek Grove,person,person,0.4882
2026-08-02,14:26:07,Elderleaf Basin,elephant,elephant,0.4853
2026-08-02,14:26:07,Fernvale Thicket,horse,horse,0.4711
2026-08-02,14:26:07,Fernvale Thicket,elephant,elephant,0.8999
2026-08-02,14:26:07,Elderleaf Basin,person,person,0.6319
2026-08-02,14:26:07,Fernvale Thicket,horse,horse,0.8561
2026-08-02,14:26:07,Greywood Edge,person,person,0.53
2026-08-02,14:26:07,Pine Hollow Zone,person,person,0.6551
2026-08-02,14:26:07,Greywood Edge,elephant,elephant,0.6525
2026-08-02,14:26:07,Elderleaf Basin,elephant,elephant,0.835
2026-08-02,14:26:07,Fernvale Thicket,person,person,0.5504
2026-08-02,14:26:08,Misty Creek Grove,elephant,elephant,0.8658
2026-08-02,14:26:08,Elderleaf Basin,person,person,0.7264
2026-08-02,14:26:08,North Ridge Forest,person,person,0.5167
2026-08-02,14:26:08,Elderleaf Basin,elephant,elephant,0.8851
2026-08-02,14:26:08,North Ridge Forest,person,person,0.6307
2026-08-02,14:26:08,Fernvale Thicket,person,person,0.4692
2026-08-02,14:26:08,Misty Creek Grove,person,person,0.4593
2026-08-02,14:26:08,Misty Creek Grove,elephant,elephant,0.5402
2026-08-02,14:26:08,Misty Creek Grove,person,person,0.4831
2026-08-02,14:26:08,Pine Hollow Zone,elephant,elephant,0.8889
2026-08-02,14:26:08,Pine Hollow Zone,elephant,elephant,0.7476
2026-08-02,14:26:08,Misty Creek Grove,person,person,0.4904
2026-08-02,14:26:08,North Ridge Forest,elephant,elephant,0.7654
2026-08-02,14:26:08,Elderleaf Basin,truck,truck,0.5865
2026-08-02,14:26:09,Pine Hollow Zone,elephant,elephant,0.5033
2026-08-02,14:26:09,Greywood Edge,elephant,elephant,0.6361
2026-08-02,14:26:09,Greywood Edge,elephant,elephant,0.6307
2026-08-02,14:26:09,Fernvale Thicket,person,person,0.5299
2026-08-02,14:26:09,Misty Creek Grove,elephant,elephant,0.6253
2026-08-02,14:26:09,Pine Hollow Zone,person,person,0.5137
2026-08-02,14:26:09,Fernvale Thicket,person,person,0.5089
2026-08-02,14:26:09,North Ridge Forest,elephant,elephant,0.9082
2026-08-02,14:26:09,Misty Creek Grove,person,person,0.5891
2026-08-02,14:26:09,Elderleaf Basin,person,person,0.4617
2026-08-02,14:26:09,Fernvale Thicket,person,person,0.4523
2026-08-02,14:26:10,Misty Creek Grove,elephant,elephant,0.8829
2026-08-02,14:26:10,Misty Creek Grove,person,person,0.4932
2026-08-02,14:26:10,North Ridge Forest,elephant,elephant,0.8051
2026-08-02,14:26:10,Fernvale Thicket,person,person,0.4621
2026-08-02,14:26:10,Elderleaf Basin,elephant,elephant,0.8871
2026-08-02,14:26:10,Fernvale Thicket,person,person,0.4796
2026-08-02,14:26:10,Elderleaf Basin,elephant,elephant,0.8965
2026-08-02,14:26:10,Pine Hollow Zone,horse,horse,0.7306
2026-08-02,14:26:11,Elderleaf Basin,person,person,0.5208
2026-08-02,14:26:11,Fernvale Thicket,person,person,0.4542
2026-08-02,14:26:11,North Ridge Forest,person,person,0.5481
2026-08-02,14:26:11,Fernvale Thicket,person,person,0.6187
2026-08-02,14:26:11,Misty Creek Grove,elephant,elephant,0.594
2026-08-02,14:26:11,Misty Creek Grove,truck,truck,0.4576
2026-08-02,14:26:11,Fernvale Thicket,elephant,elephant,0.6391
2026-08-02,14:26:11,Greywood Edge,person,person,0.5716
2026-08-02,14:26:11,Misty Creek Grove,elephant,elephant,0.8422
2026-08-02,14:26:11,North Ridge Forest,person,person,0.7055
2026-08-02,14:26:11,Elderleaf Basin,elephant,elephant,0.7983
2026-08-02,14:26:11,North Ridge Forest,person,person,0.6171
2026-08-02,14:26:11,North Ridge Forest,elephant,elephant,0.7223
2026-08-02,14:26:11,Misty Creek Grove,person,person,0.7185
2026-08-02,14:26:11,Misty Creek Grove,elephant,elephant,0.5123
2026-08-02,14:26:11,Greywood Edge,person,person,0.4625
2026-08-02,14:26:12,Fernvale Thicket,elephant,elephant,0.7933
2026-08-02,14:26:12,Fernvale Thicket,person,person,0.6761
2026-08-02,14:26:12,Elderleaf Basin,elephant,elephant,0.7604
2026-08-02,14:26:12,Elderleaf Basin,person,person,0.6494
2026-08-02,14:26:12,Elderleaf Basin,elephant,elephant,0.8612
2026-08-02,14:26:12,Greywood Edge,person,person,0.6529
2026-08-02,14:26:12,Pine Hollow Zone,person,person,0.4548
2026-08-02,14:26:12,Greywood Edge,elephant,elephant,0.7777
2026-08-02,14:26:12,Misty Creek Grove,person,person,0.6667
2026-08-02,14:26:12,Fernvale Thicket,elephant,elephant,0.8243
2026-08-02,14:26:12,Fernvale Thicket,person,person,0.7077
2026-08-02,14:26:12,Fernvale Thicket,person,person,0.4576
2026-08-02,14:26:12,Greywood Edge,person,person,0.682
2026-08-02,14:26:12,Fernvale Thicket,elephant,elephant,0.5739
2026-08-02,14:26:13,Pine Hollow Zone,person,person,0.6265
2026-08-02,14:26:13,Fernvale Thicket,elephant,elephant,0.733
2026-08-02,14:26:13,Fernvale Thicket,person,person,0.498
2026-08-02,14:26:13,Misty Creek Grove,person,person,0.5845
2026-08-02,14:26:13,Elderleaf Basin,person,person,0.7467
2026-08-02,14:26:13,Elderleaf Basin,person,person,0.5438
2026-08-02,14:26:13,North Ridge Forest,person,person,0.5317
2026-08-02,14:26:13,Misty Creek Grove,dog,dog,0.4732
2026-08-02,14:26:14,North Ridge Forest,person,person,0.5878
2026-08-02,14:26:14,Greywood Edge,person,person,0.4716
2026-08-02,14:26:14,Greywood Edge,horse,horse,0.7767
2026-08-02,14:26:14,Misty Creek Grove,person,person,0.5969
2026-08-02,14:26:14,Misty Creek Grove,person,person,0.4597
2026-08-02,14:26:14,Pine Hollow Zone,horse,horse,0.7794
2026-08-02,14:26:14,Pine Hollow Zone,person,person,0.5165
2026-08-02,14:26:14,Elderleaf Basin,person,person,0.5001
2026-08-02,14:26:14,Fernvale Thicket,person,person,0.4595
2026-08-02,14:26:14,Misty Creek Grove,person,person,0.6138
2026-08-02,14:26:14,Misty Creek Grove,person,person,0.6071
2026-08-02,14:26:14,Misty Creek Grove,person,person,0.4715
2026-08-02,14:26:15,North Ridge Forest,person,person,0.8335
2026-08-02,14:26:15,Misty Creek Grove,person,person,0.7347
2026-08-02,14:26:15,Elderleaf Basin,person,person,0.7214
2026-08-02,14:26:15,Pine Hollow Zone,person,person,0.7259
2026-08-02,14:26:16,Misty Creek Grove,person,person,0.8287
2026-08-02,14:26:16,Elderleaf Basin,person,person,0.7763
2026-08-02,14:26:16,Greywood Edge,person,person,0.5814
2026-08-02,14:26:16,Pine Hollow Zone,person,person,0.8032
2026-08-02,14:26:16,Pine Hollow Zone,person,person,0.85
2026-08-02,14:26:16,North Ridge Forest,person,person,0.8672
2026-08-02,14:26:17,Fernvale Thicket,person,person,0.8531
2026-08-02,14:26:17,Misty Creek Grove,person,person,0.8596
2026-08-02,14:26:17,Greywood Edge,person,person,0.8438
2026-08-02,14:26:17,Misty Creek Grove,person,person,0.8355
2026-08-02,14:26:17,North Ridge Forest,person,person,0.8244
2026-08-02,14:26:18,Fernvale Thicket,person,person,0.8259
2026-08-02,14:26:18,Pine Hollow Zone,person,person,0.5705
2026-08-02,14:26:18,North Ridge Forest,person,person,0.7691
2026-08-02,14:26:18,Greywood Edge,person,person,0.4646
2026-08-02,14:26:18,Pine Hollow Zone,person,person,0.6099
2026-08-02,14:26:18,Elderleaf Basin,person,person,0.4988
2026-08-02,14:26:19,Elderleaf Basin,cat,cat,0.5271
2026-08-02,14:26:19,Elderleaf Basin,cat,cat,0.6962
2026-08-02,14:26:19,Elderleaf Basin,cat,cat,0.5317
2026-08-02,14:26:19,Misty Creek Grove,horse,horse,0.5371
2026-08-02,14:26:20,Elderleaf Basin,horse,horse,0.6063
2026-08-02,14:26:20,North Ridge Forest,person,person,0.5798
2026-08-02,14:26:20,Misty Creek Grove,cow,cow,0.5195
2026-08-02,14:26:20,Fernvale Thicket,horse,horse,0.4667
2026-08-02,14:26:20,Greywood Edge,horse,horse,0.8101
2026-08-02,14:26:21,Elderleaf Basin,horse,horse,0.4789
2026-08-02,14:26:21,North Ridge Forest,horse,horse,0.8941
2026-08-02,14:26:21,Misty Creek Grove,horse,horse,0.7847
2026-08-02,14:26:21,Pine Hollow Zone,person,person,0.4841
2026-08-02,14:26:21,Fernvale Thicket,horse,horse,0.6065
2026-08-02,14:26:21,Pine Hollow Zone,truck,truck,0.475
2026-08-02,14:26:22,Misty Creek Grove,horse,horse,0.8485
2026-08-02,14:26:22,Fernvale Thicket,person,person,0.6007
2026-08-02,14:26:22,Fernvale Thicket,truck,truck,0.5033
2026-08-02,14:26:22,Fernvale Thicket,person,person,0.6785
2026-08-02,14:26:22,Elderleaf Basin,person,person,0.6289
2026-08-02,14:26:22,Elderleaf Basin,elephant,elephant,0.8346
2026-08-02,14:26:22,Fernvale Thicket,person,person,0.463
2026-08-02,14:26:22,Fernvale Thicket,person,person,0.4624
2026-08-02,14:26:23,Misty Creek Grove,elephant,elephant,0.8415
2026-08-02,14:26:23,Pine Hollow Zone,truck,truck,0.5233
2026-08-02,14:26:23,Elderleaf Basin,elephant,elephant,0.5312
2026-08-02,14:26:23,Elderleaf Basin,elephant,elephant,0.6999
2026-08-02,14:26:23,Misty Creek Grove,truck,truck,0.5529
2026-08-02,14:26:23,Misty Creek Grove,person,person,0.484
2026-08-02,14:26:23,Misty Creek Grove,elephant,elephant,0.7717
2026-08-02,14:26:23,Pine Hollow Zone,person,person,0.5467
2026-08-02,14:26:23,Misty Creek Grove,elephant,elephant,0.9389
2026-08-02,14:26:23,Greywood Edge,person,person,0.4855
2026-08-02,14:26:24,Greywood Edge,elephant,elephant,0.933
2026-08-02,14:26:24,Fernvale Thicket,person,person,0.4788
2026-08-02,14:26:24,North Ridge Forest,truck,truck,0.4616
2026-08-02,14:26:24,Misty Creek Grove,cow,cow,0.4858
2026-08-02,14:26:24,Elderleaf Basin,sheep,sheep,0.4906
2026-08-02,14:26:25,Elderleaf Basin,elephant,elephant,0.6538
2026-08-02,14:26:25,Pine Hollow Zone,truck,truck,0.5755
2026-08-02,14:26:25,Pine Hollow Zone,person,person,0.5398
2026-08-02,14:26:25,Pine Hollow Zone,elephant,elephant,0.8846
2026-08-02,14:26:25,Elderleaf Basin,person,person,0.4898
2026-08-02,14:26:25,Fernvale Thicket,person,person,0.4542
2026-08-02,14:26:25,Misty Creek Grove,elephant,elephant,0.8759
2026-08-02,14:26:25,Misty Creek Grove,person,person,0.4781
2026-08-02,14:26:25,Fernvale Thicket,elephant,elephant,0.9372
2026-08-02,14:26:25,Elderleaf Basin,person,person,0.6549
2026-08-02,14:26:25,Elderleaf Basin,truck,truck,0.5336
2026-08-02,14:26:25,Misty Creek Grove,person,person,0.4896
2026-08-02,14:26:25,Greywood Edge,elephant,elephant,0.9455
2026-08-02,14:26:25,Greywood Edge,truck,truck,0.5542
2026-08-02,14:26:25,North Ridge Forest,person,person,0.5092
2026-08-02,14:26:26,Fernvale Thicket,elephant,elephant,0.9348
2026-08-02,14:26:26,Misty Creek Grove,truck,truck,0.5531
2026-08-02,14:26:26,Pine Hollow Zone,person,person,0.4585
2026-08-02,14:26:26,Misty Creek Grove,elephant,elephant,0.9162
2026-08-02,14:26:26,Fernvale Thicket,person,person,0.4918
2026-08-02,14:26:26,Fernvale Thicket,elephant,elephant,0.9296
2026-08-02,14:26:26,North Ridge Forest,truck,truck,0.5113
2026-08-02,14:26:26,Elderleaf Basin,person,person,0.469
2026-08-02,14:26:26,Fernvale Thicket,elephant,elephant,0.9241
2026-08-02,14:26:26,Greywood Edge,truck,truck,0.711
2026-08-02,14:26:26,Fernvale Thicket,elephant,elephant,0.8966
2026-08-02,14:26:26,Greywood Edge,truck,truck,0.7084
2026-08-02,14:26:26,Misty Creek Grove,person,person,0.4505
2026-08-02,14:26:27,Misty Creek Grove,elephant,elephant,0.847
2026-08-02,14:26:27,Fernvale Thicket,truck,truck,0.6877
2026-08-02,14:26:27,Elderleaf Basin,elephant,elephant,0.836
2026-08-02,14:26:27,Fernvale Thicket,truck,truck,0.5708
2026-08-02,14:26:27,Greywood Edge,person,person,0.4647
2026-08-02,14:26:27,Elderleaf Basin,truck,truck,0.5546
2026-08-02,14:26:27,North Ridge Forest,elephant,elephant,0.4568
2026-08-02,14:26:27,Fernvale Thicket,truck,truck,0.6886
2026-08-02,14:26:27,Greywood Edge,elephant,elephant,0.6545
2026-08-02,14:26:27,Greywood Edge,elephant,elephant,0.8183
2026-08-02,14:26:27,Misty Creek Grove,truck,truck,0.7369
2026-08-02,14:26:27,Greywood Edge,elephant,elephant,0.8896
2026-08-02,14:26:27,Misty Creek Grove,truck,truck,0.8095
2026-08-02,14:26:28,Pine Hollow Zone,elephant,elephant,0.8849
2026-08-02,14:26:28,Elderleaf Basin,truck,truck,0.8076
2026-08-02,14:26:28,Pine Hollow Zone,elephant,elephant,0.897
2026-08-02,14:26:28,Misty Creek Grove,truck,truck,0.8034
2026-08-02,14:26:28,Pine Hollow Zone,person,person,0.4815
2026-08-02,14:26:28,Pine Hollow Zone,elephant,elephant,0.8318
2026-08-02,14:26:28,North Ridge Forest,truck,truck,0.7192
2026-08-02,14:26:28,Greywood Edge,person,person,0.4983
2026-08-02,14:26:28,Pine Hollow Zone,elephant,elephant,0.849
2026-08-02,14:26:28,Fernvale Thicket,truck,truck,0.6545
2026-08-02,14:26:28,Fernvale Thicket,person,person,0.455
2026-08-02,14:26:28,Elderleaf Basin,elephant,elephant,0.8606
2026-08-02,14:26:28,Misty Creek Grove,truck,truck,0.7203
2026-08-02,14:26:28,Elderleaf Basin,person,person,0.4701
2026-08-02,14:26:29,Fernvale Thicket,elephant,elephant,0.8889
2026-08-02,14:26:29,Elderleaf Basin,truck,truck,0.6913
2026-08-02,14:26:29,Greywood Edge,person,person,0.483
2026-08-02,14:26:29,Misty Creek Grove,person,person,0.4678
2026-08-02,14:26:29,Misty Creek Grove,elephant,elephant,0.9058
2026-08-02,14:26:29,North Ridge Forest,truck,truck,0.6949
2026-08-02,14:26:29,Fernvale Thicket,person,person,0.4989
2026-08-02,14:26:29,Misty Creek Grove,elephant,elephant,0.9055
2026-08-02,14:26:29,Elderleaf Basin,truck,truck,0.5349
2026-08-02,14:26:29,Fernvale Thicket,elephant,elephant,0.7649
2026-08-02,14:26:29,Elderleaf Basin,truck,truck,0.5501
2026-08-02,14:26:29,Fernvale Thicket,elephant,elephant,0.8275
2026-08-02,14:26:29,Fernvale Thicket,truck,truck,0.5037
2026-08-02,14:26:29,Fernvale Thicket,person,person,0.4774
2026-08-02,14:26:29,North Ridge Forest,elephant,elephant,0.7316
2026-08-02,14:26:29,Pine Hollow Zone,truck,truck,0.5519
2026-08-02,14:26:30,Fernvale Thicket,person,person,0.507
2026-08-02,14:26:30,Misty Creek Grove,elephant,elephant,0.8626
2026-08-02,14:26:30,Fernvale Thicket,person,person,0.5207
2026-08-02,14:26:30,Greywood Edge,person,person,0.4551
2026-08-02,14:26:30,Greywood Edge,elephant,elephant,0.8817
2026-08-02,14:26:30,Elderleaf Basin,person,person,0.5271
2026-08-02,14:26:30,Misty Creek Grove,truck,truck,0.5212
2026-08-02,14:26:30,Greywood Edge,person,person,0.5158
2026-08-02,14:26:30,Greywood Edge,elephant,elephant,0.8389
2026-08-02,14:26:30,Greywood Edge,truck,truck,0.5556
2026-08-02,14:26:30,Greywood Edge,person,person,0.5226
2026-08-02,14:26:30,Misty Creek Grove,person,person,0.4938
2026-08-02,14:26:30,Fernvale Thicket,elephant,elephant,0.7969
2026-08-02,14:26:30,Fernvale Thicket,truck,truck,0.466
2026-08-02,14:26:30,North Ridge Forest,person,person,0.4553
2026-08-02,14:26:31,North Ridge Forest,elephant,elephant,0.7107
2026-08-02,14:26:31,Pine Hollow Zone,person,person,0.5064
2026-08-02,14:26:31,Fernvale Thicket,person,person,0.4955
2026-08-02,14:26:31,Elderleaf Basin,truck,truck,0.48
2026-08-02,14:26:31,Fernvale Thicket,person,person,0.4929
2026-08-02,14:26:31,Pine Hollow Zone,elephant,elephant,0.4656
2026-08-02,14:26:31,Greywood Edge,truck,truck,0.4536
2026-08-02,14:26:32,Pine Hollow Zone,person,person,0.7509
2026-08-02,14:26:32,Elderleaf Basin,person,person,0.6587
2026-08-02,14:26:32,North Ridge Forest,person,person,0.7771
2026-08-02,14:26:32,Elderleaf Basin,person,person,0.4598
2026-08-02,14:26:32,Fernvale Thicket,person,person,0.7921
2026-08-02,14:26:33,Greywood Edge,person,person,0.8439
2026-08-02,14:26:33,Elderleaf Basin,person,person,0.8883
2026-08-02,14:26:33,Greywood Edge,person,person,0.7858
2026-08-02,14:26:33,Pine Hollow Zone,person,person,0.8992
2026-08-02,14:26:33,Pine Hollow Zone,person,person,0.8784
2026-08-02,14:26:33,Elderleaf Basin,person,person,0.8802
2026-08-02,14:26:34,Fernvale Thicket,person,person,0.8446
2026-08-02,14:26:34,Elderleaf Basin,person,person,0.8682
2026-08-02,14:26:34,Elderleaf Basin,person,person,0.8808
2026-08-02,14:26:34,Pine Hollow Zone,person,person,0.8661
2026-08-02,14:26:35,North Ridge Forest,person,person,0.8124
2026-08-02,14:26:35,Pine Hollow Zone,person,person,0.8077
2026-08-02,14:26:35,Elderleaf Basin,person,person,0.8062
2026-08-02,14:26:35,Fernvale Thicket,person,person,0.8244
2026-08-02,14:26:35,Fernvale Thicket,person,person,0.8496
2026-08-02,14:26:36,Fernvale Thicket,person,person,0.7745
2026-08-02,14:26:36,Pine Hollow Zone,person,person,0.838
2026-08-02,14:26:36,North Ridge Forest,person,person,0.8492
2026-08-02,14:26:36,Greywood Edge,person,person,0.8424
2026-08-02,14:26:36,North Ridge Forest,person,person,0.8094
2026-08-02,14:26:37,North Ridge Forest,person,person,0.8148
2026-08-02,14:26:37,North Ridge Forest,person,person,0.8363
2026-08-02,14:26:37,Fernvale Thicket,person,person,0.846
2026-08-02,14:26:37,Fernvale Thicket,person,person,0.8516
2026-08-02,14:26:37,Greywood Edge,person,person,0.8095
2026-08-02,14:26:38,Pine Hollow Zone,person,person,0.8687
2026-08-02,14:26:38,North Ridge Forest,person,person,0.8705
2026-08-02,14:26:38,North Ridge Forest,person,person,0.4575
2026-08-02,14:26:38,Greywood Edge,person,person,0.8721
2026-08-02,14:26:38,Elderleaf Basin,person,person,0.8705
2026-08-02,14:26:38,Fernvale Thicket,person,person,0.8764
2026-08-02,14:26:38,Misty Creek Grove,person,person,0.8739
2026-08-02,14:26:39,Misty Creek Grove,person,person,0.8745
2026-08-02,14:26:39,Greywood Edge,person,person,0.8628
2026-08-02,14:26:39,Elderleaf Basin,person,person,0.8679
2026-08-02,14:26:39,North Ridge Forest,person,person,0.8657
2026-08-02,14:26:40,Elderleaf Basin,person,person,0.8498
2026-08-02,14:26:40,Misty Creek Grove,person,person,0.8406
2026-08-02,14:26:40,Greywood Edge,person,person,0.8504
2026-08-02,14:26:40,Greywood Edge,person,person,0.8338
2026-08-02,14:26:40,Fernvale Thicket,person,person,0.8478
2026-08-02,14:26:41,Fernvale Thicket,person,person,0.8373
2026-08-02,14:26:41,North Ridge Forest,person,person,0.8391
2026-08-02,14:26:41,Elderleaf Basin,person,person,0.8648
2026-08-02,14:26:41,Misty Creek Grove,person,person,0.8478
2026-08-02,14:26:41,Elderleaf Basin,person,person,0.8483
2026-08-02,14:26:41,North Ridge Forest,person,person,0.841
2026-08-02,14:26:42,Misty Creek Grove,person,person,0.8545
2026-08-02,14:26:42,Elderleaf Basin,person,person,0.8458
2026-08-02,14:26:42,Misty Creek Grove,person,person,0.8601
2026-08-02,14:26:42,Fernvale Thicket,person,person,0.4783
2026-08-02,14:26:42,Fernvale Thicket,person,person,0.8557
2026-08-02,14:26:42,Elderleaf Basin,person,person,0.8471
2026-08-02,14:26:43,North Ridge Forest,person,person,0.8524
2026-08-02,14:26:43,Greywood Edge,person,person,0.8721
2026-08-02,14:26:43,Misty Creek Grove,person,person,0.8643
2026-08-02,14:26:43,Elderleaf Basin,person,person,0.8478
2026-08-02,14:26:43,Misty Creek Grove,person,person,0.5474
2026-08-02,14:26:44,Elderleaf Basin,person,person,0.8588
2026-08-02,14:26:44,Greywood Edge,person,person,0.5241
2026-08-02,14:26:44,Greywood Edge,person,person,0.8553
2026-08-02,14:26:44,Greywood Edge,person,person,0.5148
2026-08-02,14:26:44,Misty Creek Grove,person,person,0.8362
2026-08-02,14:26:44,Elderleaf Basin,person,person,0.7983
2026-08-02,14:26:44,Elderleaf Basin,person,person,0.821
2026-08-02,14:26:45,North Ridge Forest,person,person,0.767
2026-08-02,14:26:45,North Ridge Forest,person,person,0.7875
2026-08-02,14:26:45,Greywood Edge,person,person,0.8036
2026-08-02,14:26:45,Fernvale Thicket,person,person,0.5445
2026-08-02,14:26:45,North Ridge Forest,person,person,0.5218
2026-08-02,14:26:46,North Ridge Forest,person,person,0.7299
2026-08-02,14:26:46,Pine Hollow Zone,person,person,0.7851
2026-08-02,14:26:46,Misty Creek Grove,person,person,0.8338
2026-08-02,14:26:46,Fernvale Thicket,person,person,0.7104
2026-08-02,14:26:46,Misty Creek Grove,person,person,0.7656
2026-08-02,14:26:47,Elderleaf Basin,person,person,0.7524
2026-08-02,14:26:47,Greywood Edge,person,person,0.5931
2026-08-02,14:26:47,Misty Creek Grove,person,person,0.7804
2026-08-02,14:26:47,Pine Hollow Zone,cow,cow,0.619
2026-08-02,14:26:47,Elderleaf Basin,cow,cow,0.8195
2026-08-02,14:26:47,Pine Hollow Zone,person,person,0.7744
2026-08-02,14:26:48,Pine Hollow Zone,person,person,0.8167
2026-08-02,14:26:48,Pine Hollow Zone,cow,cow,0.7626
2026-08-02,14:26:48,Greywood Edge,cow,cow,0.8595
2026-08-02,14:26:48,Fernvale Thicket,person,person,0.8086
2026-08-02,14:26:48,Greywood Edge,cow,cow,0.8828
2026-08-02,14:26:48,Pine Hollow Zone,person,person,0.7844
2026-08-02,14:26:48,Fernvale Thicket,cow,cow,0.8824
2026-08-02,14:26:48,Elderleaf Basin,person,person,0.8452
2026-08-02,14:26:48,North Ridge Forest,cow,cow,0.8845
2026-08-02,14:26:48,Pine Hollow Zone,person,person,0.8689
2026-08-02,14:26:48,Misty Creek Grove,cow,cow,0.8839
2026-08-02,14:26:48,Fernvale Thicket,person,person,0.8588
2026-08-02,14:26:49,Pine Hollow Zone,cow,cow,0.8904
2026-08-02,14:26:49,Elderleaf Basin,person,person,0.7619
2026-08-02,14:26:49,Elderleaf Basin,cow,cow,0.8884
2026-08-02,14:26:49,North Ridge Forest,person,person,0.7071
2026-08-02,14:26:49,Fernvale Thicket,cow,cow,0.6638
2026-08-02,14:26:49,Elderleaf Basin,person,person,0.6514
2026-08-02,14:26:49,Misty Creek Grove,cow,cow,0.7319
2026-08-02,14:26:49,Misty Creek Grove,person,person,0.5735
2026-08-02,14:26:49,Pine Hollow Zone,cow,cow,0.7032
2026-08-02,14:26:50,Greywood Edge,cow,cow,0.917
2026-08-02,14:26:50,Elderleaf Basin,person,person,0.537
2026-08-02,14:26:50,Elderleaf Basin,cow,cow,0.9144
2026-08-02,14:26:50,Greywood Edge,cow,cow,0.9121
2026-08-02,14:26:50,North Ridge Forest,person,person,0.5785
2026-08-02,14:26:50,Misty Creek Grove,cow,cow,0.912
2026-08-02,14:26:50,North Ridge Forest,person,person,0.7326
2026-08-02,14:26:50,Elderleaf Basin,cow,cow,0.9181
2026-08-02,14:26:50,Fernvale Thicket,person,person,0.634
2026-08-02,14:26:51,Elderleaf Basin,cow,cow,0.9129
2026-08-02,14:26:51,Greywood Edge,person,person,0.5831
2026-08-02,14:26:51,North Ridge Forest,cow,cow,0.922
2026-08-02,14:26:51,Greywood Edge,person,person,0.5636
2026-08-02,14:26:51,Fernvale Thicket,cow,cow,0.9138
2026-08-02,14:26:51,Greywood Edge,person,person,0.6425
2026-08-02,14:26:51,Elderleaf Basin,cow,cow,0.9215
2026-08-02,14:26:51,North Ridge Forest,person,person,0.6399
2026-08-02,14:26:51,Fernvale Thicket,cow,cow,0.9077
2026-08-02,14:26:51,Misty Creek Grove,person,person,0.6988
2026-08-02,14:26:51,Elderleaf Basin,cow,cow,0.9183
2026-08-02,14:26:51,Misty Creek Grove,person,person,0.5236
2026-08-02,14:26:52,Elderleaf Basin,cow,cow,0.9135
2026-08-02,14:26:52,Elderleaf Basin,person,person,0.5448
2026-08-02,14:26:52,Pine Hollow Zone,cow,cow,0.9196
2026-08-02,14:26:52,Elderleaf Basin,person,person,0.5148
2026-08-02,14:26:52,Elderleaf Basin,cow,cow,0.9197
2026-08-02,14:26:52,Elderleaf Basin,person,person,0.5192
2026-08-02,14:26:52,Fernvale Thicket,cow,cow,0.9296
2026-08-02,14:26:52,North Ridge Forest,person,person,0.5157
2026-08-02,14:26:52,Greywood Edge,cow,cow,0.9109
2026-08-02,14:26:52,Greywood Edge,person,person,0.5175
2026-08-02,14:26:53,Misty Creek Grove,cow,cow,0.9161
2026-08-02,14:26:53,Pine Hollow Zone,person,person,0.5567
2026-08-02,14:26:53,Elderleaf Basin,cow,cow,0.9169
2026-08-02,14:26:53,Greywood Edge,cow,cow,0.9222
2026-08-02,14:26:53,Pine Hollow Zone,cow,cow,0.8287
2026-08-02,14:26:53,Pine Hollow Zone,person,person,0.4685
2026-08-02,14:26:53,Misty Creek Grove,person,person,0.6224
2026-08-02,14:26:53,Pine Hollow Zone,person,person,0.5937
2026-08-02,14:26:54,Pine Hollow Zone,person,person,0.7307
2026-08-02,14:26:54,Pine Hollow Zone,person,person,0.5139
2026-08-02,14:26:54,Pine Hollow Zone,person,person,0.6246
2026-08-02,14:26:54,Fernvale Thicket,person,person,0.6431
2026-08-02,14:26:55,Greywood Edge,person,person,0.5933
2026-08-02,14:26:55,Misty Creek Grove,person,person,0.6306
2026-08-02,14:26:55,North Ridge Forest,person,person,0.5437
2026-08-02,14:26:55,Misty Creek Grove,person,person,0.507
2026-08-02,14:26:55,Misty Creek Grove,person,person,0.5805
2026-08-02,14:26:56,Elderleaf Basin,person,person,0.7135
2026-08-02,14:26:56,Misty Creek Grove,person,person,0.7343
2026-08-02,14:26:56,Greywood Edge,person,person,0.5456
2026-08-02,14:26:56,Greywood Edge,cow,cow,0.5207
2026-08-02,14:26:57,North Ridge Forest,cow,cow,0.5761
2026-08-02,14:26:57,Elderleaf Basin,person,person,0.5715
2026-08-02,14:26:57,North Ridge Forest,cow,cow,0.7938
2026-08-02,14:26:57,Misty Creek Grove,person,person,0.5337
2026-08-02,14:26:57,Fernvale Thicket,cow,cow,0.6568
2026-08-02,14:26:57,North Ridge Forest,person,person,0.4679
2026-08-02,14:26:57,Fernvale Thicket,cow,cow,0.7578
2026-08-02,14:26:57,North Ridge Forest,person,person,0.5364
2026-08-02,14:26:57,Greywood Edge,cow,cow,0.6649
2026-08-02,14:26:57,Fernvale Thicket,person,person,0.4605
2026-08-02,14:26:57,North Ridge Forest,cow,cow,0.6986
2026-08-02,14:26:57,North Ridge Forest,person,person,0.4967
2026-08-02,14:26:58,North Ridge Forest,cow,cow,0.7998
2026-08-02,14:26:58,Greywood Edge,person,person,0.4629
2026-08-02,14:26:58,Misty Creek Grove,cow,cow,0.6943
2026-08-02,14:26:58,North Ridge Forest,cow,cow,0.7133
2026-08-02,14:26:58,Misty Creek Grove,person,person,0.501
2026-08-02,14:26:59,Elderleaf Basin,person,person,0.4785
2026-08-02,14:26:59,Elderleaf Basin,person,person,0.523
2026-08-02,14:26:59,Elderleaf Basin,person,person,0.5313
2026-08-02,14:26:59,Elderleaf Basin,person,person,0.5514
2026-08-02,14:26:59,Elderleaf Basin,person,person,0.4755
2026-08-02,14:27:01,Pine Hollow Zone,person,person,0.5106
2026-08-02,14:27:01,Misty Creek Grove,cow,cow,0.5326
2026-08-02,14:27:01,Misty Creek Grove,cow,cow,0.713
2026-08-02,14:27:01,North Ridge Forest,cow,cow,0.6824
2026-08-02,14:27:01,Misty Creek Grove,cow,cow,0.7297
2026-08-02,14:27:01,Greywood Edge,person,person,0.4711
2026-08-02,14:27:02,Fernvale Thicket,cow,cow,0.8467
2026-08-02,14:27:02,Fernvale Thicket,cow,cow,0.8117
2026-08-02,14:27:02,Greywood Edge,cow,cow,0.7387
2026-08-02,14:27:02,Misty Creek Grove,person,person,0.7142
2026-08-02,14:27:03,North Ridge Forest,person,person,0.5137
2026-08-02,14:27:03,Misty Creek Grove,person,person,0.5634
2026-08-02,14:27:03,North Ridge Forest,person,person,0.5648
2026-08-02,14:27:03,Misty Creek Grove,person,person,0.5619
2026-08-02,14:27:03,Elderleaf Basin,person,person,0.597
2026-08-02,14:27:04,Greywood Edge,person,person,0.5941
2026-08-02,14:27:04,Greywood Edge,person,person,0.6218
2026-08-02,14:27:04,Misty Creek Grove,person,person,0.6438
2026-08-02,14:27:04,Pine Hollow Zone,person,person,0.5437
2026-08-02,14:27:04,Pine Hollow Zone,person,person,0.7139
2026-08-02,14:27:04,North Ridge Forest,person,person,0.7168
2026-08-02,14:27:05,North Ridge Forest,person,person,0.651
2026-08-02,14:27:05,Fernvale Thicket,person,person,0.683
2026-08-02,14:27:05,North Ridge Forest,person,person,0.658
2026-08-02,14:27:05,Misty Creek Grove,person,person,0.5321
2026-08-02,14:27:05,Pine Hollow Zone,person,person,0.5942
2026-08-02,14:27:05,Misty Creek Grove,person,person,0.5922
2026-08-02,14:27:05,Fernvale Thicket,person,person,0.5105
2026-08-02,14:27:06,Elderleaf Basin,person,person,0.722
2026-08-02,14:27:06,Fernvale Thicket,person,person,0.7599
2026-08-02,14:27:06,North Ridge Forest,person,person,0.7016
2026-08-02,14:27:06,Fernvale Thicket,person,person,0.6051
2026-08-02,14:27:06,Elderleaf Basin,person,person,0.8547
2026-08-02,14:27:06,Elderleaf Basin,person,person,0.7929
2026-08-02,14:27:06,Misty Creek Grove,person,person,0.5246
2026-08-02,14:27:07,Misty Creek Grove,person,person,0.7334
2026-08-02,14:27:07,Greywood Edge,elephant,elephant,0.7396
2026-08-02,14:27:07,Pine Hollow Zone,person,person,0.7288
2026-08-02,14:27:07,Fernvale Thicket,elephant,elephant,0.5761
2026-08-02,14:27:07,Misty Creek Grove,person,person,0.8042
2026-08-02,14:27:07,North Ridge Forest,person,person,0.8846
2026-08-02,14:27:07,Greywood Edge,elephant,elephant,0.7931
2026-08-02,14:27:07,Fernvale Thicket,elephant,elephant,0.7384
2026-08-02,14:27:07,North Ridge Forest,person,person,0.8618
2026-08-02,14:27:07,Misty Creek Grove,elephant,elephant,0.7891
2026-08-02,14:27:07,North Ridge Forest,elephant,elephant,0.6623
2026-08-02,14:27:08,Pine Hollow Zone,person,person,0.8724
2026-08-02,14:27:08,Misty Creek Grove,elephant,elephant,0.8483
2026-08-02,14:27:08,Greywood Edge,elephant,elephant,0.6669
2026-08-02,14:27:08,Greywood Edge,bird,bird,0.4701
2026-08-02,14:27:08,North Ridge Forest,person,person,0.864
2026-08-02,14:27:08,Misty Creek Grove,elephant,elephant,0.7759
2026-08-02,14:27:08,Elderleaf Basin,elephant,elephant,0.6638
2026-08-02,14:27:08,Misty Creek Grove,person,person,0.9036
2026-08-02,14:27:08,Misty Creek Grove,elephant,elephant,0.9009
2026-08-02,14:27:08,Misty Creek Grove,elephant,elephant,0.8049
2026-08-02,14:27:08,North Ridge Forest,elephant,elephant,0.4616
2026-08-02,14:27:08,North Ridge Forest,person,person,0.9032
2026-08-02,14:27:08,Misty Creek Grove,elephant,elephant,0.9019
2026-08-02,14:27:08,Greywood Edge,elephant,elephant,0.8383
2026-08-02,14:27:08,Fernvale Thicket,person,person,0.8821
2026-08-02,14:27:08,North Ridge Forest,elephant,elephant,0.8592
2026-08-02,14:27:08,Pine Hollow Zone,elephant,elephant,0.8091
2026-08-02,14:27:09,Elderleaf Basin,elephant,elephant,0.8685
2026-08-02,14:27:09,Greywood Edge,person,person,0.8588
2026-08-02,14:27:09,North Ridge Forest,elephant,elephant,0.8344
2026-08-02,14:27:09,Elderleaf Basin,person,person,0.8852
2026-08-02,14:27:09,Fernvale Thicket,elephant,elephant,0.828
2026-08-02,14:27:09,Pine Hollow Zone,elephant,elephant,0.7822
2026-08-02,14:27:09,Misty Creek Grove,person,person,0.8663
2026-08-02,14:27:09,Fernvale Thicket,elephant,elephant,0.828
2026-08-02,14:27:09,Fernvale Thicket,elephant,elephant,0.7862
2026-08-02,14:27:09,Greywood Edge,person,person,0.877
2026-08-02,14:27:09,North Ridge Forest,elephant,elephant,0.8765
2026-08-02,14:27:09,Fernvale Thicket,elephant,elephant,0.7315
2026-08-02,14:27:09,Greywood Edge,person,person,0.8669
2026-08-02,14:27:09,Misty Creek Grove,elephant,elephant,0.7586
2026-08-02,14:27:09,Fernvale Thicket,elephant,elephant,0.7562
2026-08-02,14:27:09,Misty Creek Grove,person,person,0.8735
2026-08-02,14:27:10,Elderleaf Basin,elephant,elephant,0.848
2026-08-02,14:27:10,Misty Creek Grove,elephant,elephant,0.8471
2026-08-02,14:27:10,Misty Creek Grove,elephant,elephant,0.8696
2026-08-02,14:27:10,Pine Hollow Zone,person,person,0.8418
2026-08-02,14:27:10,Elderleaf Basin,elephant,elephant,0.782
2026-08-02,14:27:10,North Ridge Forest,person,person,0.8815
2026-08-02,14:27:10,Fernvale Thicket,elephant,elephant,0.7316
2026-08-02,14:27:10,North Ridge Forest,elephant,elephant,0.8529
2026-08-02,14:27:10,Misty Creek Grove,person,person,0.8354
2026-08-02,14:27:10,Pine Hollow Zone,elephant,elephant,0.7927
2026-08-02,14:27:10,Greywood Edge,person,person,0.8465
2026-08-02,14:27:10,Greywood Edge,elephant,elephant,0.8068
2026-08-02,14:27:10,Elderleaf Basin,elephant,elephant,0.8838
2026-08-02,14:27:10,Misty Creek Grove,person,person,0.8586
2026-08-02,14:27:10,North Ridge Forest,elephant,elephant,0.6273
2026-08-02,14:27:11,Misty Creek Grove,elephant,elephant,0.892
2026-08-02,14:27:11,Greywood Edge,person,person,0.8869
2026-08-02,14:27:11,Elderleaf Basin,elephant,elephant,0.7675
2026-08-02,14:27:11,Misty Creek Grove,elephant,elephant,0.9026
2026-08-02,14:27:11,Fernvale Thicket,person,person,0.8817
2026-08-02,14:27:11,Pine Hollow Zone,elephant,elephant,0.7788
2026-08-02,14:27:11,Fernvale Thicket,elephant,elephant,0.8971
2026-08-02,14:27:11,North Ridge Forest,person,person,0.887
2026-08-02,14:27:11,Fernvale Thicket,elephant,elephant,0.786
2026-08-02,14:27:11,Fernvale Thicket,elephant,elephant,0.5668
2026-08-02,14:27:11,North Ridge Forest,elephant,elephant,0.8917
2026-08-02,14:27:11,North Ridge Forest,person,person,0.8652
2026-08-02,14:27:11,Pine Hollow Zone,elephant,elephant,0.8225
2026-08-02,14:27:11,Fernvale Thicket,elephant,elephant,0.6779
2026-08-02,14:27:11,Misty Creek Grove,person,person,0.8772
2026-08-02,14:27:11,Elderleaf Basin,elephant,elephant,0.8647
2026-08-02,14:27:11,Fernvale Thicket,elephant,elephant,0.7042
2026-08-02,14:27:12,North Ridge Forest,person,person,0.8668
2026-08-02,14:27:12,Greywood Edge,elephant,elephant,0.8174
2026-08-02,14:27:12,Misty Creek Grove,elephant,elephant,0.7351
2026-08-02,14:27:12,Misty Creek Grove,person,person,0.8722
2026-08-02,14:27:12,Misty Creek Grove,elephant,elephant,0.8337
2026-08-02,14:27:12,Misty Creek Grove,elephant,elephant,0.6943
2026-08-02,14:27:12,Misty Creek Grove,person,person,0.898
2026-08-02,14:27:12,Elderleaf Basin,elephant,elephant,0.8561
2026-08-02,14:27:12,Misty Creek Grove,elephant,elephant,0.7733
2026-08-02,14:27:12,Misty Creek Grove,person,person,0.8891
2026-08-02,14:27:12,Misty Creek Grove,elephant,elephant,0.8463
2026-08-02,14:27:12,Pine Hollow Zone,elephant,elephant,0.6481
2026-08-02,14:27:12,Misty Creek Grove,person,person,0.8727
2026-08-02,14:27:12,Greywood Edge,elephant,elephant,0.851
2026-08-02,14:27:12,Pine Hollow Zone,elephant,elephant,0.7647
2026-08-02,14:27:12,Misty Creek Grove,person,person,0.8958
2026-08-02,14:27:12,Elderleaf Basin,elephant,elephant,0.825
2026-08-02,14:27:12,Misty Creek Grove,elephant,elephant,0.7092
2026-08-02,14:27:13,Fernvale Thicket,person,person,0.8933
2026-08-02,14:27:13,Pine Hollow Zone,elephant,elephant,0.81
2026-08-02,14:27:13,Misty Creek Grove,elephant,elephant,0.659
2026-08-02,14:27:13,Elderleaf Basin,elephant,elephant,0.8429
2026-08-02,14:27:13,Fernvale Thicket,elephant,elephant,0.663
2026-08-02,14:27:13,Fernvale Thicket,person,person,0.6156
2026-08-02,14:27:13,Elderleaf Basin,person,person,0.8453
2026-08-02,14:27:13,Elderleaf Basin,elephant,elephant,0.8535
2026-08-02,14:27:13,Pine Hollow Zone,person,person,0.8456
2026-08-02,14:27:13,Pine Hollow Zone,person,person,0.8276
2026-08-02,14:27:13,Greywood Edge,person,person,0.7529
2026-08-02,14:27:14,Elderleaf Basin,person,person,0.8473
2026-08-02,14:27:14,Elderleaf Basin,person,person,0.831
2026-08-02,14:27:14,Fernvale Thicket,person,person,0.7438
2026-08-02,14:27:15,Pine Hollow Zone,elephant,elephant,0.8149
2026-08-02,14:27:15,Misty Creek Grove,elephant,elephant,0.8027
2026-08-02,14:27:15,Misty Creek Grove,person,person,0.5628
2026-08-02,14:27:15,Elderleaf Basin,elephant,elephant,0.7984
2026-08-02,14:27:15,Fernvale Thicket,elephant,elephant,0.7516
2026-08-02,14:27:15,Greywood Edge,elephant,elephant,0.8388
2026-08-02,14:27:15,Elderleaf Basin,elephant,elephant,0.7563
2026-08-02,14:27:15,Greywood Edge,elephant,elephant,0.8521
2026-08-02,14:27:15,Elderleaf Basin,elephant,elephant,0.7989
2026-08-02,14:27:15,North Ridge Forest,elephant,elephant,0.8519
2026-08-02,14:27:15,Misty Creek Grove,elephant,elephant,0.8439
2026-08-02,14:27:16,Fernvale Thicket,elephant,elephant,0.867
2026-08-02,14:27:16,Misty Creek Grove,elephant,elephant,0.8538
2026-08-02,14:27:16,Elderleaf Basin,elephant,elephant,0.877
2026-08-02,14:27:16,Elderleaf Basin,elephant,elephant,0.7342
2026-08-02,14:27:16,Elderleaf Basin,person,person,0.5278
2026-08-02,14:27:16,Pine Hollow Zone,elephant,elephant,0.8916
2026-08-02,14:27:16,Misty Creek Grove,elephant,elephant,0.8116
2026-08-02,14:27:16,Misty Creek Grove,person,person,0.6567
2026-08-02,14:27:16,Pine Hollow Zone,elephant,elephant,0.823
2026-08-02,14:27:16,Fernvale Thicket,elephant,elephant,0.7587
2026-08-02,14:27:16,North Ridge Forest,person,person,0.5685
2026-08-02,14:27:16,Greywood Edge,elephant,elephant,0.8084
2026-08-02,14:27:16,North Ridge Forest,elephant,elephant,0.7128
2026-08-02,14:27:16,Pine Hollow Zone,person,person,0.5956
2026-08-02,14:27:16,Pine Hollow Zone,elephant,elephant,0.8663
2026-08-02,14:27:16,North Ridge Forest,elephant,elephant,0.7631
2026-08-02,14:27:17,Pine Hollow Zone,elephant,elephant,0.7774
2026-08-02,14:27:17,Elderleaf Basin,elephant,elephant,0.6952
2026-08-02,14:27:17,Fernvale Thicket,elephant,elephant,0.8104
2026-08-02,14:27:17,Greywood Edge,elephant,elephant,0.7966
2026-08-02,14:27:17,Misty Creek Grove,elephant,elephant,0.847
2026-08-02,14:27:17,Fernvale Thicket,elephant,elephant,0.8307
2026-08-02,14:27:17,Fernvale Thicket,elephant,elephant,0.7804
2026-08-02,14:27:17,Pine Hollow Zone,elephant,elephant,0.7073
2026-08-02,14:27:17,Elderleaf Basin,elephant,elephant,0.5505
2026-08-02,14:27:17,Fernvale Thicket,cow,cow,0.494
2026-08-02,14:27:17,Elderleaf Basin,elephant,elephant,0.473
2026-08-02,14:27:17,Fernvale Thicket,elephant,elephant,0.8454
2026-08-02,14:27:17,Pine Hollow Zone,elephant,elephant,0.6144
2026-08-02,14:27:17,Fernvale Thicket,elephant,elephant,0.5309
2026-08-02,14:27:18,Fernvale Thicket,elephant,elephant,0.7109
2026-08-02,14:27:18,North Ridge Forest,elephant,elephant,0.5588
2026-08-02,14:27:18,Misty Creek Grove,elephant,elephant,0.7604
2026-08-02,14:27:18,North Ridge Forest,elephant,elephant,0.7039
2026-08-02,14:27:18,Fernvale Thicket,elephant,elephant,0.6388
2026-08-02,14:27:18,Greywood Edge,elephant,elephant,0.6167
2026-08-02,14:27:18,Misty Creek Grove,elephant,elephant,0.7499
2026-08-02,14:27:18,Greywood Edge,elephant,elephant,0.6555
2026-08-02,14:27:18,Misty Creek Grove,person,person,0.4988
2026-08-02,14:27:18,Greywood Edge,elephant,elephant,0.5612
2026-08-02,14:27:18,North Ridge Forest,elephant,elephant,0.5332
2026-08-02,14:27:19,Pine Hollow Zone,elephant,elephant,0.7081
2026-08-02,14:27:19,Greywood Edge,elephant,elephant,0.6548
2026-08-02,14:27:19,Fernvale Thicket,person,person,0.5123
2026-08-02,14:27:19,Greywood Edge,elephant,elephant,0.501
2026-08-02,14:27:19,North Ridge Forest,elephant,elephant,0.4505
2026-08-02,14:27:19,Elderleaf Basin,person,person,0.5539
2026-08-02,14:27:19,Fernvale Thicket,elephant,elephant,0.494
2026-08-02,14:27:19,Pine Hollow Zone,elephant,elephant,0.7417
2026-08-02,14:27:19,Greywood Edge,elephant,elephant,0.6668
2026-08-02,14:27:19,North Ridge Forest,person,person,0.5048
2026-08-02,14:27:19,Fernvale Thicket,elephant,elephant,0.8274
2026-08-02,14:27:19,North Ridge Forest,elephant,elephant,0.6763
2026-08-02,14:27:19,Fernvale Thicket,person,person,0.5542
2026-08-02,14:27:20,Fernvale Thicket,elephant,elephant,0.8056
2026-08-02,14:27:20,Misty Creek Grove,elephant,elephant,0.6751
2026-08-02,14:27:20,Misty Creek Grove,person,person,0.5136
2026-08-02,14:27:20,Pine Hollow Zone,person,person,0.5188
2026-08-02,14:27:20,Misty Creek Grove,elephant,elephant,0.4502
2026-08-02,14:27:20,North Ridge Forest,person,person,0.503
2026-08-02,14:27:20,Misty Creek Grove,elephant,elephant,0.6047
2026-08-02,14:27:20,Misty Creek Grove,elephant,elephant,0.5103
2026-08-02,14:27:20,Pine Hollow Zone,person,person,0.4508
2026-08-02,14:27:20,Greywood Edge,person,person,0.468
2026-08-02,14:27:21,Elderleaf Basin,horse,horse,0.4961
2026-08-02,14:27:21,Misty Creek Grove,person,person,0.4628
2026-08-02,14:27:21,Greywood Edge,person,person,0.4936
2026-08-02,14:27:21,Elderleaf Basin,person,person,0.512
2026-08-02,14:27:21,North Ridge Forest,person,person,0.4949
2026-08-02,14:27:21,Elderleaf Basin,person,person,0.481
2026-08-02,14:27:21,Pine Hollow Zone,person,person,0.4682
2026-08-02,14:27:22,Misty Creek Grove,person,person,0.587
2026-08-02,14:27:22,Misty Creek Grove,person,person,0.5682
2026-08-02,14:27:22,Greywood Edge,person,person,0.4794
2026-08-02,14:27:22,Pine Hollow Zone,person,person,0.6353
2026-08-02,14:27:22,Elderleaf Basin,person,person,0.8607
2026-08-02,14:27:22,North Ridge Forest,person,person,0.9162
2026-08-02,14:27:23,Greywood Edge,person,person,0.9283
2026-08-02,14:27:23,Greywood Edge,person,person,0.9112
2026-08-02,14:27:23,Misty Creek Grove,person,person,0.8959
2026-08-02,14:27:23,Greywood Edge,person,person,0.9094
2026-08-02,14:27:23,Elderleaf Basin,person,person,0.8915
2026-08-02,14:27:24,Misty Creek Grove,person,person,0.9009
2026-08-02,14:27:24,Pine Hollow Zone,person,person,0.8963
2026-08-02,14:27:24,Elderleaf Basin,person,person,0.8874
2026-08-02,14:27:24,Misty Creek Grove,person,person,0.8747
2026-08-02,14:27:24,Pine Hollow Zone,person,person,0.8537
2026-08-02,14:27:25,Elderleaf Basin,person,person,0.8673
2026-08-02,14:27:25,Elderleaf Basin,person,person,0.8742
2026-08-02,14:27:25,North Ridge Forest,person,person,0.8665
2026-08-02,14:27:25,Greywood Edge,person,person,0.8708
2026-08-02,14:27:25,Elderleaf Basin,person,person,0.854
2026-08-02,14:27:26,North Ridge Forest,person,person,0.9129
2026-08-02,14:27:26,Elderleaf Basin,person,person,0.8774
2026-08-02,14:27:26,Elderleaf Basin,person,person,0.8733
2026-08-02,14:27:26,Fernvale Thicket,person,person,0.8654
2026-08-02,14:27:26,Fernvale Thicket,person,person,0.8759
2026-08-02,14:27:27,Elderleaf Basin,person,person,0.9007
2026-08-02,14:27:27,Elderleaf Basin,person,person,0.8703
2026-08-02,14:27:27,Pine Hollow Zone,person,person,0.8951
2026-08-02,14:27:27,Fernvale Thicket,person,person,0.8918
2026-08-02,14:27:27,Elderleaf Basin,person,person,0.8845
2026-08-02,14:27:27,Elderleaf Basin,person,person,0.8988
2026-08-02,14:27:28,North Ridge Forest,person,person,0.8909
2026-08-02,14:27:28,Misty Creek Grove,person,person,0.8915
2026-08-02,14:27:28,Pine Hollow Zone,person,person,0.8956
2026-08-02,14:27:28,Elderleaf Basin,person,person,0.8826
2026-08-02,14:27:28,Greywood Edge,person,person,0.877
2026-08-02,14:27:29,Elderleaf Basin,person,person,0.8896
2026-08-02,14:27:29,Elderleaf Basin,person,person,0.8869
2026-08-02,14:27:29,Misty Creek Grove,person,person,0.8785
2026-08-02,14:27:29,Elderleaf Basin,person,person,0.869
2026-08-02,14:27:29,Fernvale Thicket,person,person,0.8309
2026-08-02,14:27:30,Misty Creek Grove,person,person,0.8987
2026-08-02,14:27:30,Fernvale Thicket,person,person,0.8984
2026-08-02,14:27:30,North Ridge Forest,person,person,0.8799
2026-08-02,14:27:30,Greywood Edge,person,person,0.8292
2026-08-02,14:27:30,Misty Creek Grove,person,person,0.8603
2026-08-02,14:27:31,Greywood Edge,cat,cat,0.463
2026-08-02,14:27:31,Pine Hollow Zone,person,person,0.5891
2026-08-02,14:27:31,North Ridge Forest,person,person,0.4964
2026-08-02,14:27:31,North Ridge Forest,person,person,0.4851
2026-08-02,14:27:31,Greywood Edge,person,person,0.8925
2026-08-02,14:27:31,Fernvale Thicket,person,person,0.9053
2026-08-02,14:27:32,Elderleaf Basin,person,person,0.822
2026-08-02,14:27:32,North Ridge Forest,person,person,0.7663
2026-08-02,14:27:32,Pine Hollow Zone,person,person,0.7206
2026-08-02,14:27:32,Elderleaf Basin,person,person,0.7746
2026-08-02,14:27:32,Misty Creek Grove,person,person,0.7553
2026-08-02,14:27:32,Pine Hollow Zone,person,person,0.506
2026-08-02,14:27:33,Elderleaf Basin,cow,cow,0.8183
2026-08-02,14:27:33,Elderleaf Basin,sheep,sheep,0.5352
2026-08-02,14:27:33,Pine Hollow Zone,cow,cow,0.4903
2026-08-02,14:27:33,Misty Creek Grove,cow,cow,0.6474
2026-08-02,14:27:33,Misty Creek Grove,sheep,sheep,0.5972
2026-08-02,14:27:33,Pine Hollow Zone,sheep,sheep,0.5011
2026-08-02,14:27:33,Misty Creek Grove,sheep,sheep,0.4965
2026-08-02,14:27:33,Fernvale Thicket,cow,cow,0.8493
2026-08-02,14:27:33,Pine Hollow Zone,cow,cow,0.8353
2026-08-02,14:27:33,North Ridge Forest,cow,cow,0.7985
2026-08-02,14:27:33,Fernvale Thicket,person,person,0.4896
2026-08-02,14:27:33,North Ridge Forest,cow,cow,0.8806
2026-08-02,14:27:33,Elderleaf Basin,cow,cow,0.8516
2026-08-02,14:27:33,Pine Hollow Zone,cow,cow,0.7425
2026-08-02,14:27:33,Fernvale Thicket,cow,cow,0.6095
2026-08-02,14:27:33,Misty Creek Grove,cow,cow,0.9002
2026-08-02,14:27:33,Fernvale Thicket,cow,cow,0.8383
2026-08-02,14:27:33,Fernvale Thicket,cow,cow,0.6175
2026-08-02,14:27:34,Misty Creek Grove,cow,cow,0.8356
2026-08-02,14:27:34,Pine Hollow Zone,cow,cow,0.8288
2026-08-02,14:27:34,North Ridge Forest,cow,cow,0.82
2026-08-02,14:27:34,North Ridge Forest,person,person,0.4772
2026-08-02,14:27:34,Misty Creek Grove,cow,cow,0.9112
2026-08-02,14:27:34,Fernvale Thicket,cow,cow,0.8336
2026-08-02,14:27:34,Fernvale Thicket,person,person,0.7007
2026-08-02,14:27:34,Misty Creek Grove,cow,cow,0.5629
2026-08-02,14:27:34,Elderleaf Basin,cow,cow,0.47
2026-08-02,14:27:34,Pine Hollow Zone,cow,cow,0.9278
2026-08-02,14:27:34,Elderleaf Basin,cow,cow,0.8275
2026-08-02,14:27:34,Fernvale Thicket,cow,cow,0.8107
2026-08-02,14:27:34,Fernvale Thicket,person,person,0.6266
2026-08-02,14:27:34,Misty Creek Grove,cow,cow,0.8999
2026-08-02,14:27:34,Elderleaf Basin,cow,cow,0.8402
2026-08-02,14:27:34,Pine Hollow Zone,cow,cow,0.7268
2026-08-02,14:27:34,Pine Hollow Zone,person,person,0.5214
2026-08-02,14:27:34,Misty Creek Grove,cow,cow,0.4648
2026-08-02,14:27:34,Elderleaf Basin,cow,cow,0.8981
2026-08-02,14:27:34,North Ridge Forest,cow,cow,0.8641
2026-08-02,14:27:34,Elderleaf Basin,cow,cow,0.8048
2026-08-02,14:27:34,Greywood Edge,person,person,0.5124
2026-08-02,14:27:34,Fernvale Thicket,cow,cow,0.4586
2026-08-02,14:27:35,Pine Hollow Zone,cow,cow,0.8966
2026-08-02,14:27:35,Greywood Edge,cow,cow,0.8502
2026-08-02,14:27:35,Elderleaf Basin,cow,cow,0.7977
2026-08-02,14:27:35,Elderleaf Basin,person,person,0.5052
2026-08-02,14:27:35,Greywood Edge,cow,cow,0.4861
2026-08-02,14:27:35,North Ridge Forest,cow,cow,0.8986
2026-08-02,14:27:35,Elderleaf Basin,cow,cow,0.8644
2026-08-02,14:27:35,Fernvale Thicket,cow,cow,0.7975
2026-08-02,14:27:35,Fernvale Thicket,person,person,0.7128
2026-08-02,14:27:35,Greywood Edge,cow,cow,0.9036
2026-08-02,14:27:35,Misty Creek Grove,cow,cow,0.7988
2026-08-02,14:27:35,Elderleaf Basin,cow,cow,0.6963
2026-08-02,14:27:35,Misty Creek Grove,person,person,0.6107
2026-08-02,14:27:35,Misty Creek Grove,cow,cow,0.5114
2026-08-02,14:27:35,Pine Hollow Zone,cow,cow,0.9231
2026-08-02,14:27:35,Elderleaf Basin,cow,cow,0.8773
2026-08-02,14:27:35,Pine Hollow Zone,cow,cow,0.817
2026-08-02,14:27:35,Elderleaf Basin,person,person,0.705
2026-08-02,14:27:35,Misty Creek Grove,cow,cow,0.9241
2026-08-02,14:27:35,North Ridge Forest,cow,cow,0.8805
2026-08-02,14:27:35,North Ridge Forest,cow,cow,0.8456
2026-08-02,14:27:35,Misty Creek Grove,person,person,0.7018
2026-08-02,14:27:36,North Ridge Forest,cow,cow,0.905
2026-08-02,14:27:36,Fernvale Thicket,cow,cow,0.8428
2026-08-02,14:27:36,Elderleaf Basin,person,person,0.7232
2026-08-02,14:27:36,Elderleaf Basin,cow,cow,0.6748
2026-08-02,14:27:36,Greywood Edge,cow,cow,0.4837
2026-08-02,14:27:36,Pine Hollow Zone,cow,cow,0.8868
2026-08-02,14:27:36,North Ridge Forest,cow,cow,0.8402
2026-08-02,14:27:36,Fernvale Thicket,person,person,0.7757
2026-08-02,14:27:36,Greywood Edge,cow,cow,0.6021
2026-08-02,14:27:36,Greywood Edge,cow,cow,0.4885
2026-08-02,14:27:36,Pine Hollow Zone,cow,cow,0.7486
2026-08-02,14:27:36,Misty Creek Grove,person,person,0.6506
2026-08-02,14:27:37,North Ridge Forest,person,person,0.8582
2026-08-02,14:27:37,Fernvale Thicket,person,person,0.845
2026-08-02,14:27:37,Fernvale Thicket,person,person,0.8215
2026-08-02,14:27:37,North Ridge Forest,person,person,0.8255
2026-08-02,14:27:37,Fernvale Thicket,person,person,0.8581
2026-08-02,14:27:38,Misty Creek Grove,person,person,0.8222
2026-08-02,14:27:38,Misty Creek Grove,person,person,0.7854
2026-08-02,14:27:38,Pine Hollow Zone,person,person,0.856
2026-08-02,14:27:38,Pine Hollow Zone,person,person,0.8142
2026-08-02,14:27:38,North Ridge Forest,person,person,0.8256
2026-08-02,14:27:38,Pine Hollow Zone,person,person,0.8666
2026-08-02,14:27:39,Elderleaf Basin,person,person,0.8249
2026-08-02,14:27:39,Pine Hollow Zone,person,person,0.8564
2026-08-02,14:27:39,North Ridge Forest,person,person,0.8713
2026-08-02,14:27:39,Misty Creek Grove,person,person,0.8932
2026-08-02,14:27:39,North Ridge Forest,person,person,0.8656
2026-08-02,14:27:39,Pine Hollow Zone,person,person,0.8553
2026-08-02,14:27:40,North Ridge Forest,person,person,0.8801
2026-08-02,14:27:40,North Ridge Forest,person,person,0.8646
2026-08-02,14:27:40,Misty Creek Grove,person,person,0.8774
2026-08-02,14:27:40,North Ridge Forest,person,person,0.596
2026-08-02,14:27:41,North Ridge Forest,person,person,0.6564
2026-08-02,14:27:41,Fernvale Thicket,person,person,0.5553
2026-08-02,14:27:41,Greywood Edge,person,person,0.719
2026-08-02,14:27:41,Pine Hollow Zone,person,person,0.7381
2026-08-02,14:27:41,Misty Creek Grove,person,person,0.646
2026-08-02,14:27:41,Greywood Edge,person,person,0.5106
2026-08-02,14:27:41,Fernvale Thicket,person,person,0.6311
2026-08-02,14:27:41,Elderleaf Basin,person,person,0.584
2026-08-02,14:27:42,Greywood Edge,person,person,0.7663
2026-08-02,14:27:42,Pine Hollow Zone,person,person,0.7652
2026-08-02,14:27:42,North Ridge Forest,person,person,0.5849
2026-08-02,14:27:42,North Ridge Forest,person,person,0.8195
2026-08-02,14:27:42,North Ridge Forest,person,person,0.757
2026-08-02,14:28:11,Elderleaf Basin,person,person,0.6391
2026-08-02,14:28:11,Pine Hollow Zone,person,person,0.4562
2026-08-02,14:28:11,North Ridge Forest,person,person,0.5741
2026-08-02,14:28:11,Greywood Edge,person,person,0.7443
2026-08-02,14:28:12,Elderleaf Basin,person,person,0.6705
2026-08-02,14:28:12,Greywood Edge,person,person,0.7966
2026-08-02,14:28:12,Fernvale Thicket,person,person,0.7995
2026-08-02,14:28:13,North Ridge Forest,person,person,0.6181
2026-08-02,14:28:14,Fernvale Thicket,person,person,0.5418
2026-08-02,14:28:14,Fernvale Thicket,person,person,0.7125
2026-08-02,14:28:14,Elderleaf Basin,person,person,0.8333
2026-08-02,14:28:15,Fernvale Thicket,person,person,0.7959
2026-08-02,14:28:15,Pine Hollow Zone,person,person,0.7637
2026-08-02,14:28:15,Elderleaf Basin,person,person,0.7914
2026-08-02,14:28:15,North Ridge Forest,cow,cow,0.4938
2026-08-02,14:28:15,Greywood Edge,person,person,0.8035
2026-08-02,14:28:15,Misty Creek Grove,person,person,0.8111
2026-08-02,14:28:16,Pine Hollow Zone,person,person,0.8347
2026-08-02,14:28:16,Misty Creek Grove,person,person,0.7847
2026-08-02,14:28:16,Pine Hollow Zone,person,person,0.5475
2026-08-02,14:28:16,Misty Creek Grove,person,person,0.7796
2026-08-02,14:28:17,Fernvale Thicket,person,person,0.6135
2026-08-02,14:28:17,Elderleaf Basin,person,person,0.6611
2026-08-02,14:28:17,Fernvale Thicket,person,person,0.5851
2026-08-02,14:28:17,Greywood Edge,person,person,0.5728
2026-08-02,14:28:17,Fernvale Thicket,person,person,0.6598
2026-08-02,14:28:18,Misty Creek Grove,person,person,0.7677
2026-08-02,14:28:18,North Ridge Forest,person,person,0.6471
2026-08-02,14:28:18,Fernvale Thicket,person,person,0.6124
2026-08-02,14:28:18,North Ridge Forest,person,person,0.7745
2026-08-02,14:28:18,Fernvale Thicket,person,person,0.4794
2026-08-02,14:28:19,Fernvale Thicket,person,person,0.6902
2026-08-02,14:28:19,Fernvale Thicket,person,person,0.7781
2026-08-02,14:28:19,Fernvale Thicket,person,person,0.6763
2026-08-02,14:28:19,Misty Creek Grove,person,person,0.5626
2026-08-02,14:28:19,Fernvale Thicket,person,person,0.6974
2026-08-02,14:28:19,Greywood Edge,cow,cow,0.6959
2026-08-02,14:28:19,North Ridge Forest,person,person,0.4898
2026-08-02,14:28:19,North Ridge Forest,person,person,0.6358
2026-08-02,14:28:19,Pine Hollow Zone,person,person,0.5818
2026-08-02,14:28:19,North Ridge Forest,person,person,0.6886
2026-08-02,14:28:19,North Ridge Forest,sheep,sheep,0.5839
2026-08-02,14:28:19,Elderleaf Basin,person,person,0.5482
2026-08-02,14:28:20,Pine Hollow Zone,person,person,0.5754
2026-08-02,14:28:20,Greywood Edge,person,person,0.4885
2026-08-02,14:28:20,Misty Creek Grove,person,person,0.4873
2026-08-02,14:28:20,Fernvale Thicket,person,person,0.4762
2026-08-02,14:28:20,North Ridge Forest,person,person,0.4505
2026-08-02,14:28:20,Fernvale Thicket,cow,cow,0.6956
2026-08-02,14:28:20,Greywood Edge,person,person,0.5894
2026-08-02,14:28:20,Misty Creek Grove,person,person,0.5809
2026-08-02,14:28:20,Fernvale Thicket,cow,cow,0.87
2026-08-02,14:28:20,Greywood Edge,person,person,0.6419
2026-08-02,14:28:20,Pine Hollow Zone,person,person,0.5587
2026-08-02,14:28:21,North Ridge Forest,person,person,0.7199
2026-08-02,14:28:21,Fernvale Thicket,cow,cow,0.6896
2026-08-02,14:28:21,Greywood Edge,person,person,0.656
2026-08-02,14:28:21,Fernvale Thicket,person,person,0.5443
2026-08-02,14:28:21,Elderleaf Basin,cow,cow,0.636
2026-08-02,14:28:21,Elderleaf Basin,person,person,0.6232
2026-08-02,14:28:21,Greywood Edge,person,person,0.4986
2026-08-02,14:28:21,Elderleaf Basin,cow,cow,0.8696
2026-08-02,14:28:21,Elderleaf Basin,person,person,0.6535
2026-08-02,14:28:21,North Ridge Forest,person,person,0.6088
2026-08-02,14:28:21,Pine Hollow Zone,cow,cow,0.876
2026-08-02,14:28:21,Elderleaf Basin,person,person,0.7394
2026-08-02,14:28:21,North Ridge Forest,person,person,0.7265
2026-08-02,14:28:21,Elderleaf Basin,cow,cow,0.5687
2026-08-02,14:28:22,Fernvale Thicket,person,person,0.687
2026-08-02,14:28:22,North Ridge Forest,person,person,0.6201
2026-08-02,14:28:22,North Ridge Forest,person,person,0.745
2026-08-02,14:28:22,Elderleaf Basin,person,person,0.6414
2026-08-02,14:28:22,Elderleaf Basin,person,person,0.8105
2026-08-02,14:28:22,North Ridge Forest,person,person,0.514
2026-08-02,14:28:22,Elderleaf Basin,person,person,0.4887
2026-08-02,14:28:22,North Ridge Forest,person,person,0.5328
2026-08-02,14:28:22,North Ridge Forest,person,person,0.4539
2026-08-02,14:28:23,Fernvale Thicket,person,person,0.6481
2026-08-02,14:28:23,Pine Hollow Zone,person,person,0.489
2026-08-02,14:28:23,North Ridge Forest,person,person,0.7048
2026-08-02,14:28:23,Fernvale Thicket,person,person,0.5086
2026-08-02,14:28:23,Pine Hollow Zone,person,person,0.8572
2026-08-02,14:28:23,North Ridge Forest,person,person,0.9358
2026-08-02,14:28:24,Pine Hollow Zone,person,person,0.9085
2026-08-02,14:28:24,Greywood Edge,person,person,0.9096
2026-08-02,14:28:24,Greywood Edge,person,person,0.9211
2026-08-02,14:28:24,Fernvale Thicket,person,person,0.9249
2026-08-02,14:28:24,Greywood Edge,person,person,0.9187
2026-08-02,14:28:25,Pine Hollow Zone,person,person,0.9114
2026-08-02,14:28:25,Fernvale Thicket,person,person,0.5309
2026-08-02,14:28:25,Fernvale Thicket,person,person,0.9159
2026-08-02,14:28:25,Pine Hollow Zone,person,person,0.4651
2026-08-03,21:24:15,Greywood Edge,person,person,0.5812
2026-08-03,21:24:16,North Ridge Forest,person,person,0.5284
2026-08-03,21:24:16,Greywood Edge,person,person,0.4724
2026-08-03,21:24:16,North Ridge Forest,cat,cat,0.4895
2026-08-03,21:24:16,Greywood Edge,person,person,0.5411
2026-08-03,21:24:16,North Ridge Forest,person,person,0.4575
2026-08-03,21:24:16,North Ridge Forest,cat,cat,0.4627
2026-08-03,21:24:16,Misty Creek Grove,cat,cat,0.5114
2026-08-03,21:24:16,North Ridge Forest,cat,cat,0.5114
2026-08-03,21:24:16,Elderleaf Basin,cat,cat,0.4689
2026-08-03,21:24:16,Elderleaf Basin,cat,cat,0.5106
2026-08-03,21:24:18,Fernvale Thicket,cat,cat,0.6408
2026-08-03,21:24:18,Misty Creek Grove,cat,cat,0.7099
2026-08-03,21:24:18,Elderleaf Basin,cat,cat,0.6308
2026-08-03,21:24:18,Elderleaf Basin,cat,cat,0.5922
2026-08-03,21:24:18,Misty Creek Grove,cat,cat,0.5027
2026-08-03,21:24:18,Elderleaf Basin,cat,cat,0.4781
2026-08-03,21:24:18,North Ridge Forest,cat,cat,0.576
2026-08-03,21:24:19,Misty Creek Grove,person,person,0.5418
2026-08-03,21:24:19,Fernvale Thicket,person,person,0.6162
2026-08-03,21:24:19,Misty Creek Grove,person,person,0.5735
2026-08-03,21:24:20,Pine Hollow Zone,person,person,0.7256
2026-08-03,21:24:22,Pine Hollow Zone,person,person,0.4515
2026-08-03,21:24:22,Elderleaf Basin,cat,cat,0.5424
2026-08-03,21:24:22,Greywood Edge,cat,cat,0.7228
2026-08-03,21:24:22,Fernvale Thicket,cat,cat,0.7228
2026-08-03,21:24:22,Pine Hollow Zone,cat,cat,0.7225
2026-08-03,21:24:22,North Ridge Forest,cat,cat,0.7679
2026-08-03,21:24:22,Fernvale Thicket,cat,cat,0.6605
2026-08-03,21:24:23,North Ridge Forest,cat,cat,0.7647
2026-08-03,21:24:23,North Ridge Forest,cat,cat,0.7647
2026-08-03,21:24:23,Misty Creek Grove,cat,cat,0.7704
2026-08-03,21:24:23,Fernvale Thicket,person,person,0.4576
2026-08-03,21:24:24,North Ridge Forest,person,person,0.4777
2026-08-03,21:24:24,Greywood Edge,person,person,0.4777
2026-08-03,21:24:24,North Ridge Forest,person,person,0.4741
2026-08-03,21:24:24,Fernvale Thicket,cat,cat,0.5042
2026-08-03,21:24:24,North Ridge Forest,cat,cat,0.5042
2026-08-03,21:24:24,Pine Hollow Zone,person,person,0.6098
2026-08-03,21:24:25,Misty Creek Grove,person,person,0.7225
2026-08-03,21:24:25,Pine Hollow Zone,person,person,0.7519
2026-08-03,21:24:25,North Ridge Forest,person,person,0.8045
2026-08-03,21:24:25,Pine Hollow Zone,person,person,0.8045
2026-08-03,21:24:25,North Ridge Forest,person,person,0.8025
2026-08-03,21:24:25,North Ridge Forest,person,person,0.7901
2026-08-03,21:24:25,Fernvale Thicket,person,person,0.8104
2026-08-03,21:24:25,Misty Creek Grove,person,person,0.8104
2026-08-03,21:24:25,North Ridge Forest,person,person,0.8077
2026-08-03,21:24:25,North Ridge Forest,person,person,0.7914
2026-08-03,21:24:25,North Ridge Forest,person,person,0.7969
2026-08-03,21:24:26,Misty Creek Grove,person,person,0.8015
2026-08-03,21:24:26,Misty Creek Grove,person,person,0.8015
2026-08-03,21:24:26,Elderleaf Basin,person,person,0.7775
2026-08-03,21:24:26,Fernvale Thicket,person,person,0.7873
2026-08-03,21:24:26,Greywood Edge,person,person,0.7921
2026-08-03,21:24:26,Misty Creek Grove,person,person,0.7921
2026-08-03,21:24:26,North Ridge Forest,person,person,0.7183
2026-08-03,21:24:26,Misty Creek Grove,person,person,0.7422
2026-08-03,21:24:26,North Ridge Forest,person,person,0.7374
2026-08-03,21:24:26,Pine Hollow Zone,person,person,0.7597
2026-08-03,21:24:26,Fernvale Thicket,person,person,0.7597
2026-08-03,21:24:27,North Ridge Forest,person,person,0.7463
2026-08-03,21:24:27,North Ridge Forest,person,person,0.7467
2026-08-03,21:24:27,Elderleaf Basin,person,person,0.7234
2026-08-03,21:24:27,North Ridge Forest,person,person,0.7234
2026-08-03,21:24:27,Elderleaf Basin,person,person,0.6888
2026-08-03,21:24:27,Elderleaf Basin,person,person,0.6916
2026-08-03,21:24:27,Greywood Edge,person,person,0.6916
2026-08-03,21:24:27,Fernvale Thicket,person,person,0.81
2026-08-03,21:24:27,North Ridge Forest,person,person,0.7093
2026-08-03,21:24:27,Pine Hollow Zone,person,person,0.4919
2026-08-03,21:24:28,Fernvale Thicket,person,person,0.4919
2026-08-03,21:24:28,Elderleaf Basin,person,person,0.526
2026-08-03,21:24:28,North Ridge Forest,person,person,0.5906
2026-08-03,21:24:28,North Ridge Forest,person,person,0.7341
2026-08-03,21:24:28,Fernvale Thicket,person,person,0.4537
2026-08-03,21:24:28,Pine Hollow Zone,person,person,0.6408
2026-08-03,21:24:28,North Ridge Forest,person,person,0.6408
2026-08-03,21:24:28,Misty Creek Grove,person,person,0.6207
2026-08-03,21:24:28,Fernvale Thicket,dog,dog,0.468
2026-08-03,21:24:29,Elderleaf Basin,person,person,0.484
2026-08-03,21:24:29,Misty Creek Grove,person,person,0.6118
2026-08-03,21:24:29,Elderleaf Basin,person,person,0.5459
2026-08-03,21:24:29,Pine Hollow Zone,person,person,0.6527
2026-08-03,21:24:29,Misty Creek Grove,person,person,0.7644
2026-08-03,21:24:29,North Ridge Forest,person,person,0.7241
2026-08-03,21:24:29,Misty Creek Grove,person,person,0.7241
2026-08-03,21:24:29,Misty Creek Grove,person,person,0.7934
2026-08-03,21:24:29,North Ridge Forest,person,person,0.7678
2026-08-03,21:24:29,North Ridge Forest,person,person,0.7833
2026-08-03,21:24:29,Pine Hollow Zone,person,person,0.7833
2026-08-03,21:24:30,Greywood Edge,person,person,0.7764
2026-08-03,21:24:30,Misty Creek Grove,person,person,0.7546
2026-08-03,21:24:30,Greywood Edge,person,person,0.7846
2026-08-03,21:24:30,Misty Creek Grove,person,person,0.7609
2026-08-03,21:24:30,Pine Hollow Zone,person,person,0.8032
2026-08-03,21:24:30,Pine Hollow Zone,person,person,0.8009
2026-08-03,21:24:30,North Ridge Forest,person,person,0.8294
2026-08-03,21:24:30,Fernvale Thicket,person,person,0.8447
2026-08-03,21:24:30,Misty Creek Grove,person,person,0.8346
2026-08-03,21:24:30,North Ridge Forest,person,person,0.8346
2026-08-03,21:24:30,North Ridge Forest,person,person,0.8073
2026-08-03,21:24:30,Greywood Edge,person,person,0.8124
2026-08-03,21:24:31,Elderleaf Basin,person,person,0.8124
2026-08-03,21:24:31,Greywood Edge,person,person,0.7778
2026-08-03,21:24:31,Elderleaf Basin,person,person,0.8152
2026-08-03,21:24:31,Fernvale Thicket,person,person,0.7974
2026-08-03,21:24:31,Misty Creek Grove,person,person,0.7969
2026-08-03,21:24:31,Pine Hollow Zone,person,person,0.8069
2026-08-03,21:24:31,Misty Creek Grove,person,person,0.7922
2026-08-03,21:24:31,Greywood Edge,person,person,0.7922
2026-08-03,21:24:31,North Ridge Forest,person,person,0.7636
2026-08-03,21:24:31,Greywood Edge,person,person,0.7241
2026-08-03,21:24:32,Fernvale Thicket,person,person,0.7783
2026-08-03,21:24:32,Pine Hollow Zone,person,person,0.5396
2026-08-03,21:24:33,Elderleaf Basin,person,person,0.7054
2026-08-03,21:24:33,Elderleaf Basin,person,person,0.5597
2026-08-03,21:24:33,Greywood Edge,person,person,0.7076
2026-08-03,21:24:33,Pine Hollow Zone,person,person,0.79
2026-08-03,21:24:34,Fernvale Thicket,person,person,0.8344
2026-08-03,21:24:34,Pine Hollow Zone,person,person,0.769
2026-08-03,21:24:34,Greywood Edge,person,person,0.7578
2026-08-03,21:24:34,Elderleaf Basin,person,person,0.8124
2026-08-03,21:24:34,Greywood Edge,person,person,0.725
2026-08-03,21:24:34,Greywood Edge,person,person,0.725
2026-08-03,21:24:34,Pine Hollow Zone,person,person,0.4776
2026-08-03,21:24:34,Fernvale Thicket,person,person,0.6955
2026-08-03,21:24:35,Fernvale Thicket,cat,cat,0.5499
2026-08-03,21:24:35,Elderleaf Basin,cat,cat,0.5716
2026-08-03,21:24:35,Fernvale Thicket,cat,cat,0.4923
2026-08-03,21:24:35,Misty Creek Grove,cat,cat,0.757
2026-08-03,21:24:36,Fernvale Thicket,person,person,0.4725
2026-08-03,21:24:36,Misty Creek Grove,person,person,0.5829
2026-08-03,21:24:36,Fernvale Thicket,person,person,0.6874
2026-08-03,21:24:37,North Ridge Forest,person,person,0.7177
2026-08-03,21:24:37,Fernvale Thicket,person,person,0.7961
2026-08-03,21:24:37,Fernvale Thicket,person,person,0.8079
2026-08-03,21:24:37,Greywood Edge,person,person,0.7863
2026-08-03,21:24:37,Misty Creek Grove,person,person,0.7863
2026-08-03,21:24:37,Elderleaf Basin,person,person,0.8368
2026-08-03,21:24:37,Elderleaf Basin,person,person,0.8434
2026-08-03,21:24:37,Fernvale Thicket,person,person,0.8434
2026-08-03,21:24:37,Pine Hollow Zone,person,person,0.8556
2026-08-03,21:24:37,Misty Creek Grove,person,person,0.866
2026-08-03,21:24:37,Pine Hollow Zone,person,person,0.8154
2026-08-03,21:24:37,North Ridge Forest,person,person,0.8154
2026-08-03,21:24:38,North Ridge Forest,person,person,0.7924
2026-08-03,21:24:38,Pine Hollow Zone,person,person,0.797
2026-08-03,21:24:38,Fernvale Thicket,person,person,0.7838
2026-08-03,21:24:38,North Ridge Forest,person,person,0.7727
2026-08-03,21:24:38,Greywood Edge,person,person,0.7727
2026-08-03,21:24:38,North Ridge Forest,person,person,0.6286
2026-08-03,21:24:39,Greywood Edge,cat,cat,0.5453
2026-08-03,21:24:39,Elderleaf Basin,cat,cat,0.5453
2026-08-03,21:24:39,Fernvale Thicket,cat,cat,0.6523
2026-08-03,21:24:39,Elderleaf Basin,person,person,0.5973
2026-08-03,21:24:40,Elderleaf Basin,cat,cat,0.5444
2026-08-03,21:24:40,Misty Creek Grove,cat,cat,0.7494
2026-08-03,21:24:40,Greywood Edge,cat,cat,0.6727
2026-08-03,21:24:40,Fernvale Thicket,cat,cat,0.6915
2026-08-03,21:24:40,Pine Hollow Zone,cat,cat,0.5106
2026-08-03,21:24:40,Fernvale Thicket,cat,cat,0.5084
2026-08-03,21:24:41,North Ridge Forest,cat,cat,0.6441
2026-08-03,21:24:41,Greywood Edge,cat,cat,0.6817
2026-08-03,21:24:41,Pine Hollow Zone,cat,cat,0.7873
2026-08-03,21:24:41,Elderleaf Basin,cat,cat,0.7873
2026-08-03,21:24:41,Greywood Edge,person,person,0.6492
2026-08-03,21:24:41,Misty Creek Grove,person,person,0.5775
2026-08-03,21:24:41,Pine Hollow Zone,person,person,0.6311
2026-08-03,21:24:41,Greywood Edge,person,person,0.6791
2026-08-03,21:24:41,Misty Creek Grove,person,person,0.6791
2026-08-03,21:24:41,Pine Hollow Zone,person,person,0.6626
2026-08-03,21:24:41,Elderleaf Basin,person,person,0.4626
2026-08-03,21:24:42,Elderleaf Basin,person,person,0.4626
2026-08-03,21:24:43,Greywood Edge,person,person,0.5309
2026-08-03,21:24:43,Pine Hollow Zone,person,person,0.548
2026-08-03,21:24:43,Elderleaf Basin,person,person,0.6306
2026-08-03,21:24:43,North Ridge Forest,person,person,0.558
2026-08-03,21:24:43,Misty Creek Grove,person,person,0.6316
2026-08-03,21:24:43,North Ridge Forest,person,person,0.4902
2026-08-03,21:24:43,Greywood Edge,person,person,0.5169
2026-08-03,21:24:43,Pine Hollow Zone,person,person,0.4736
2026-08-03,21:24:44,North Ridge Forest,person,person,0.4736
2026-08-03,21:24:44,Fernvale Thicket,person,person,0.6365
2026-08-03,21:24:44,Elderleaf Basin,person,person,0.6415
2026-08-03,21:24:44,Misty Creek Grove,person,person,0.6415
2026-08-03,21:24:44,Elderleaf Basin,person,person,0.5681
2026-08-03,21:24:44,Misty Creek Grove,person,person,0.4682
2026-08-03,21:24:44,Fernvale Thicket,person,person,0.6818
2026-08-03,21:24:44,North Ridge Forest,person,person,0.6792
2026-08-03,21:24:44,Pine Hollow Zone,person,person,0.6792
2026-08-03,21:24:44,Pine Hollow Zone,person,person,0.5646
2026-08-03,21:24:45,Elderleaf Basin,person,person,0.6359
2026-08-03,21:24:45,North Ridge Forest,person,person,0.6642
2026-08-03,21:24:45,Misty Creek Grove,person,person,0.6642
2026-08-03,21:24:45,Fernvale Thicket,person,person,0.7195
2026-08-03,21:24:45,Fernvale Thicket,person,person,0.7503
2026-08-03,21:24:45,Greywood Edge,person,person,0.7225
2026-08-03,21:24:45,Fernvale Thicket,person,person,0.7108
2026-08-03,21:24:45,Greywood Edge,person,person,0.7108
2026-08-03,21:24:45,Fernvale Thicket,person,person,0.7142
2026-08-03,21:24:45,Misty Creek Grove,person,person,0.727
2026-08-03,21:24:45,Misty Creek Grove,person,person,0.6857
2026-08-03,21:24:46,Elderleaf Basin,person,person,0.7451
2026-08-03,21:24:46,Pine Hollow Zone,person,person,0.7451
2026-08-03,21:24:46,North Ridge Forest,person,person,0.7084
2026-08-03,21:24:46,Elderleaf Basin,person,person,0.7274
2026-08-03,21:24:46,Misty Creek Grove,person,person,0.7708
2026-08-03,21:24:46,Greywood Edge,person,person,0.7057
2026-08-03,21:24:46,Pine Hollow Zone,person,person,0.7193
2026-08-03,21:24:46,Misty Creek Grove,person,person,0.7193
2026-08-03,21:24:46,Elderleaf Basin,person,person,0.6921
2026-08-03,21:24:46,Pine Hollow Zone,person,person,0.6839
2026-08-03,21:24:47,Fernvale Thicket,person,person,0.7022
2026-08-03,21:24:47,North Ridge Forest,person,person,0.765
2026-08-03,21:24:47,Elderleaf Basin,person,person,0.765
2026-08-03,21:24:47,Elderleaf Basin,person,person,0.685
2026-08-03,21:24:47,Pine Hollow Zone,person,person,0.6428
2026-08-03,21:24:47,Fernvale Thicket,person,person,0.6611
2026-08-03,21:24:47,Misty Creek Grove,person,person,0.7988
2026-08-03,21:24:47,North Ridge Forest,person,person,0.7988
2026-08-03,21:24:47,Greywood Edge,person,person,0.6285
2026-08-03,21:24:47,Fernvale Thicket,person,person,0.7573
2026-08-03,21:24:47,Pine Hollow Zone,person,person,0.6561
2026-08-03,21:24:47,Pine Hollow Zone,person,person,0.6561
2026-08-03,21:24:48,Pine Hollow Zone,person,person,0.4614
2026-08-03,21:24:48,Pine Hollow Zone,person,person,0.5665
2026-08-03,21:24:48,Fernvale Thicket,person,person,0.4814
2026-08-03,21:24:48,Pine Hollow Zone,person,person,0.4814
2026-08-03,21:24:49,North Ridge Forest,person,person,0.4904
2026-08-03,21:24:49,Greywood Edge,person,person,0.4824
2026-08-03,21:24:50,Elderleaf Basin,person,person,0.5237
2026-08-03,21:24:51,Elderleaf Basin,person,person,0.4979
2026-08-03,21:24:51,Pine Hollow Zone,person,person,0.5124
2026-08-03,21:24:51,Misty Creek Grove,person,person,0.6452
2026-08-03,21:24:51,Greywood Edge,person,person,0.6452
2026-08-03,21:24:52,Misty Creek Grove,person,person,0.6093
2026-08-03,21:24:52,Pine Hollow Zone,person,person,0.6805
2026-08-03,21:24:52,Pine Hollow Zone,person,person,0.5569
2026-08-03,21:30:23,Pine Hollow Zone,cat,cat,0.5621
2026-08-03,21:30:24,Fernvale Thicket,cat,cat,0.4947
2026-08-03,21:30:28,Pine Hollow Zone,person,person,0.4878
2026-08-03,21:30:29,Misty Creek Grove,person,person,0.59
2026-08-03,21:30:29,Misty Creek Grove,person,person,0.5256
2026-08-03,21:30:30,Greywood Edge,person,person,0.6796
2026-08-03,21:30:30,Greywood Edge,person,person,0.8328
2026-08-03,21:30:30,Elderleaf Basin,person,person,0.5072
2026-08-03,21:30:34,North Ridge Forest,truck,truck,0.6518
2026-08-03,21:30:34,Misty Creek Grove,truck,truck,0.4745
2026-08-03,21:30:37,Misty Creek Grove,truck,truck,0.4541
2026-08-03,21:30:38,North Ridge Forest,truck,truck,0.6946
2026-08-03,21:30:39,Pine Hollow Zone,truck,truck,0.5248
2026-08-03,21:30:39,Pine Hollow Zone,person,person,0.585
2026-08-03,21:30:39,Elderleaf Basin,truck,truck,0.5813
2026-08-03,21:30:40,Pine Hollow Zone,truck,truck,0.7889
2026-08-03,21:30:40,Misty Creek Grove,person,person,0.6878
2026-08-03,21:30:43,Fernvale Thicket,truck,truck,0.4638
2026-08-03,21:30:44,Elderleaf Basin,truck,truck,0.4539
2026-08-03,21:30:45,Misty Creek Grove,truck,truck,0.6136
2026-08-03,21:30:47,Elderleaf Basin,truck,truck,0.6294
2026-08-03,21:30:47,Greywood Edge,truck,truck,0.5162
2026-08-03,21:31:19,North Ridge Forest,elephant,elephant,0.5756
2026-08-03,21:31:19,Elderleaf Basin,elephant,elephant,0.4781
2026-08-03,21:31:20,Pine Hollow Zone,dog,dog,0.7285
2026-08-03,21:31:20,Greywood Edge,dog,dog,0.8142
2026-08-03,21:31:21,Elderleaf Basin,elephant,elephant,0.9285
2026-08-03,21:31:21,Greywood Edge,elephant,elephant,0.9288
2026-08-03,21:31:22,Misty Creek Grove,elephant,elephant,0.9284
2026-08-03,21:31:22,Pine Hollow Zone,elephant,elephant,0.9405
2026-08-03,21:31:22,Pine Hollow Zone,elephant,elephant,0.9335
2026-08-03,21:31:23,Misty Creek Grove,elephant,elephant,0.9437
2026-08-03,21:31:23,Greywood Edge,elephant,elephant,0.9398
2026-08-03,21:31:24,Pine Hollow Zone,elephant,elephant,0.9264
2026-08-03,21:31:24,Elderleaf Basin,elephant,elephant,0.9117
2026-08-03,21:31:25,Fernvale Thicket,elephant,elephant,0.9195
2026-08-03,21:31:25,Pine Hollow Zone,elephant,elephant,0.9004
2026-08-03,21:31:25,Pine Hollow Zone,elephant,elephant,0.9229
2026-08-03,21:31:26,Pine Hollow Zone,elephant,elephant,0.9218
2026-08-03,21:31:26,Misty Creek Grove,elephant,elephant,0.9155
2026-08-03,21:31:27,North Ridge Forest,elephant,elephant,0.5107
2026-08-03,21:31:27,Greywood Edge,elephant,elephant,0.6736
2026-08-03,21:31:28,Fernvale Thicket,elephant,elephant,0.6033
2026-08-03,21:31:28,Misty Creek Grove,elephant,elephant,0.7729
2026-08-03,21:31:28,Misty Creek Grove,dog,dog,0.5874
2026-08-03,21:31:29,Greywood Edge,elephant,elephant,0.9052
2026-08-03,21:31:30,Elderleaf Basin,elephant,elephant,0.7849
2026-08-03,21:31:30,Elderleaf Basin,elephant,elephant,0.8804
2026-08-03,21:31:31,Pine Hollow Zone,elephant,elephant,0.7293
2026-08-03,21:31:31,North Ridge Forest,elephant,elephant,0.8414
2026-08-03,21:31:32,Elderleaf Basin,elephant,elephant,0.7954
2026-08-03,21:31:32,Greywood Edge,elephant,elephant,0.9171
2026-08-03,21:31:32,Pine Hollow Zone,cat,cat,0.5683
2026-08-03,21:31:33,Pine Hollow Zone,elephant,elephant,0.9177
2026-08-03,21:31:33,North Ridge Forest,cat,cat,0.4849
2026-08-03,21:31:33,Greywood Edge,elephant,elephant,0.92
2026-08-03,21:31:33,Pine Hollow Zone,elephant,elephant,0.9138
2026-08-03,21:31:34,Elderleaf Basin,elephant,elephant,0.876
2026-08-03,21:31:34,Elderleaf Basin,elephant,elephant,0.9202
2026-08-03,21:31:35,Pine Hollow Zone,elephant,elephant,0.9146
2026-08-03,21:31:35,Fernvale Thicket,elephant,elephant,0.9021
2026-08-03,21:31:36,Greywood Edge,elephant,elephant,0.9278
2026-08-03,21:31:38,Pine Hollow Zone,cat,cat,0.7661
2026-08-03,21:31:39,Pine Hollow Zone,cat,cat,0.7598
2026-08-03,21:31:41,Greywood Edge,cat,cat,0.5501
2026-08-03,21:31:42,Elderleaf Basin,person,person,0.5668
2026-08-03,21:31:42,Elderleaf Basin,cat,cat,0.5531
2026-08-03,21:31:43,Pine Hollow Zone,person,person,0.576
2026-08-03,21:31:43,Fernvale Thicket,person,person,0.8918
2026-08-03,21:31:43,Pine Hollow Zone,person,person,0.8436
2026-08-03,21:31:44,Elderleaf Basin,person,person,0.5854
2026-08-03,21:31:44,North Ridge Forest,cat,cat,0.4669
2026-08-03,21:31:44,Fernvale Thicket,person,person,0.8188
2026-08-03,21:31:45,Misty Creek Grove,person,person,0.8299
2026-08-03,21:31:46,Greywood Edge,person,person,0.7944
2026-08-03,21:31:46,Elderleaf Basin,person,person,0.6378
2026-08-03,21:31:47,Pine Hollow Zone,person,person,0.7468
2026-08-03,21:31:47,Greywood Edge,person,person,0.811
2026-08-03,21:31:48,Greywood Edge,person,person,0.775
2026-08-03,21:31:49,Greywood Edge,person,person,0.8298
2026-08-03,21:31:49,Greywood Edge,person,person,0.5907
2026-08-03,21:31:50,Pine Hollow Zone,person,person,0.4738
2026-08-03,21:31:50,Fernvale Thicket,cat,cat,0.6159
2026-08-03,21:31:51,Fernvale Thicket,person,person,0.8763
2026-08-03,21:31:51,Misty Creek Grove,person,person,0.7476
2026-08-03,21:31:52,North Ridge Forest,person,person,0.7981
2026-08-03,21:32:04,Greywood Edge,cat,cat,0.5238
2026-08-03,21:32:05,North Ridge Forest,cat,cat,0.5181
2026-08-03,21:32:06,Fernvale Thicket,elephant,elephant,0.5364
2026-08-03,21:32:06,Greywood Edge,sheep,sheep,0.5364
2026-08-03,21:32:07,Pine Hollow Zone,sheep,sheep,0.6442
2026-08-03,21:32:07,Fernvale Thicket,bear,bear,0.4734
2026-08-03,21:32:08,Misty Creek Grove,cow,cow,0.5249
2026-08-03,21:32:08,Greywood Edge,elephant,elephant,0.4814
2026-08-03,21:32:08,Pine Hollow Zone,elephant,elephant,0.6719
2026-08-03,21:32:10,Misty Creek Grove,cat,cat,0.4858
2026-08-03,21:32:10,Elderleaf Basin,sheep,sheep,0.475
2026-08-03,21:32:10,Fernvale Thicket,sheep,sheep,0.6673
2026-08-03,21:32:11,Misty Creek Grove,sheep,sheep,0.6889
2026-08-03,21:32:12,Pine Hollow Zone,sheep,sheep,0.5352
2026-08-03,21:32:12,Misty Creek Grove,sheep,sheep,0.6604
2026-08-03,21:32:13,Elderleaf Basin,sheep,sheep,0.7986
2026-08-03,21:32:14,Fernvale Thicket,person,person,0.5586
2026-08-03,21:32:14,Fernvale Thicket,bear,bear,0.46
2026-08-03,21:32:14,Fernvale Thicket,elephant,elephant,0.6983
2026-08-03,21:32:14,Pine Hollow Zone,person,person,0.605
2026-08-03,21:32:14,Pine Hollow Zone,person,person,0.5905
2026-08-03,21:32:15,Greywood Edge,person,person,0.4598
2026-08-03,21:32:15,North Ridge Forest,person,person,0.6445
2026-08-03,21:32:15,North Ridge Forest,person,person,0.4555
2026-08-03,21:32:16,Greywood Edge,person,person,0.5272
2026-08-03,21:32:16,Fernvale Thicket,bear,bear,0.5318
2026-08-03,21:32:17,North Ridge Forest,cow,cow,0.7766
2026-08-03,21:32:17,North Ridge Forest,elephant,elephant,0.5345
2026-08-03,21:32:17,Misty Creek Grove,cow,cow,0.7365
2026-08-03,21:32:18,Pine Hollow Zone,cow,cow,0.4619
2026-08-03,21:32:18,Greywood Edge,cow,cow,0.8166
2026-08-03,21:32:19,Misty Creek Grove,cow,cow,0.5061
2026-08-03,21:32:20,Pine Hollow Zone,cow,cow,0.4692
2026-08-03,21:32:21,Elderleaf Basin,cow,cow,0.8306
2026-08-03,21:32:21,North Ridge Forest,elephant,elephant,0.8008
2026-08-03,21:32:23,Fernvale Thicket,person,person,0.6009
2026-08-03,21:32:23,Misty Creek Grove,person,person,0.4906
2026-08-03,21:34:13,Greywood Edge,cat,cat,0.7366
2026-08-03,21:34:13,Elderleaf Basin,cat,cat,0.6196
2026-08-03,21:34:13,Elderleaf Basin,cat,cat,0.7804
2026-08-03,21:34:13,North Ridge Forest,cat,cat,0.767
2026-08-03,21:34:15,Greywood Edge,person,person,0.6642
2026-08-03,21:34:15,Fernvale Thicket,bear,bear,0.9047
2026-08-03,21:34:16,Greywood Edge,bear,bear,0.9411
2026-08-03,21:34:16,Elderleaf Basin,bear,bear,0.4645
2026-08-03,21:34:17,Elderleaf Basin,bear,bear,0.9502
2026-08-03,21:34:17,Elderleaf Basin,bear,bear,0.9269
2026-08-03,21:34:17,Fernvale Thicket,bear,bear,0.9501
2026-08-03,21:34:18,Elderleaf Basin,bear,bear,0.9268
2026-08-03,21:34:18,Pine Hollow Zone,bear,bear,0.9331
2026-08-03,21:34:19,Fernvale Thicket,bear,bear,0.9453
2026-08-03,21:34:19,North Ridge Forest,bear,bear,0.9469
2026-08-03,21:34:19,Elderleaf Basin,bear,bear,0.9552
2026-08-03,21:34:20,Misty Creek Grove,bear,bear,0.9561
2026-08-03,21:34:20,Elderleaf Basin,bear,bear,0.9562
2026-08-03,21:34:21,Fernvale Thicket,bear,bear,0.9632
2026-08-03,21:34:21,Misty Creek Grove,bear,bear,0.9454
2026-08-03,21:34:22,North Ridge Forest,bear,bear,0.9482
2026-08-03,21:34:22,Misty Creek Grove,bear,bear,0.9112
2026-08-03,21:34:22,Greywood Edge,bear,bear,0.9213
2026-08-03,21:34:23,Misty Creek Grove,bear,bear,0.9321
2026-08-03,21:34:23,Misty Creek Grove,bear,bear,0.9538
2026-08-03,21:34:24,Misty Creek Grove,bear,bear,0.9482
2026-08-03,21:34:24,North Ridge Forest,bear,bear,0.911
2026-08-03,21:34:24,Elderleaf Basin,bear,bear,0.9024
2026-08-03,21:34:25,North Ridge Forest,bear,bear,0.9039
2026-08-03,21:34:25,North Ridge Forest,bear,bear,0.9317
2026-08-03,21:34:26,Pine Hollow Zone,bear,bear,0.9408
2026-08-03,21:34:26,Pine Hollow Zone,bear,bear,0.9369
2026-08-03,21:34:26,Pine Hollow Zone,bear,bear,0.8954
2026-08-03,21:34:27,North Ridge Forest,bear,bear,0.7684
2026-08-03,21:34:27,Fernvale Thicket,bear,bear,0.9495
2026-08-03,21:34:28,Misty Creek Grove,bear,bear,0.89
2026-08-03,21:34:28,North Ridge Forest,bear,bear,0.9498
2026-08-03,21:34:28,Greywood Edge,bear,bear,0.8967
2026-08-03,21:34:29,Misty Creek Grove,bear,bear,0.9563
2026-08-03,21:34:29,Misty Creek Grove,bear,bear,0.9478
2026-08-03,21:34:30,Elderleaf Basin,bear,bear,0.9241
2026-08-03,21:34:30,Pine Hollow Zone,bear,bear,0.9171
2026-08-03,21:34:30,Elderleaf Basin,bear,bear,0.934
2026-08-03,21:34:31,Greywood Edge,bear,bear,0.9118
2026-08-03,21:34:31,Fernvale Thicket,bear,bear,0.886
2026-08-03,21:34:32,North Ridge Forest,bear,bear,0.7797
2026-08-03,21:34:32,Fernvale Thicket,bear,bear,0.9429
2026-08-03,21:34:32,Elderleaf Basin,bear,bear,0.897
2026-08-03,21:34:33,Greywood Edge,bear,bear,0.9232
2026-08-03,21:34:33,North Ridge Forest,bear,bear,0.8717
2026-08-03,21:34:34,North Ridge Forest,bear,bear,0.9222
2026-08-03,21:34:34,Misty Creek Grove,bear,bear,0.8942
2026-08-03,21:34:34,Fernvale Thicket,bear,bear,0.9239
2026-08-03,21:34:35,Greywood Edge,bear,bear,0.7621
2026-08-03,21:34:35,North Ridge Forest,bear,bear,0.9456
2026-08-03,21:34:36,Fernvale Thicket,bear,bear,0.9338
2026-08-03,21:34:36,North Ridge Forest,bear,bear,0.9487
2026-08-03,21:34:37,Greywood Edge,bear,bear,0.9011
2026-08-03,21:34:37,North Ridge Forest,bear,bear,0.7569
2026-08-03,21:34:38,Fernvale Thicket,bear,bear,0.8858
2026-08-03,21:34:38,Fernvale Thicket,bear,bear,0.8715
2026-08-03,21:34:38,Elderleaf Basin,bear,bear,0.9442
2026-08-03,21:34:39,Fernvale Thicket,bear,bear,0.9301
2026-08-03,21:34:39,Misty Creek Grove,bear,bear,0.9066
2026-08-03,21:34:40,Pine Hollow Zone,bear,bear,0.9469
2026-08-03,21:34:40,Elderleaf Basin,bear,bear,0.9361
2026-08-03,21:34:41,Greywood Edge,bear,bear,0.907
2026-08-03,21:34:41,Pine Hollow Zone,bear,bear,0.9272
2026-08-03,21:34:41,Misty Creek Grove,bear,bear,0.9625
2026-08-03,21:34:42,Elderleaf Basin,bear,bear,0.9526
2026-08-03,21:34:58,Greywood Edge,bear,bear,0.4892
2026-08-03,21:34:59,Greywood Edge,person,person,0.6168
2026-08-03,21:35:01,Misty Creek Grove,bear,bear,0.743
2026-08-03,21:35:01,Fernvale Thicket,person,person,0.5118
2026-08-03,21:35:02,Fernvale Thicket,bear,bear,0.5472
2026-08-03,21:35:03,Pine Hollow Zone,bear,bear,0.5575
2026-08-03,21:35:03,Fernvale Thicket,cow,cow,0.4538
2026-08-03,21:35:03,Elderleaf Basin,bear,bear,0.5198
2026-08-03,21:35:05,Fernvale Thicket,bear,bear,0.6733
2026-08-03,21:35:05,Pine Hollow Zone,elephant,elephant,0.5005
2026-08-03,21:35:05,Fernvale Thicket,bear,bear,0.5004
2026-08-03,21:35:05,North Ridge Forest,bear,bear,0.7891
2026-08-03,21:35:06,Pine Hollow Zone,bear,bear,0.5359
2026-08-03,21:35:06,Greywood Edge,bear,bear,0.4758
2026-08-03,21:35:08,Greywood Edge,cow,cow,0.5854
2026-08-03,21:35:09,North Ridge Forest,cow,cow,0.5022
2026-08-03,21:35:09,Fernvale Thicket,bear,bear,0.8612
2026-08-03,21:35:09,North Ridge Forest,bear,bear,0.9463
2026-08-03,21:35:10,Misty Creek Grove,bear,bear,0.6252
2026-08-03,21:35:12,Greywood Edge,person,person,0.6213
2026-08-03,21:35:12,Pine Hollow Zone,person,person,0.6938
2026-08-03,21:35:13,Greywood Edge,person,person,0.4565
2026-08-03,21:35:14,Greywood Edge,person,person,0.4813
2026-08-03,21:35:14,Fernvale Thicket,bear,bear,0.8549
2026-08-03,21:35:15,Fernvale Thicket,cow,cow,0.7112
2026-08-03,21:35:15,Fernvale Thicket,cow,cow,0.6299
2026-08-03,21:35:15,Elderleaf Basin,cow,cow,0.485
2026-08-03,21:35:15,North Ridge Forest,bear,bear,0.5201
2026-08-03,21:35:15,North Ridge Forest,elephant,elephant,0.4801
2026-08-03,21:35:17,Misty Creek Grove,cow,cow,0.6262
2026-08-03,21:35:17,Greywood Edge,cow,cow,0.4516
2026-08-03,21:35:18,Pine Hollow Zone,bear,bear,0.7274
2026-08-03,21:35:18,Fernvale Thicket,person,person,0.5966
2026-08-03,21:35:18,Pine Hollow Zone,person,person,0.6362
2026-08-03,21:35:18,Misty Creek Grove,person,person,0.5254
2026-08-03,21:35:20,Pine Hollow Zone,person,person,0.5309
2026-08-03,21:35:20,Elderleaf Basin,person,person,0.4556
2026-08-03,21:35:27,North Ridge Forest,person,person,0.7728
2026-08-03,21:35:27,Pine Hollow Zone,bear,bear,0.4924
2026-08-03,21:35:28,Greywood Edge,person,person,0.9023
2026-08-03,21:35:28,Greywood Edge,bear,bear,0.5144
2026-08-03,21:35:28,Fernvale Thicket,person,person,0.741
2026-08-03,21:35:28,Fernvale Thicket,person,person,0.8929
2026-08-03,21:35:29,Greywood Edge,person,person,0.8079
2026-08-03,21:35:29,Misty Creek Grove,bear,bear,0.4955
2026-08-03,21:35:29,Fernvale Thicket,person,person,0.9173
2026-08-03,21:35:30,Misty Creek Grove,bear,bear,0.8032
2026-08-03,21:35:30,Fernvale Thicket,person,person,0.5809
2026-08-03,21:35:30,Elderleaf Basin,bear,bear,0.9081
2026-08-03,21:35:30,North Ridge Forest,person,person,0.6669
2026-08-03,21:35:31,Pine Hollow Zone,bear,bear,0.7194
2026-08-03,21:35:36,Greywood Edge,person,person,0.6095
2026-08-03,21:35:37,Misty Creek Grove,person,person,0.857
2026-08-03,21:35:37,Fernvale Thicket,person,person,0.9068
2026-08-03,21:35:37,North Ridge Forest,person,person,0.8994
2026-08-03,21:35:38,Elderleaf Basin,person,person,0.8701
2026-08-03,21:35:40,Misty Creek Grove,cat,cat,0.5283
2026-08-03,21:36:17,North Ridge Forest,cat,cat,0.477
2026-08-03,21:36:18,North Ridge Forest,cat,cat,0.78
2026-08-03,21:36:18,Misty Creek Grove,cat,cat,0.4972
2026-08-03,21:36:18,Fernvale Thicket,cat,cat,0.6475
2026-08-03,21:36:18,Fernvale Thicket,cat,cat,0.4965
2026-08-03,21:36:18,Elderleaf Basin,cat,cat,0.6232
2026-08-03,21:36:19,Fernvale Thicket,cat,cat,0.4522
2026-08-03,21:36:20,Fernvale Thicket,cat,cat,0.4723
2026-08-03,21:36:20,Greywood Edge,cat,cat,0.5344
2026-08-03,21:36:20,North Ridge Forest,cat,cat,0.4516
2026-08-03,21:36:21,Pine Hollow Zone,person,person,0.7396
2026-08-03,21:36:21,Misty Creek Grove,person,person,0.5938
2026-08-03,21:36:22,Misty Creek Grove,cat,cat,0.4526
2026-08-03,21:36:22,Elderleaf Basin,person,person,0.5604
2026-08-03,21:36:23,Misty Creek Grove,person,person,0.4841
2026-08-03,21:36:23,Misty Creek Grove,person,person,0.5643
2026-08-03,21:36:24,Pine Hollow Zone,person,person,0.696
2026-08-03,21:36:24,Pine Hollow Zone,person,person,0.6932
2026-08-03,21:36:25,Misty Creek Grove,person,person,0.69
2026-08-03,21:36:25,Misty Creek Grove,person,person,0.6582
2026-08-03,21:36:25,Pine Hollow Zone,person,person,0.6618
2026-08-03,21:36:26,Greywood Edge,person,person,0.6629
2026-08-03,21:36:26,Misty Creek Grove,person,person,0.6632
2026-08-03,21:36:27,Pine Hollow Zone,person,person,0.6959
2026-08-03,21:36:27,Pine Hollow Zone,person,person,0.6824
2026-08-03,21:36:27,Fernvale Thicket,person,person,0.6839
2026-08-03,21:36:28,Misty Creek Grove,person,person,0.6151
2026-08-03,21:36:28,Greywood Edge,person,person,0.6655
2026-08-03,21:36:28,Elderleaf Basin,person,person,0.6056
2026-08-03,21:36:29,Greywood Edge,person,person,0.6503
2026-08-03,21:36:29,Fernvale Thicket,person,person,0.5913
2026-08-03,21:36:29,North Ridge Forest,person,person,0.6667
2026-08-03,21:36:30,Elderleaf Basin,person,person,0.6598
2026-08-03,21:36:30,Misty Creek Grove,person,person,0.7392
2026-08-03,21:36:30,Elderleaf Basin,person,person,0.7947
2026-08-03,21:36:31,Fernvale Thicket,person,person,0.7193
2026-08-03,21:36:31,North Ridge Forest,person,person,0.7934
2026-08-03,21:36:31,Elderleaf Basin,person,person,0.7925
2026-08-03,21:36:32,Greywood Edge,person,person,0.8016
2026-08-03,21:36:32,Pine Hollow Zone,person,person,0.769
2026-08-03,21:36:33,North Ridge Forest,person,person,0.6933
2026-08-03,21:36:33,North Ridge Forest,person,person,0.6413
2026-08-03,21:38:03,North Ridge Forest,cat,cat,0.4666
2026-08-03,21:38:03,Elderleaf Basin,cat,cat,0.5687
2026-08-03,21:38:04,Fernvale Thicket,person,person,0.5956
2026-08-03,21:38:05,Pine Hollow Zone,dog,dog,0.5886
2026-08-03,21:38:06,North Ridge Forest,person,person,0.4738
2026-08-03,21:38:06,North Ridge Forest,dog,dog,0.8116
2026-08-03,21:38:07,Fernvale Thicket,dog,dog,0.8362
2026-08-03,21:38:08,Fernvale Thicket,sheep,sheep,0.4942
2026-08-03,21:38:08,North Ridge Forest,dog,dog,0.532
2026-08-03,21:38:09,Pine Hollow Zone,person,person,0.569
2026-08-03,21:38:09,Misty Creek Grove,person,person,0.5142
2026-08-03,21:38:09,North Ridge Forest,sheep,sheep,0.892
2026-08-03,21:38:10,Misty Creek Grove,dog,dog,0.5827
2026-08-03,21:38:10,Pine Hollow Zone,person,person,0.5778
2026-08-03,21:38:10,Pine Hollow Zone,person,person,0.5117
2026-08-03,21:38:10,Misty Creek Grove,person,person,0.4894
2026-08-03,21:38:10,Elderleaf Basin,person,person,0.5993
2026-08-03,21:38:10,Elderleaf Basin,dog,dog,0.5065
2026-08-03,21:38:10,Fernvale Thicket,person,person,0.4717
2026-08-03,21:38:10,Misty Creek Grove,cat,cat,0.4606
2026-08-03,21:38:11,Elderleaf Basin,sheep,sheep,0.8318
2026-08-03,21:38:11,Greywood Edge,sheep,sheep,0.5437
2026-08-03,21:38:11,Pine Hollow Zone,bird,bird,0.6236
2026-08-03,21:38:12,Fernvale Thicket,bird,bird,0.5676
2026-08-03,21:38:13,Fernvale Thicket,dog,dog,0.7188
2026-08-03,21:38:13,Fernvale Thicket,dog,dog,0.6216
2026-08-03,21:38:14,Greywood Edge,bird,bird,0.6861
2026-08-03,21:38:14,Pine Hollow Zone,horse,horse,0.8878
2026-08-03,21:38:15,North Ridge Forest,dog,dog,0.4733
2026-08-03,21:38:15,Elderleaf Basin,horse,horse,0.8612
2026-08-03,21:38:16,Greywood Edge,horse,horse,0.5173
2026-08-03,21:38:16,Fernvale Thicket,dog,dog,0.6582
2026-08-03,21:38:16,Greywood Edge,dog,dog,0.6448
2026-08-03,21:38:17,North Ridge Forest,dog,dog,0.547
2026-08-03,21:38:17,Misty Creek Grove,dog,dog,0.6417
2026-08-03,21:38:18,Greywood Edge,dog,dog,0.595
2026-08-03,21:38:18,North Ridge Forest,person,person,0.5227
2026-08-03,21:38:18,Greywood Edge,horse,horse,0.5969
2026-08-03,21:38:18,North Ridge Forest,horse,horse,0.6429
2026-08-03,21:38:19,North Ridge Forest,bird,bird,0.4862
2026-08-03,21:38:19,North Ridge Forest,horse,horse,0.6504
2026-08-03,21:38:21,North Ridge Forest,bird,bird,0.4864
2026-08-03,21:38:23,North Ridge Forest,cat,cat,0.5544
2026-08-03,21:38:23,Elderleaf Basin,cat,cat,0.51
2026-08-03,21:38:24,Greywood Edge,cat,cat,0.5621
2026-08-03,21:38:25,Pine Hollow Zone,person,person,0.5032
2026-08-03,21:38:26,Pine Hollow Zone,cat,cat,0.4597
2026-08-03,21:38:27,North Ridge Forest,horse,horse,0.8729
2026-08-03,21:38:27,Misty Creek Grove,horse,horse,0.8877
2026-08-03,21:38:27,Pine Hollow Zone,horse,horse,0.9011
2026-08-03,21:38:28,North Ridge Forest,horse,horse,0.8689
2026-08-03,21:38:28,Pine Hollow Zone,horse,horse,0.8457
2026-08-03,21:38:29,Elderleaf Basin,horse,horse,0.8081
2026-08-03,21:38:29,Elderleaf Basin,horse,horse,0.8987
2026-08-03,21:38:29,Elderleaf Basin,horse,horse,0.8543
2026-08-03,21:38:30,Misty Creek Grove,horse,horse,0.8839
2026-08-03,21:38:30,Elderleaf Basin,horse,horse,0.8947
2026-08-03,21:38:31,Elderleaf Basin,horse,horse,0.9057
2026-08-03,21:38:31,Pine Hollow Zone,horse,horse,0.9142
2026-08-03,21:38:31,Elderleaf Basin,horse,horse,0.8996
2026-08-03,21:38:32,Misty Creek Grove,horse,horse,0.8732
2026-08-03,21:38:32,Pine Hollow Zone,horse,horse,0.8857
2026-08-03,21:38:33,Misty Creek Grove,horse,horse,0.9384
2026-08-03,21:38:33,Fernvale Thicket,horse,horse,0.9171
2026-08-03,21:38:33,Elderleaf Basin,horse,horse,0.8709
2026-08-03,21:38:36,Pine Hollow Zone,cat,cat,0.4866
2026-08-03,21:38:37,Fernvale Thicket,cat,cat,0.481
2026-08-03,21:38:38,North Ridge Forest,cat,cat,0.5109
2026-08-03,21:38:38,Elderleaf Basin,cat,cat,0.4668
2026-08-03,21:38:39,Pine Hollow Zone,cat,cat,0.5155
2026-08-03,21:38:40,Pine Hollow Zone,horse,horse,0.8752
2026-08-03,21:38:40,Elderleaf Basin,horse,horse,0.9151
2026-08-03,21:38:40,North Ridge Forest,horse,horse,0.9203
2026-08-03,21:38:40,Fernvale Thicket,person,person,0.8512
2026-08-03,21:38:41,Pine Hollow Zone,horse,horse,0.8978
2026-08-03,21:38:41,Fernvale Thicket,person,person,0.835
2026-08-03,21:38:41,Misty Creek Grove,horse,horse,0.9277
2026-08-03,21:38:41,Elderleaf Basin,person,person,0.8458
2026-08-03,21:38:42,Elderleaf Basin,horse,horse,0.9318
2026-08-03,21:38:42,North Ridge Forest,person,person,0.7771
2026-08-03,21:38:42,Misty Creek Grove,horse,horse,0.8943
2026-08-03,21:38:42,Pine Hollow Zone,person,person,0.735
2026-08-03,21:38:42,Fernvale Thicket,horse,horse,0.9178
2026-08-03,21:38:42,Greywood Edge,person,person,0.7451
2026-08-03,21:38:43,Pine Hollow Zone,horse,horse,0.9268
2026-08-03,21:38:43,Misty Creek Grove,person,person,0.7659
2026-08-03,21:38:43,Elderleaf Basin,horse,horse,0.8241
2026-08-03,21:38:43,Greywood Edge,person,person,0.7154
2026-08-03,21:38:44,Misty Creek Grove,horse,horse,0.8512
2026-08-03,21:38:44,Elderleaf Basin,person,person,0.6659
2026-08-03,21:38:44,Fernvale Thicket,person,person,0.469
2026-08-03,21:38:52,Fernvale Thicket,horse,horse,0.5377
2026-08-03,21:38:52,Misty Creek Grove,person,person,0.4653
2026-08-03,21:38:52,Pine Hollow Zone,horse,horse,0.5633
2026-08-03,21:38:53,Greywood Edge,horse,horse,0.7913
2026-08-03,21:38:53,Greywood Edge,horse,horse,0.8057
2026-08-03,21:38:54,Elderleaf Basin,horse,horse,0.5429
2026-08-03,21:38:54,Fernvale Thicket,elephant,elephant,0.5077
2026-08-03,21:38:54,Misty Creek Grove,horse,horse,0.759
2026-08-03,21:38:55,Fernvale Thicket,horse,horse,0.5651
2026-08-03,21:38:55,Greywood Edge,horse,horse,0.4936
2026-08-03,21:38:56,Pine Hollow Zone,horse,horse,0.8963
2026-08-03,21:38:56,Pine Hollow Zone,person,person,0.5348
2026-08-03,21:38:56,Elderleaf Basin,horse,horse,0.9343
2026-08-03,21:38:56,Elderleaf Basin,person,person,0.5583
2026-08-03,21:38:56,Pine Hollow Zone,horse,horse,0.8997
2026-08-03,21:38:56,Greywood Edge,person,person,0.6561
2026-08-03,21:38:57,Pine Hollow Zone,horse,horse,0.9268
2026-08-03,21:38:57,Fernvale Thicket,person,person,0.6887
2026-08-03,21:38:57,Fernvale Thicket,horse,horse,0.9278
2026-08-03,21:38:57,Elderleaf Basin,person,person,0.5738
2026-08-03,21:38:58,Fernvale Thicket,horse,horse,0.9275
2026-08-03,21:38:58,Fernvale Thicket,person,person,0.517
2026-08-03,21:38:58,Misty Creek Grove,horse,horse,0.7494
2026-08-03,21:38:58,Misty Creek Grove,horse,horse,0.6057
2026-08-03,21:38:59,Fernvale Thicket,horse,horse,0.5076
2026-08-03,21:39:00,Greywood Edge,cat,cat,0.7535
2026-08-03,21:39:00,North Ridge Forest,cat,cat,0.5131
2026-08-03,21:39:01,Elderleaf Basin,cat,cat,0.5385
2026-08-03,21:39:01,North Ridge Forest,cat,cat,0.6614
2026-08-03,21:39:01,Pine Hollow Zone,person,person,0.5118
2026-08-03,21:39:02,North Ridge Forest,person,person,0.6887
2026-08-03,21:39:02,Misty Creek Grove,cat,cat,0.5292
2026-08-03,21:39:02,Elderleaf Basin,cat,cat,0.5098
2026-08-03,21:39:03,Elderleaf Basin,cat,cat,0.5353
2026-08-03,21:39:03,Elderleaf Basin,cat,cat,0.4668
2026-08-03,21:41:01,Pine Hollow Zone,person,person,0.4655
2026-08-03,21:41:02,Elderleaf Basin,person,person,0.5151
2026-08-03,21:41:02,North Ridge Forest,person,person,0.6128
2026-08-03,21:41:03,Elderleaf Basin,person,person,0.5401
2026-08-03,21:41:03,Elderleaf Basin,person,person,0.5752
2026-08-03,21:41:04,Misty Creek Grove,person,person,0.6182
2026-08-03,21:41:04,Pine Hollow Zone,person,person,0.6383
2026-08-03,21:41:05,Elderleaf Basin,person,person,0.5421
2026-08-03,21:41:05,Fernvale Thicket,person,person,0.4761
2026-08-03,21:41:06,Pine Hollow Zone,person,person,0.4726
2026-08-03,21:41:06,Misty Creek Grove,person,person,0.5625
2026-08-03,21:41:07,Misty Creek Grove,person,person,0.5092
2026-08-03,21:41:07,Elderleaf Basin,person,person,0.5548
2026-08-03,21:41:07,Greywood Edge,person,person,0.5759
2026-08-03,21:41:08,Pine Hollow Zone,person,person,0.4946
2026-08-03,21:41:08,North Ridge Forest,person,person,0.5703
2026-08-04,13:30:01,North Ridge Forest,person,person,0.8438
2026-08-04,13:30:01,Misty Creek Grove,person,person,0.5982
2026-08-04,13:30:02,Greywood Edge,person,person,0.7624
2026-08-04,13:30:02,Misty Creek Grove,person,person,0.5383
2026-08-04,13:30:02,Elderleaf Basin,person,person,0.8196
2026-08-04,13:30:02,Greywood Edge,person,person,0.4549
2026-08-04,13:30:03,Misty Creek Grove,person,person,0.7596
2026-08-04,13:30:03,Misty Creek Grove,person,person,0.8335
2026-08-04,13:30:04,Greywood Edge,person,person,0.8049
2026-08-04,13:30:04,Greywood Edge,person,person,0.4873
2026-08-04,13:30:05,Elderleaf Basin,person,person,0.7664
2026-08-04,13:30:05,Misty Creek Grove,person,person,0.789
2026-08-04,13:30:06,Greywood Edge,person,person,0.7965
2026-08-04,13:30:06,Fernvale Thicket,person,person,0.7976
2026-08-04,13:30:07,North Ridge Forest,person,person,0.8094
2026-08-04,13:30:07,North Ridge Forest,person,person,0.8335
2026-08-04,13:30:08,North Ridge Forest,person,person,0.8753
2026-08-04,13:30:08,Fernvale Thicket,person,person,0.4721
2026-08-04,13:30:08,Greywood Edge,person,person,0.8527
2026-08-04,13:30:09,North Ridge Forest,person,person,0.8496
2026-08-04,13:30:09,Pine Hollow Zone,person,person,0.8162
2026-08-04,13:31:23,Elderleaf Basin,person,person,0.7324
2026-08-04,13:31:23,Misty Creek Grove,person,person,0.4773
2026-08-04,13:31:24,Misty Creek Grove,person,person,0.7108
2026-08-04,13:31:24,Elderleaf Basin,person,person,0.5992
2026-08-04,13:31:24,Pine Hollow Zone,person,person,0.7324
2026-08-04,13:31:24,Misty Creek Grove,person,person,0.5745
2026-08-04,13:31:25,Elderleaf Basin,person,person,0.7632
2026-08-04,13:31:25,North Ridge Forest,person,person,0.6494
2026-08-04,13:31:25,Misty Creek Grove,person,person,0.7772
2026-08-04,13:31:25,Pine Hollow Zone,person,person,0.6691
2026-08-04,13:31:26,Elderleaf Basin,person,person,0.7438
2026-08-04,13:31:26,Elderleaf Basin,person,person,0.621
2026-08-04,13:31:26,Elderleaf Basin,person,person,0.7702
2026-08-04,13:31:26,Pine Hollow Zone,person,person,0.6385
2026-08-04,13:31:26,Fernvale Thicket,person,person,0.7812
2026-08-04,13:31:26,Greywood Edge,person,person,0.7063
2026-08-04,13:31:27,Fernvale Thicket,person,person,0.8023
2026-08-04,13:31:27,Pine Hollow Zone,person,person,0.5599
2026-08-04,13:31:27,North Ridge Forest,person,person,0.7938
2026-08-04,13:31:27,North Ridge Forest,person,person,0.6092
2026-08-04,13:31:28,Greywood Edge,person,person,0.7721
2026-08-04,13:31:28,Greywood Edge,person,person,0.7903
2026-08-04,13:31:28,Pine Hollow Zone,person,person,0.651
2026-08-04,13:31:29,Greywood Edge,person,person,0.7719
2026-08-04,13:31:29,Greywood Edge,person,person,0.5983
2026-08-04,13:31:29,Fernvale Thicket,person,person,0.7916
2026-08-04,13:31:29,North Ridge Forest,person,person,0.6128
2026-08-04,14:24:21,Pine Hollow Zone,person,person,0.8432
2026-08-04,14:24:21,Pine Hollow Zone,person,person,0.833
2026-08-04,14:24:25,Greywood Edge,person,person,0.8199
2026-08-04,14:24:30,North Ridge Forest,person,person,0.8563
2026-08-04,14:24:35,Misty Creek Grove,person,person,0.821
2026-08-04,14:24:53,North Ridge Forest,person,person,0.8224
2026-08-04,14:24:54,Fernvale Thicket,person,person,0.8242
2026-08-04,14:24:58,Pine Hollow Zone,person,person,0.6915
2026-08-04,14:25:03,Pine Hollow Zone,person,person,0.626
2026-08-04,14:25:08,Misty Creek Grove,person,person,0.7176
2026-08-04,14:25:12,Elderleaf Basin,person,person,0.5949
2026-08-04,14:25:16,Fernvale Thicket,person,person,0.6124
2026-08-04,14:25:20,Pine Hollow Zone,person,person,0.5686
2026-08-04,14:25:41,North Ridge Forest,person,person,0.7396
2026-08-04,14:25:45,Pine Hollow Zone,person,person,0.5189
2026-08-04,14:25:49,Fernvale Thicket,person,person,0.8224
2026-08-04,14:25:54,Elderleaf Basin,person,person,0.7092
2026-08-04,14:25:58,Misty Creek Grove,person,person,0.7599
2026-08-04,14:26:03,Elderleaf Basin,person,person,0.7754
2026-08-04,14:26:08,Fernvale Thicket,person,person,0.7599
2026-08-04,14:26:13,Pine Hollow Zone,person,person,0.75
2026-08-04,14:26:32,Misty Creek Grove,person,person,0.7309
2026-08-04,14:26:32,Pine Hollow Zone,person,person,0.749
2026-08-04,14:26:37,Pine Hollow Zone,person,person,0.5329
2026-08-04,14:26:42,Fernvale Thicket,person,person,0.4713
2026-08-04,14:26:46,Greywood Edge,person,person,0.4621
2026-08-04,14:26:51,North Ridge Forest,person,person,0.7948
2026-08-04,14:28:46,Fernvale Thicket,person,person,0.8204
2026-08-04,14:28:46,North Ridge Forest,person,person,0.8254
2026-08-04,14:28:57,Misty Creek Grove,person,person,0.8762
2026-08-04,14:29:38,Misty Creek Grove,person,person,0.8417
2026-08-04,14:29:53,North Ridge Forest,person,person,0.7137
2026-08-04,14:29:57,Greywood Edge,person,person,0.7084
2026-08-04,14:30:01,Greywood Edge,person,person,0.7279
2026-08-04,14:30:05,Misty Creek Grove,person,person,0.704
2026-08-04,14:30:10,North Ridge Forest,person,person,0.7944
2026-08-04,14:30:14,North Ridge Forest,person,person,0.8247
2026-08-04,14:30:19,Fernvale Thicket,person,person,0.7009
2026-08-04,14:30:23,North Ridge Forest,person,person,0.4836
2026-08-04,14:30:28,Fernvale Thicket,person,person,0.6475
2026-08-04,14:30:34,Pine Hollow Zone,person,person,0.5745
2026-08-04,14:30:38,Greywood Edge,person,person,0.6624
2026-08-04,14:30:43,North Ridge Forest,person,person,0.6198
2026-08-04,14:30:47,Greywood Edge,person,person,0.7128
2026-08-04,14:30:51,Misty Creek Grove,person,person,0.7225
2026-08-04,14:30:56,Elderleaf Basin,person,person,0.8325
2026-08-04,14:31:00,North Ridge Forest,person,person,0.6689
2026-08-04,14:31:15,Pine Hollow Zone,person,person,0.8483
2026-08-04,14:31:19,Elderleaf Basin,person,person,0.7302
2026-08-04,14:31:22,Elderleaf Basin,person,person,0.8455
2026-08-04,14:31:27,Greywood Edge,person,person,0.4693
2026-08-04,14:31:30,Elderleaf Basin,person,person,0.7292
2026-08-04,14:31:35,Fernvale Thicket,person,person,0.8831
2026-08-04,14:31:39,Pine Hollow Zone,person,person,0.8132
2026-08-04,14:31:42,Pine Hollow Zone,person,person,0.8069
2026-08-04,14:31:46,Fernvale Thicket,person,person,0.8021
2026-08-04,14:31:51,Pine Hollow Zone,person,person,0.6833
2026-08-04,14:31:55,Elderleaf Basin,person,person,0.4884
2026-08-04,14:32:00,North Ridge Forest,person,person,0.661
2026-08-04,14:32:03,Misty Creek Grove,person,person,0.7581
2026-08-04,14:32:08,Greywood Edge,person,person,0.7225
2026-08-04,14:32:12,Fernvale Thicket,person,person,0.799
2026-08-04,14:32:16,Fernvale Thicket,person,person,0.7603
2026-08-04,14:32:20,Pine Hollow Zone,person,person,0.6923
2026-08-04,14:32:25,Greywood Edge,person,person,0.6199
2026-08-04,14:32:29,Fernvale Thicket,person,person,0.6097
2026-08-04,14:32:34,North Ridge Forest,person,person,0.4983
2026-08-04,14:32:38,North Ridge Forest,person,person,0.6186
2026-08-04,14:32:43,Fernvale Thicket,person,person,0.51
2026-08-04,14:32:47,North Ridge Forest,person,person,0.6658
2026-08-04,14:32:51,Greywood Edge,person,person,0.5307
2026-08-04,14:32:55,Misty Creek Grove,person,person,0.8966
2026-08-04,14:32:59,Greywood Edge,person,person,0.745
2026-08-04,14:35:30,North Ridge Forest,person,person,0.5985
2026-08-04,14:35:31,Elderleaf Basin,person,person,0.5781
2026-08-04,14:35:31,Pine Hollow Zone,person,person,0.6685
2026-08-04,14:35:32,North Ridge Forest,person,person,0.7088
2026-08-04,14:35:32,Fernvale Thicket,person,person,0.5032
2026-08-04,14:35:32,Pine Hollow Zone,person,person,0.696
2026-08-04,14:35:33,Fernvale Thicket,person,person,0.7115
2026-08-04,14:35:33,Pine Hollow Zone,person,person,0.716
2026-08-04,14:35:34,Misty Creek Grove,person,person,0.7243
2026-08-04,14:35:34,Greywood Edge,person,person,0.7047
2026-08-04,14:35:35,Elderleaf Basin,person,person,0.6922
2026-08-04,14:35:35,Misty Creek Grove,person,person,0.6594
2026-08-04,14:35:35,Fernvale Thicket,person,person,0.7969
2026-08-04,14:35:36,North Ridge Forest,person,person,0.793
2026-08-04,14:35:36,Misty Creek Grove,person,person,0.7793
2026-08-04,14:35:36,Pine Hollow Zone,person,person,0.7731
2026-08-04,14:35:37,North Ridge Forest,person,person,0.7543
2026-08-04,14:35:37,Pine Hollow Zone,person,person,0.6756
2026-08-04,14:35:38,Pine Hollow Zone,person,person,0.7341
2026-08-04,14:35:38,Elderleaf Basin,person,person,0.7553
2026-08-04,14:35:39,Pine Hollow Zone,person,person,0.774
2026-08-04,14:35:39,Fernvale Thicket,person,person,0.7334
2026-08-04,14:35:40,Greywood Edge,person,person,0.7376
2026-08-04,14:35:40,Fernvale Thicket,person,person,0.7597
2026-08-04,14:35:41,Greywood Edge,person,person,0.7503
2026-08-04,14:35:41,Pine Hollow Zone,person,person,0.7176
2026-08-04,14:35:42,Misty Creek Grove,person,person,0.7503
2026-08-04,14:35:42,Elderleaf Basin,person,person,0.726
2026-08-04,14:35:43,Greywood Edge,person,person,0.7596
2026-08-04,14:35:43,Elderleaf Basin,person,person,0.7742
2026-08-04,14:35:44,Pine Hollow Zone,person,person,0.7915
2026-08-04,14:35:44,North Ridge Forest,person,person,0.7728
2026-08-04,14:35:45,North Ridge Forest,person,person,0.534
2026-08-04,14:35:45,Fernvale Thicket,person,person,0.4589
2026-08-04,14:35:45,Fernvale Thicket,person,person,0.5415
2026-08-04,14:35:45,Fernvale Thicket,person,person,0.51
2026-08-04,14:35:46,Fernvale Thicket,person,person,0.5988
2026-08-04,14:35:46,Pine Hollow Zone,person,person,0.68
2026-08-04,14:35:46,Greywood Edge,person,person,0.4827
2026-08-04,14:35:47,Misty Creek Grove,person,person,0.5064
2026-08-04,14:35:47,Pine Hollow Zone,cat,cat,0.4904
2026-08-04,14:35:47,Greywood Edge,person,person,0.4837
2026-08-04,14:35:47,Elderleaf Basin,person,person,0.6555
2026-08-04,14:35:47,Misty Creek Grove,cat,cat,0.5492
2026-08-04,14:35:47,Elderleaf Basin,person,person,0.475
2026-08-04,14:35:48,Misty Creek Grove,person,person,0.6405
2026-08-04,14:35:48,Elderleaf Basin,cat,cat,0.5338
2026-08-04,14:35:48,Pine Hollow Zone,person,person,0.6501
2026-08-04,14:35:48,Misty Creek Grove,cat,cat,0.6092
2026-08-04,14:35:48,Pine Hollow Zone,person,person,0.5088
2026-08-04,14:35:49,Pine Hollow Zone,person,person,0.6443
2026-08-04,14:35:49,Misty Creek Grove,dog,dog,0.5992
2026-08-04,14:35:49,Elderleaf Basin,person,person,0.4682
2026-08-04,14:35:49,North Ridge Forest,person,person,0.6691
2026-08-04,14:35:49,Misty Creek Grove,dog,dog,0.4928
2026-08-04,14:35:50,Greywood Edge,cat,cat,0.5945
2026-08-04,14:35:50,North Ridge Forest,person,person,0.5839
2026-08-04,14:35:50,Fernvale Thicket,dog,dog,0.5418
2026-08-04,14:35:50,Pine Hollow Zone,person,person,0.5248
2026-08-04,14:35:51,Elderleaf Basin,cat,cat,0.6088
2026-08-04,14:35:51,Greywood Edge,person,person,0.5709
2026-08-04,14:35:51,Fernvale Thicket,person,person,0.5607
2026-08-04,14:35:51,North Ridge Forest,person,person,0.6489
2026-08-04,14:35:51,Greywood Edge,dog,dog,0.5424
2026-08-04,14:35:51,Pine Hollow Zone,person,person,0.4605
2026-08-04,14:35:52,Elderleaf Basin,person,person,0.6295
2026-08-04,14:35:52,Fernvale Thicket,dog,dog,0.5996
2026-08-04,14:35:52,Misty Creek Grove,person,person,0.4623
2026-08-04,14:35:52,Pine Hollow Zone,dog,dog,0.5348
2026-08-04,14:35:52,Misty Creek Grove,person,person,0.4992
2026-08-04,14:35:52,Greywood Edge,person,person,0.4923
2026-08-04,14:35:53,Greywood Edge,person,person,0.4724
2026-08-04,14:35:53,Pine Hollow Zone,cat,cat,0.4536
2026-08-04,14:35:53,North Ridge Forest,person,person,0.4768
2026-08-04,14:35:53,North Ridge Forest,dog,dog,0.4609
2026-08-04,14:35:54,Misty Creek Grove,dog,dog,0.6222
2026-08-04,14:35:54,North Ridge Forest,person,person,0.4844
2026-08-04,14:35:55,Misty Creek Grove,cat,cat,0.4937
2026-08-04,14:35:55,Pine Hollow Zone,cat,cat,0.5449
2026-08-04,14:35:56,Elderleaf Basin,dog,dog,0.5039
2026-08-04,14:35:56,Greywood Edge,person,person,0.4737
2026-08-04,14:35:57,Misty Creek Grove,bear,bear,0.6027
2026-08-04,14:35:57,Misty Creek Grove,person,person,0.5027
2026-08-04,14:35:57,Pine Hollow Zone,dog,dog,0.5373
2026-08-04,14:35:59,Fernvale Thicket,person,person,0.553
2026-08-04,14:35:59,Greywood Edge,dog,dog,0.4811
2026-08-04,14:35:59,Fernvale Thicket,bear,bear,0.4567
2026-08-04,14:36:00,Elderleaf Basin,dog,dog,0.7456
2026-08-04,14:36:00,Elderleaf Basin,person,person,0.459
2026-08-04,14:36:00,Fernvale Thicket,person,person,0.5361
2026-08-04,14:36:00,Pine Hollow Zone,dog,dog,0.4958
2026-08-04,14:36:01,North Ridge Forest,person,person,0.4656
2026-08-04,14:36:01,Misty Creek Grove,bear,bear,0.4701
2026-08-04,14:36:02,Pine Hollow Zone,person,person,0.5865
2026-08-04,14:36:02,Elderleaf Basin,person,person,0.7607
2026-08-04,14:36:03,Misty Creek Grove,person,person,0.7548
2026-08-04,14:36:03,Greywood Edge,person,person,0.7323
2026-08-04,14:36:04,Greywood Edge,person,person,0.7169
2026-08-04,15:05:39,Elderleaf Basin,person,person,0.7929
2026-08-04,15:05:39,Elderleaf Basin,person,person,0.8548
2026-08-04,15:05:40,Elderleaf Basin,person,person,0.8136
2026-08-04,15:05:40,Fernvale Thicket,person,person,0.8874
2026-08-04,15:05:41,North Ridge Forest,person,person,0.7781
2026-08-04,15:05:41,Elderleaf Basin,person,person,0.7565
2026-08-04,15:05:42,Pine Hollow Zone,person,person,0.8544
2026-08-04,15:05:42,Greywood Edge,person,person,0.8887
2026-08-04,15:05:43,Misty Creek Grove,person,person,0.8674
2026-08-04,15:05:43,Misty Creek Grove,person,person,0.878
2026-08-04,15:05:44,Elderleaf Basin,person,person,0.8831
2026-08-04,15:05:44,Misty Creek Grove,person,person,0.8551
2026-08-04,15:05:45,Fernvale Thicket,person,person,0.8813
2026-08-04,15:05:45,Misty Creek Grove,person,person,0.8702
2026-08-04,15:05:45,Elderleaf Basin,person,person,0.8437
2026-08-04,15:05:46,Fernvale Thicket,person,person,0.867
2026-08-04,15:07:05,Elderleaf Basin,person,person,0.8007
2026-08-04,15:07:05,Elderleaf Basin,person,person,0.7785
2026-08-04,15:07:06,North Ridge Forest,person,person,0.7099
2026-08-04,15:07:06,Pine Hollow Zone,person,person,0.6711
2026-08-04,15:07:06,Greywood Edge,person,person,0.7532
2026-08-04,15:07:07,Elderleaf Basin,person,person,0.755
2026-08-04,15:07:07,Fernvale Thicket,person,person,0.8156
2026-08-04,15:07:08,Fernvale Thicket,person,person,0.7765
2026-08-04,15:07:08,Elderleaf Basin,person,person,0.7403
2026-08-04,15:07:09,Greywood Edge,person,person,0.7266
2026-08-04,15:07:09,Misty Creek Grove,person,person,0.7515
2026-08-04,15:07:10,Elderleaf Basin,person,person,0.7559
2026-08-04,15:07:10,Greywood Edge,person,person,0.7558
2026-08-04,16:30:22,Pine Hollow Zone,person,person,0.8431
2026-08-04,16:30:23,Greywood Edge,person,person,0.799
2026-08-04,16:30:23,North Ridge Forest,person,person,0.566
2026-08-04,16:30:23,Elderleaf Basin,person,person,0.5374
2026-08-04,16:30:24,Pine Hollow Zone,person,person,0.6425
2026-08-04,16:30:24,Pine Hollow Zone,person,person,0.6336
2026-08-04,16:30:25,Elderleaf Basin,person,person,0.8088
2026-08-04,16:30:25,Fernvale Thicket,person,person,0.7595
2026-08-04,16:30:25,Pine Hollow Zone,person,person,0.8142
2026-08-04,16:30:26,Fernvale Thicket,person,person,0.7718
2026-08-04,16:30:26,Pine Hollow Zone,person,person,0.7891
2026-08-04,16:30:27,Fernvale Thicket,person,person,0.7036
2026-08-04,16:30:27,North Ridge Forest,person,person,0.6981
2026-08-04,16:30:27,Pine Hollow Zone,person,person,0.7693
2026-08-04,16:30:28,Fernvale Thicket,person,person,0.773
2026-08-04,16:30:28,Fernvale Thicket,person,person,0.7879
2026-08-04,16:30:29,Pine Hollow Zone,person,person,0.7628
2026-08-04,16:30:29,Pine Hollow Zone,person,person,0.816
2026-08-04,17:38:07,Pine Hollow Zone,person,person,0.7436
2026-08-04,17:38:07,Elderleaf Basin,person,person,0.801
2026-08-04,17:38:07,Pine Hollow Zone,person,person,0.6316
2026-08-04,17:38:08,Misty Creek Grove,person,person,0.6061
2026-08-04,17:38:08,Fernvale Thicket,person,person,0.5234
2026-08-04,17:38:09,Greywood Edge,person,person,0.459
2026-08-04,17:38:09,North Ridge Forest,person,person,0.4744
2026-08-04,17:38:09,Elderleaf Basin,person,person,0.5601
2026-08-04,17:38:10,Pine Hollow Zone,person,person,0.4873
2026-08-04,17:38:10,Greywood Edge,person,person,0.5003
2026-08-04,17:38:11,Misty Creek Grove,person,person,0.4805
2026-08-04,17:50:10,Greywood Edge,person,person,0.7008
2026-08-04,17:50:11,Elderleaf Basin,person,person,0.801
2026-08-04,17:50:11,Fernvale Thicket,person,person,0.731
2026-08-04,17:50:12,Elderleaf Basin,person,person,0.7297
2026-08-04,17:50:12,Elderleaf Basin,person,person,0.7695
2026-08-04,17:50:12,Pine Hollow Zone,person,person,0.8016
2026-08-04,17:50:13,North Ridge Forest,person,person,0.8073
2026-08-04,17:50:13,Elderleaf Basin,person,person,0.7709
2026-08-04,17:50:14,Elderleaf Basin,person,person,0.8366
2026-08-04,17:50:14,Pine Hollow Zone,person,person,0.7993
2026-08-04,17:50:15,Greywood Edge,person,person,0.8123
2026-08-04,19:41:01,Fernvale Thicket,person,person,0.7974
2026-08-04,19:41:02,Pine Hollow Zone,cow,cow,0.9196
2026-08-04,19:41:02,Fernvale Thicket,cow,cow,0.5985
2026-08-04,19:41:03,Greywood Edge,dog,dog,0.59
2026-08-04,19:41:03,Misty Creek Grove,cow,cow,0.6143
2026-08-04,19:41:03,Misty Creek Grove,cow,cow,0.8308
2026-08-04,19:41:04,North Ridge Forest,cow,cow,0.9261
2026-08-04,19:41:04,Greywood Edge,cow,cow,0.7016
2026-08-04,19:41:05,Fernvale Thicket,cow,cow,0.8117
2026-08-04,19:41:05,Pine Hollow Zone,cow,cow,0.4724
2026-08-04,19:41:05,Fernvale Thicket,cow,cow,0.6942
2026-08-04,19:41:06,Pine Hollow Zone,cow,cow,0.8891
2026-08-04,19:41:06,Misty Creek Grove,cow,cow,0.9103
2026-08-04,19:41:07,Elderleaf Basin,cow,cow,0.8713
2026-08-04,19:41:07,Pine Hollow Zone,cow,cow,0.7199
2026-08-04,19:41:08,Pine Hollow Zone,cow,cow,0.9012
2026-08-04,19:41:08,Misty Creek Grove,cow,cow,0.8989
2026-08-04,19:41:08,Elderleaf Basin,cow,cow,0.9154
2026-08-04,19:41:09,North Ridge Forest,cow,cow,0.9188
2026-08-04,19:41:09,Elderleaf Basin,cow,cow,0.9137
2026-08-04,19:41:11,Greywood Edge,person,person,0.5596
2026-08-04,19:41:11,North Ridge Forest,person,person,0.7504
2026-08-04,19:41:11,Greywood Edge,person,person,0.6716
2026-08-04,19:41:25,North Ridge Forest,person,person,0.7526
2026-08-04,19:41:25,Fernvale Thicket,person,person,0.8131
2026-08-04,19:41:25,Elderleaf Basin,person,person,0.8539
2026-08-04,19:41:26,Greywood Edge,person,person,0.9011
2026-08-04,19:41:26,Greywood Edge,person,person,0.9101
2026-08-04,19:41:27,Misty Creek Grove,person,person,0.8279
2026-08-04,19:41:28,Fernvale Thicket,person,person,0.7102
2026-08-04,19:41:28,Pine Hollow Zone,dog,dog,0.669
2026-08-04,19:41:29,Misty Creek Grove,person,person,0.4673
2026-08-04,19:41:29,Fernvale Thicket,sheep,sheep,0.6646
2026-08-04,19:41:29,North Ridge Forest,sheep,sheep,0.5534
2026-08-04,19:41:29,North Ridge Forest,person,person,0.4603
2026-08-04,19:41:29,Fernvale Thicket,sheep,sheep,0.5941
2026-08-04,19:41:29,North Ridge Forest,cow,cow,0.5615
2026-08-04,19:41:30,Fernvale Thicket,cow,cow,0.8449
2026-08-04,19:41:30,Elderleaf Basin,sheep,sheep,0.5321
2026-08-04,19:41:30,North Ridge Forest,cow,cow,0.8014
2026-08-04,19:41:30,Fernvale Thicket,sheep,sheep,0.6117
2026-08-04,19:41:30,Fernvale Thicket,person,person,0.4956
2026-08-04,19:41:31,Greywood Edge,sheep,sheep,0.7937
2026-08-04,19:41:31,Pine Hollow Zone,cow,cow,0.7934
2026-08-04,19:41:31,Elderleaf Basin,cow,cow,0.8439
2026-08-04,19:41:31,North Ridge Forest,cow,cow,0.5904
2026-08-04,19:41:31,Elderleaf Basin,person,person,0.5185
2026-08-04,19:41:32,Misty Creek Grove,sheep,sheep,0.7821
2026-08-04,19:41:32,North Ridge Forest,person,person,0.5567
2026-08-04,19:41:32,Fernvale Thicket,sheep,sheep,0.7683
2026-08-04,19:41:33,Elderleaf Basin,person,person,0.4972
2026-08-04,19:41:33,Greywood Edge,person,person,0.6002
2026-08-04,19:41:34,Fernvale Thicket,sheep,sheep,0.8225
2026-08-04,19:41:34,Misty Creek Grove,sheep,sheep,0.5174
2026-08-04,19:41:34,Greywood Edge,sheep,sheep,0.7349
2026-08-04,19:41:34,Elderleaf Basin,cow,cow,0.6116
2026-08-04,19:41:34,Fernvale Thicket,bird,bird,0.483
2026-08-04,19:41:35,Misty Creek Grove,cow,cow,0.8822
2026-08-04,19:41:35,North Ridge Forest,sheep,sheep,0.5714
2026-08-04,19:41:35,Elderleaf Basin,bird,bird,0.5171
2026-08-04,19:41:35,Pine Hollow Zone,cow,cow,0.8765
2026-08-04,19:41:35,Fernvale Thicket,sheep,sheep,0.7176
2026-08-04,19:41:36,Fernvale Thicket,cow,cow,0.8928
2026-08-04,19:41:36,Fernvale Thicket,cow,cow,0.6579
2026-08-04,19:41:36,Elderleaf Basin,person,person,0.4576
2026-08-04,19:41:36,Elderleaf Basin,cow,cow,0.8953
2026-08-04,19:41:36,Elderleaf Basin,sheep,sheep,0.6232
2026-08-04,19:41:36,Elderleaf Basin,cow,cow,0.8659
2026-08-04,19:41:36,Misty Creek Grove,sheep,sheep,0.8228
2026-08-04,19:41:37,Fernvale Thicket,sheep,sheep,0.8584
2026-08-04,19:41:37,Misty Creek Grove,cow,cow,0.7315
2026-08-04,19:41:37,Greywood Edge,bird,bird,0.4547
2026-08-04,19:41:37,Elderleaf Basin,sheep,sheep,0.8965
2026-08-04,19:41:37,Pine Hollow Zone,cow,cow,0.584
2026-08-04,19:41:37,Pine Hollow Zone,person,person,0.5677
2026-08-04,19:41:39,Pine Hollow Zone,person,person,0.6666
2026-08-04,19:41:39,North Ridge Forest,person,person,0.8347
2026-08-04,19:41:40,Fernvale Thicket,person,person,0.748
2026-08-04,19:41:40,North Ridge Forest,person,person,0.782
2026-08-04,19:42:03,Greywood Edge,cat,cat,0.5343
2026-08-04,19:42:03,Greywood Edge,person,person,0.5059
2026-08-04,19:42:05,Misty Creek Grove,cow,cow,0.5484
2026-08-04,19:42:06,Elderleaf Basin,cow,cow,0.7461
2026-08-04,19:42:07,Fernvale Thicket,elephant,elephant,0.4932
2026-08-04,19:42:08,Greywood Edge,elephant,elephant,0.7203
2026-08-04,19:42:08,North Ridge Forest,sheep,sheep,0.4762
2026-08-04,19:42:08,Greywood Edge,elephant,elephant,0.8469
2026-08-04,19:42:09,Fernvale Thicket,cow,cow,0.537
2026-08-04,19:42:10,North Ridge Forest,sheep,sheep,0.5752
2026-08-04,19:42:10,North Ridge Forest,person,person,0.4707
2026-08-04,19:42:10,North Ridge Forest,elephant,elephant,0.8576
2026-08-04,19:42:10,Greywood Edge,person,person,0.452
2026-08-04,19:42:11,Misty Creek Grove,elephant,elephant,0.6889
2026-08-04,19:42:11,North Ridge Forest,elephant,elephant,0.7824
2026-08-04,19:42:12,Fernvale Thicket,cow,cow,0.5028
2026-08-04,19:42:13,Elderleaf Basin,dog,dog,0.5837
2026-08-04,19:42:13,Fernvale Thicket,elephant,elephant,0.6245
2026-08-04,19:42:13,Misty Creek Grove,person,person,0.4511
2026-08-04,19:42:14,Elderleaf Basin,cow,cow,0.6107
2026-08-04,19:42:15,Greywood Edge,cow,cow,0.6755
2026-08-04,19:42:16,Fernvale Thicket,person,person,0.4768
2026-08-04,19:42:16,Misty Creek Grove,cow,cow,0.4604
2026-08-04,19:42:17,Misty Creek Grove,cow,cow,0.5469
2026-08-04,19:42:19,North Ridge Forest,elephant,elephant,0.632
2026-08-04,19:42:19,Misty Creek Grove,bear,bear,0.5956
2026-08-04,19:42:20,Pine Hollow Zone,elephant,elephant,0.6056
2026-08-04,19:42:20,Misty Creek Grove,elephant,elephant,0.5393
2026-08-04,19:42:21,North Ridge Forest,cow,cow,0.5399
2026-08-04,19:42:21,Pine Hollow Zone,elephant,elephant,0.6454
2026-08-04,19:42:21,North Ridge Forest,elephant,elephant,0.4679
2026-08-04,19:42:22,Pine Hollow Zone,elephant,elephant,0.48
2026-08-04,19:42:22,Elderleaf Basin,elephant,elephant,0.4777
2026-08-04,19:42:23,Misty Creek Grove,sheep,sheep,0.5065
2026-08-04,19:42:23,Elderleaf Basin,sheep,sheep,0.5738
2026-08-04,19:57:34,Misty Creek Grove,person,person,0.879
2026-08-04,19:57:34,Misty Creek Grove,person,person,0.8771
2026-08-04,19:57:34,Misty Creek Grove,person,person,0.8403
2026-08-04,19:57:35,Elderleaf Basin,person,person,0.816
2026-08-04,19:57:35,Elderleaf Basin,person,person,0.8222
2026-08-04,19:57:36,Fernvale Thicket,person,person,0.8099
2026-08-04,19:57:36,Elderleaf Basin,cat,cat,0.4638
2026-08-04,19:57:37,Pine Hollow Zone,cat,cat,0.5245
2026-08-04,19:57:37,Elderleaf Basin,elephant,elephant,0.4622
2026-08-04,19:57:38,Pine Hollow Zone,elephant,elephant,0.8187
2026-08-04,19:57:38,Greywood Edge,dog,dog,0.6927
2026-08-04,19:57:39,Fernvale Thicket,cow,cow,0.549
2026-08-04,19:57:39,Greywood Edge,elephant,elephant,0.4748
2026-08-04,19:57:39,Elderleaf Basin,cow,cow,0.4534
2026-08-04,19:57:40,Pine Hollow Zone,elephant,elephant,0.772
2026-08-04,19:57:40,Elderleaf Basin,person,person,0.5222
2026-08-04,19:57:40,Misty Creek Grove,elephant,elephant,0.7868
2026-08-04,19:57:40,Elderleaf Basin,person,person,0.6939
2026-08-04,19:57:41,Pine Hollow Zone,elephant,elephant,0.8026
2026-08-04,19:57:41,North Ridge Forest,elephant,elephant,0.6768
2026-08-04,19:57:42,Fernvale Thicket,sheep,sheep,0.7258
2026-08-04,19:57:43,North Ridge Forest,sheep,sheep,0.5338
2026-08-04,19:57:43,North Ridge Forest,sheep,sheep,0.664
2026-08-04,19:57:43,Pine Hollow Zone,sheep,sheep,0.5834
2026-08-04,19:57:44,North Ridge Forest,elephant,elephant,0.6337
2026-08-04,19:57:45,Elderleaf Basin,elephant,elephant,0.7249
2026-08-04,19:57:45,Misty Creek Grove,sheep,sheep,0.5676
2026-08-04,19:57:45,North Ridge Forest,elephant,elephant,0.5827
2026-08-04,19:57:46,Misty Creek Grove,elephant,elephant,0.4863
2026-08-04,19:57:47,Elderleaf Basin,elephant,elephant,0.4511
2026-08-04,19:57:47,North Ridge Forest,sheep,sheep,0.5395
2026-08-04,19:57:47,Fernvale Thicket,sheep,sheep,0.5369
2026-08-04,19:57:47,Fernvale Thicket,elephant,elephant,0.4752
2026-08-04,19:57:48,North Ridge Forest,sheep,sheep,0.7028
2026-08-04,19:57:48,Greywood Edge,sheep,sheep,0.7623
2026-08-04,19:57:49,Misty Creek Grove,sheep,sheep,0.5745
2026-08-04,19:57:49,Fernvale Thicket,sheep,sheep,0.4624
2026-08-04,19:57:50,Greywood Edge,sheep,sheep,0.775
2026-08-04,19:57:50,Pine Hollow Zone,sheep,sheep,0.6937
2026-08-04,19:57:50,Fernvale Thicket,sheep,sheep,0.6787
2026-08-04,19:57:51,Pine Hollow Zone,person,person,0.6386
2026-08-04,19:57:52,North Ridge Forest,person,person,0.7502
2026-08-04,19:57:52,Elderleaf Basin,person,person,0.6885
2026-08-04,19:57:52,Elderleaf Basin,person,person,0.7694
2026-08-04,19:57:53,Fernvale Thicket,person,person,0.7476
2026-08-04,19:57:53,Fernvale Thicket,person,person,0.8726
2026-08-04,19:57:54,Pine Hollow Zone,person,person,0.9114
2026-08-04,19:57:54,Fernvale Thicket,person,person,0.9004
2026-08-04,20:28:40,Fernvale Thicket,person,person,0.8283
2026-08-04,20:28:40,Pine Hollow Zone,person,person,0.8403
2026-08-04,20:28:40,Pine Hollow Zone,person,person,0.8182
2026-08-04,20:28:41,North Ridge Forest,person,person,0.8487
2026-08-04,20:28:41,Greywood Edge,person,person,0.8461
2026-08-04,20:28:41,Misty Creek Grove,person,person,0.8082
2026-08-04,20:28:41,Misty Creek Grove,person,person,0.7976
2026-08-04,20:28:41,North Ridge Forest,person,person,0.7699
2026-08-04,20:28:42,North Ridge Forest,person,person,0.8284
2026-08-04,20:28:42,Misty Creek Grove,person,person,0.765
2026-08-04,20:28:42,North Ridge Forest,person,person,0.5279
2026-08-04,20:28:42,North Ridge Forest,person,person,0.7972
2026-08-04,20:28:42,Elderleaf Basin,person,person,0.8915
2026-08-04,20:28:43,North Ridge Forest,person,person,0.6469
2026-08-04,20:28:43,Pine Hollow Zone,person,person,0.7511
2026-08-04,20:28:45,Greywood Edge,person,person,0.5816
2026-08-04,20:28:46,Greywood Edge,person,person,0.4904
2026-08-04,20:28:46,Greywood Edge,person,person,0.5556
2026-08-04,20:28:46,North Ridge Forest,person,person,0.8568
2026-08-04,20:28:47,Fernvale Thicket,person,person,0.6906
2026-08-04,20:28:47,Fernvale Thicket,person,person,0.585
2026-08-04,20:28:47,Misty Creek Grove,person,person,0.8656
2026-08-04,20:28:47,Greywood Edge,person,person,0.8716
2026-08-04,20:28:47,Misty Creek Grove,person,person,0.93
2026-08-04,20:28:47,North Ridge Forest,person,person,0.9104
2026-08-04,20:28:48,Pine Hollow Zone,person,person,0.9281
2026-08-04,20:28:48,Misty Creek Grove,person,person,0.9311
2026-08-04,20:28:48,North Ridge Forest,person,person,0.8469
2026-08-04,20:28:48,Elderleaf Basin,person,person,0.7598
2026-08-04,20:28:49,Elderleaf Basin,person,person,0.893
2026-08-04,20:28:49,Misty Creek Grove,person,person,0.6191
2026-08-04,20:28:49,Misty Creek Grove,person,person,0.54
2026-08-04,20:28:49,Pine Hollow Zone,person,person,0.6191
2026-08-04,20:28:50,Fernvale Thicket,person,person,0.7522
2026-08-04,20:28:50,Elderleaf Basin,person,person,0.8419
2026-08-04,20:28:50,Misty Creek Grove,person,person,0.8356
2026-08-04,20:28:50,Elderleaf Basin,person,person,0.8544
2026-08-04,20:28:50,Greywood Edge,person,person,0.8015
2026-08-04,20:28:50,Pine Hollow Zone,person,person,0.871
2026-08-04,20:28:51,Fernvale Thicket,person,person,0.8551
2026-08-04,20:28:51,Greywood Edge,person,person,0.866
2026-08-04,20:28:51,Fernvale Thicket,person,person,0.8689
2026-08-04,20:28:51,Fernvale Thicket,person,person,0.8617
2026-08-04,20:28:52,Pine Hollow Zone,person,person,0.9009
2026-08-04,20:28:52,Misty Creek Grove,person,person,0.8773
2026-08-04,20:28:52,Misty Creek Grove,person,person,0.8952
2026-08-04,20:28:52,Elderleaf Basin,person,person,0.8973
2026-08-04,20:28:52,North Ridge Forest,person,person,0.8948
2026-08-04,20:28:53,North Ridge Forest,person,person,0.8883
2026-08-04,20:28:53,Greywood Edge,person,person,0.8673
2026-08-04,20:28:53,North Ridge Forest,person,person,0.8853
2026-08-04,20:28:53,Pine Hollow Zone,person,person,0.8903
2026-08-04,20:28:53,Pine Hollow Zone,person,person,0.8943
2026-08-04,20:28:53,Pine Hollow Zone,person,person,0.9005
2026-08-04,20:28:54,North Ridge Forest,person,person,0.7635
2026-08-04,20:28:55,North Ridge Forest,person,person,0.6686
2026-08-04,20:28:55,Fernvale Thicket,person,person,0.7965
2026-08-04,20:28:55,Fernvale Thicket,person,person,0.84
2026-08-04,20:28:55,Greywood Edge,person,person,0.4712
2026-08-04,20:28:55,Fernvale Thicket,person,person,0.7806
2026-08-04,20:28:55,Elderleaf Basin,person,person,0.7407
2026-08-04,20:28:55,Pine Hollow Zone,person,person,0.8171
2026-08-04,20:28:56,North Ridge Forest,person,person,0.8079
2026-08-04,20:28:56,North Ridge Forest,person,person,0.813
2026-08-04,20:28:56,Elderleaf Basin,person,person,0.8048
2026-08-04,20:28:56,Greywood Edge,person,person,0.8179
2026-08-04,20:28:56,Elderleaf Basin,person,person,0.7824
2026-08-04,20:28:56,Elderleaf Basin,person,person,0.7896
2026-08-04,20:28:56,North Ridge Forest,person,person,0.7816
2026-08-04,20:28:57,Greywood Edge,person,person,0.7774
2026-08-04,20:28:57,Elderleaf Basin,person,person,0.7945
2026-08-04,20:28:57,Misty Creek Grove,person,person,0.7973
2026-08-04,20:28:57,Pine Hollow Zone,person,person,0.7995
2026-08-04,20:28:57,Greywood Edge,person,person,0.8099
2026-08-04,20:28:58,Fernvale Thicket,person,person,0.818
2026-08-04,20:28:58,North Ridge Forest,person,person,0.8468
2026-08-04,20:28:58,Misty Creek Grove,person,person,0.8605
2026-08-04,20:28:58,Misty Creek Grove,person,person,0.8224
2026-08-04,20:28:58,Greywood Edge,person,person,0.8582
2026-08-04,20:28:58,Greywood Edge,person,person,0.8656
2026-08-04,20:28:59,Fernvale Thicket,person,person,0.7959
2026-08-04,20:28:59,Fernvale Thicket,person,person,0.7989
2026-08-04,20:28:59,Misty Creek Grove,person,person,0.8895
2026-08-04,20:28:59,Greywood Edge,person,person,0.842
2026-08-04,20:28:59,Misty Creek Grove,person,person,0.8608
2026-08-04,20:28:59,Greywood Edge,person,person,0.8552
2026-08-04,20:29:00,Fernvale Thicket,person,person,0.7004
2026-08-04,20:29:00,Fernvale Thicket,person,person,0.7682
2026-08-04,20:29:00,Fernvale Thicket,person,person,0.7139
2026-08-04,20:29:00,Greywood Edge,person,person,0.7998
2026-08-04,20:29:00,Elderleaf Basin,person,person,0.824
2026-08-04,20:29:01,Elderleaf Basin,zebra,zebra,0.8938
2026-08-04,20:29:01,Elderleaf Basin,person,person,0.5831
2026-08-04,20:29:01,Misty Creek Grove,zebra,zebra,0.8814
2026-08-04,20:29:02,Elderleaf Basin,zebra,zebra,0.8875
2026-08-04,20:29:02,North Ridge Forest,person,person,0.5923
2026-08-04,20:29:02,North Ridge Forest,zebra,zebra,0.8991
2026-08-04,20:29:02,Pine Hollow Zone,zebra,zebra,0.8344
2026-08-04,20:29:03,Pine Hollow Zone,person,person,0.6845
2026-08-04,20:29:03,Greywood Edge,zebra,zebra,0.5846
2026-08-04,20:29:03,Fernvale Thicket,person,person,0.4561
2026-08-04,20:29:03,Misty Creek Grove,zebra,zebra,0.5763
2026-08-04,20:29:03,Elderleaf Basin,person,person,0.4658
2026-08-04,20:29:03,Elderleaf Basin,zebra,zebra,0.8794
2026-08-04,20:29:03,Fernvale Thicket,person,person,0.6131
2026-08-04,20:29:03,Pine Hollow Zone,zebra,zebra,0.9012
2026-08-04,20:29:03,Greywood Edge,person,person,0.6729
2026-08-04,20:29:03,Greywood Edge,zebra,zebra,0.9137
2026-08-04,20:29:03,Fernvale Thicket,person,person,0.6283
2026-08-04,20:29:04,Elderleaf Basin,zebra,zebra,0.9042
2026-08-04,20:29:04,Misty Creek Grove,person,person,0.6718
2026-08-04,20:29:04,Elderleaf Basin,zebra,zebra,0.9081
2026-08-04,20:29:04,Elderleaf Basin,person,person,0.6267
2026-08-04,20:29:04,North Ridge Forest,zebra,zebra,0.8985
2026-08-04,20:29:04,Elderleaf Basin,person,person,0.6876
2026-08-04,20:29:04,Misty Creek Grove,zebra,zebra,0.9126
2026-08-04,20:29:04,Fernvale Thicket,person,person,0.7051
2026-08-04,20:29:04,Misty Creek Grove,person,person,0.6337
2026-08-04,20:29:05,Elderleaf Basin,zebra,zebra,0.7995
2026-08-04,20:29:05,North Ridge Forest,zebra,zebra,0.9099
2026-08-04,20:29:05,Elderleaf Basin,zebra,zebra,0.9089
2026-08-04,20:29:05,Misty Creek Grove,zebra,zebra,0.9253
2026-08-04,20:29:05,North Ridge Forest,zebra,zebra,0.9283
2026-08-04,20:29:06,Fernvale Thicket,zebra,zebra,0.9242
2026-08-04,20:29:06,Elderleaf Basin,zebra,zebra,0.923
2026-08-04,20:29:06,Fernvale Thicket,zebra,zebra,0.9233
2026-08-04,20:29:06,Elderleaf Basin,zebra,zebra,0.9273
2026-08-04,20:29:06,Elderleaf Basin,zebra,zebra,0.9287
2026-08-04,20:29:06,Fernvale Thicket,zebra,zebra,0.9206
2026-08-04,20:29:07,Elderleaf Basin,zebra,zebra,0.9243
2026-08-04,20:29:07,Elderleaf Basin,zebra,zebra,0.9229
2026-08-04,20:29:07,Fernvale Thicket,zebra,zebra,0.925
2026-08-04,20:29:07,Greywood Edge,zebra,zebra,0.9242
2026-08-04,20:29:07,Misty Creek Grove,zebra,zebra,0.9247
2026-08-04,20:29:08,Fernvale Thicket,zebra,zebra,0.8578
2026-08-04,20:29:08,Pine Hollow Zone,person,person,0.802
2026-08-04,20:29:08,Greywood Edge,person,person,0.5553
2026-08-04,20:29:08,Pine Hollow Zone,person,person,0.543
2026-08-04,20:29:09,Elderleaf Basin,person,person,0.755
2026-08-04,20:29:09,North Ridge Forest,person,person,0.6484
2026-08-04,20:29:09,North Ridge Forest,person,person,0.6999
2026-08-04,20:29:09,Misty Creek Grove,person,person,0.6964
2026-08-04,20:29:09,Greywood Edge,person,person,0.6975
2026-08-04,20:29:09,Fernvale Thicket,person,person,0.6027
2026-08-04,20:29:09,Misty Creek Grove,person,person,0.6461
2026-08-04,20:29:09,Misty Creek Grove,person,person,0.5669
2026-08-04,20:29:09,Pine Hollow Zone,person,person,0.7246
2026-08-04,20:29:10,Pine Hollow Zone,person,person,0.7872
2026-08-04,20:29:10,North Ridge Forest,person,person,0.7889
2026-08-04,20:29:10,Misty Creek Grove,person,person,0.8755
2026-08-04,20:29:10,Misty Creek Grove,person,person,0.8461
2026-08-04,20:29:10,North Ridge Forest,person,person,0.8905
2026-08-04,20:29:10,Fernvale Thicket,person,person,0.8824
2026-08-04,20:29:11,Misty Creek Grove,person,person,0.8662
2026-08-04,20:29:11,Greywood Edge,person,person,0.5131
2026-08-04,20:29:11,Pine Hollow Zone,person,person,0.6824
2026-08-04,20:29:11,Elderleaf Basin,person,person,0.5164
2026-08-04,20:29:11,Pine Hollow Zone,person,person,0.4836
2026-08-04,20:29:11,Pine Hollow Zone,person,person,0.6599
2026-08-04,20:29:12,Greywood Edge,person,person,0.5952
2026-08-04,20:29:12,Pine Hollow Zone,person,person,0.5883
2026-08-04,20:29:12,North Ridge Forest,person,person,0.6494
2026-08-04,20:29:12,Greywood Edge,cow,cow,0.5788
2026-08-04,20:29:13,Misty Creek Grove,cow,cow,0.6521
2026-08-04,20:29:13,Misty Creek Grove,cow,cow,0.5345
2026-08-04,20:29:13,Elderleaf Basin,cow,cow,0.7587
2026-08-04,20:29:13,North Ridge Forest,cow,cow,0.709
2026-08-04,20:29:14,North Ridge Forest,cow,cow,0.6252
2026-08-04,20:29:14,North Ridge Forest,cow,cow,0.6185
2026-08-04,20:29:14,Greywood Edge,cow,cow,0.6309
2026-08-04,20:29:14,North Ridge Forest,cow,cow,0.68
2026-08-04,20:29:14,North Ridge Forest,cow,cow,0.5698
2026-08-04,20:29:14,North Ridge Forest,cow,cow,0.7034
2026-08-04,20:29:15,Pine Hollow Zone,cow,cow,0.7665
2026-08-04,20:29:15,Elderleaf Basin,cow,cow,0.5759
2026-08-04,20:29:15,Fernvale Thicket,cow,cow,0.6598
2026-08-04,20:29:15,Misty Creek Grove,cow,cow,0.4605
2026-08-04,20:29:15,Pine Hollow Zone,cow,cow,0.6469
2026-08-04,20:29:15,Greywood Edge,cow,cow,0.4785
2026-08-04,20:29:15,Greywood Edge,cow,cow,0.4638
2026-08-04,20:29:15,Pine Hollow Zone,cow,cow,0.4598
2026-08-04,20:29:15,Elderleaf Basin,cow,cow,0.5708
2026-08-04,20:29:16,Misty Creek Grove,cow,cow,0.6118
2026-08-04,20:29:16,Pine Hollow Zone,cow,cow,0.531
2026-08-04,20:29:16,Misty Creek Grove,cow,cow,0.4601
2026-08-04,20:29:16,Fernvale Thicket,cow,cow,0.575
2026-08-04,20:29:17,Pine Hollow Zone,cow,cow,0.6078
2026-08-04,20:29:17,Pine Hollow Zone,cow,cow,0.6265
2026-08-04,20:29:17,Elderleaf Basin,cow,cow,0.6846
2026-08-04,20:29:17,Fernvale Thicket,cow,cow,0.5257
2026-08-04,20:29:17,Pine Hollow Zone,cow,cow,0.4785
2026-08-04,20:29:18,North Ridge Forest,cow,cow,0.6091
2026-08-04,20:29:18,Misty Creek Grove,cow,cow,0.6053
2026-08-04,20:29:18,Fernvale Thicket,cow,cow,0.7063
2026-08-04,20:29:18,North Ridge Forest,cow,cow,0.5634
2026-08-04,20:29:18,Fernvale Thicket,cow,cow,0.5005
2026-08-04,20:29:18,North Ridge Forest,cow,cow,0.7877
2026-08-04,20:29:19,Fernvale Thicket,cow,cow,0.6761
2026-08-04,20:29:19,Elderleaf Basin,cow,cow,0.756
2026-08-04,20:29:19,Elderleaf Basin,cow,cow,0.6896
2026-08-04,20:29:20,Pine Hollow Zone,cat,cat,0.4949
2026-08-04,20:29:20,Elderleaf Basin,cow,cow,0.6019
2026-08-04,20:29:20,Pine Hollow Zone,cow,cow,0.515
2026-08-04,20:29:20,North Ridge Forest,person,person,0.5163
2026-08-04,20:29:21,Misty Creek Grove,cow,cow,0.5845
2026-08-04,20:29:21,Pine Hollow Zone,cow,cow,0.7724
2026-08-04,20:29:21,Misty Creek Grove,cow,cow,0.6988
2026-08-04,20:29:21,North Ridge Forest,cow,cow,0.6268
2026-08-04,20:29:21,Misty Creek Grove,cow,cow,0.5199
2026-08-04,20:29:21,Greywood Edge,cow,cow,0.7837
2026-08-04,20:29:22,Pine Hollow Zone,cow,cow,0.7116
2026-08-04,20:29:22,Elderleaf Basin,cow,cow,0.4695
2026-08-04,20:29:22,Pine Hollow Zone,cow,cow,0.4684
2026-08-04,20:29:23,Elderleaf Basin,dog,dog,0.5664
2026-08-04,20:29:25,Fernvale Thicket,cow,cow,0.4956
2026-08-04,20:29:25,North Ridge Forest,cow,cow,0.5052
2026-08-04,20:29:26,Elderleaf Basin,cow,cow,0.6871
2026-08-04,20:29:26,Misty Creek Grove,cow,cow,0.7366
2026-08-04,20:29:26,Elderleaf Basin,cow,cow,0.7113
2026-08-04,20:29:27,Misty Creek Grove,cow,cow,0.7191
2026-08-04,20:29:27,Elderleaf Basin,cow,cow,0.7166
2026-08-04,20:29:27,Elderleaf Basin,cow,cow,0.5623
2026-08-04,20:29:27,Greywood Edge,cow,cow,0.6126
2026-08-04,20:29:27,Fernvale Thicket,cow,cow,0.496
2026-08-04,20:29:28,Pine Hollow Zone,person,person,0.4746
2026-08-04,20:29:28,Fernvale Thicket,person,person,0.4651
2026-08-04,20:29:28,North Ridge Forest,person,person,0.5859
2026-08-04,20:29:28,Elderleaf Basin,person,person,0.8045
2026-08-04,20:29:28,Greywood Edge,cat,cat,0.518
2026-08-04,20:29:28,North Ridge Forest,person,person,0.5047
2026-08-04,20:29:29,Elderleaf Basin,person,person,0.642
2026-08-04,20:29:29,Greywood Edge,person,person,0.5951
2026-08-04,20:29:29,Elderleaf Basin,person,person,0.8079
2026-08-04,20:29:29,North Ridge Forest,person,person,0.4522
2026-08-04,20:29:29,North Ridge Forest,person,person,0.8045
2026-08-04,20:29:29,Greywood Edge,person,person,0.8618
2026-08-04,20:29:29,Elderleaf Basin,person,person,0.8602
2026-08-04,20:29:30,Elderleaf Basin,person,person,0.8886
2026-08-04,20:29:30,Pine Hollow Zone,person,person,0.8972
2026-08-04,20:29:30,Misty Creek Grove,person,person,0.8926
2026-08-04,20:29:30,North Ridge Forest,person,person,0.8802
2026-08-04,20:29:30,North Ridge Forest,person,person,0.8575
2026-08-04,20:29:30,North Ridge Forest,person,person,0.8815
2026-08-04,20:29:31,Pine Hollow Zone,person,person,0.8945
2026-08-04,20:29:31,Fernvale Thicket,person,person,0.8869
2026-08-04,20:29:31,Fernvale Thicket,person,person,0.8662
2026-08-04,20:29:31,Fernvale Thicket,person,person,0.8572
2026-08-04,20:29:31,Fernvale Thicket,person,person,0.8367
2026-08-04,20:29:31,Elderleaf Basin,person,person,0.8876
2026-08-04,20:29:31,Misty Creek Grove,person,person,0.8732
2026-08-04,20:29:32,Pine Hollow Zone,person,person,0.8783
2026-08-04,20:29:32,North Ridge Forest,person,person,0.8667
2026-08-04,20:29:32,North Ridge Forest,person,person,0.8188
2026-08-04,20:29:32,North Ridge Forest,person,person,0.5448
2026-08-04,20:29:32,Misty Creek Grove,person,person,0.8798
2026-08-04,20:29:32,Greywood Edge,person,person,0.7966
2026-08-04,20:29:32,Elderleaf Basin,person,person,0.5346
2026-08-04,20:29:33,North Ridge Forest,person,person,0.7349
2026-08-04,20:29:33,Greywood Edge,person,person,0.644
2026-08-04,20:29:33,Elderleaf Basin,person,person,0.4892
2026-08-04,20:29:33,Pine Hollow Zone,person,person,0.7212
2026-08-04,20:29:33,Misty Creek Grove,person,person,0.6658
2026-08-04,20:29:33,Greywood Edge,elephant,elephant,0.6534
2026-08-04,20:29:33,Fernvale Thicket,person,person,0.5739
2026-08-04,20:29:34,Pine Hollow Zone,elephant,elephant,0.761
2026-08-04,20:29:34,Fernvale Thicket,elephant,elephant,0.9135
2026-08-04,20:29:34,Elderleaf Basin,elephant,elephant,0.9043
2026-08-04,20:29:34,Misty Creek Grove,elephant,elephant,0.8876
2026-08-04,20:29:34,Greywood Edge,person,person,0.6353
2026-08-04,20:29:34,Fernvale Thicket,person,person,0.646
2026-08-04,20:29:34,North Ridge Forest,elephant,elephant,0.6356
2026-08-04,20:29:35,Pine Hollow Zone,elephant,elephant,0.8103
2026-08-04,20:29:35,Greywood Edge,car,car,0.7258
2026-08-04,20:29:35,Greywood Edge,elephant,elephant,0.8953
2026-08-04,20:29:35,Fernvale Thicket,car,car,0.633
2026-08-04,20:29:35,Greywood Edge,elephant,elephant,0.9218
2026-08-04,20:29:35,Fernvale Thicket,car,car,0.7376
2026-08-04,20:29:35,Elderleaf Basin,car,car,0.4831
2026-08-04,20:29:35,Elderleaf Basin,elephant,elephant,0.9145
2026-08-04,20:29:35,Elderleaf Basin,car,car,0.6061
2026-08-04,20:29:35,Fernvale Thicket,car,car,0.5374
2026-08-04,20:29:36,Greywood Edge,elephant,elephant,0.9401
2026-08-04,20:29:36,Misty Creek Grove,car,car,0.7517
2026-08-04,20:29:36,Elderleaf Basin,car,car,0.4908
2026-08-04,20:29:36,Pine Hollow Zone,car,car,0.4504
2026-08-04,20:29:36,Fernvale Thicket,elephant,elephant,0.9114
2026-08-04,20:29:36,Fernvale Thicket,car,car,0.7117
2026-08-04,20:29:36,North Ridge Forest,elephant,elephant,0.9375
2026-08-04,20:29:36,North Ridge Forest,car,car,0.6043
2026-08-04,20:29:36,Greywood Edge,car,car,0.5672
2026-08-04,20:29:36,Fernvale Thicket,elephant,elephant,0.9055
2026-08-04,20:29:36,Elderleaf Basin,car,car,0.7491
2026-08-04,20:29:36,Misty Creek Grove,car,car,0.5394
2026-08-04,20:29:36,Pine Hollow Zone,elephant,elephant,0.8923
2026-08-04,20:29:36,Fernvale Thicket,car,car,0.8391
2026-08-04,20:29:36,Pine Hollow Zone,car,car,0.5699
2026-08-04,20:29:36,Greywood Edge,elephant,elephant,0.9038
2026-08-04,20:29:36,Elderleaf Basin,car,car,0.6916
2026-08-04,20:29:36,Pine Hollow Zone,car,car,0.5288
2026-08-04,20:29:37,Pine Hollow Zone,elephant,elephant,0.9249
2026-08-04,20:29:37,Elderleaf Basin,car,car,0.725
2026-08-04,20:29:37,Pine Hollow Zone,car,car,0.5219
2026-08-04,20:29:37,North Ridge Forest,elephant,elephant,0.921
2026-08-04,20:29:37,Misty Creek Grove,car,car,0.5992
2026-08-04,20:29:37,Misty Creek Grove,elephant,elephant,0.9236
2026-08-04,20:29:37,Pine Hollow Zone,car,car,0.7294
2026-08-04,20:29:37,Pine Hollow Zone,car,car,0.4793
2026-08-04,20:29:37,Misty Creek Grove,elephant,elephant,0.9335
2026-08-04,20:29:37,Elderleaf Basin,car,car,0.7472
2026-08-04,20:29:37,North Ridge Forest,person,person,0.5472
2026-08-04,20:29:37,Elderleaf Basin,car,car,0.5164
2026-08-04,20:29:37,Greywood Edge,elephant,elephant,0.9281
2026-08-04,20:29:37,Fernvale Thicket,car,car,0.7573
2026-08-04,20:29:38,Fernvale Thicket,elephant,elephant,0.9276
2026-08-04,20:29:38,Elderleaf Basin,car,car,0.7729
2026-08-04,20:29:38,Fernvale Thicket,elephant,elephant,0.9277
2026-08-04,20:29:38,Elderleaf Basin,car,car,0.5713
2026-08-04,20:29:38,North Ridge Forest,elephant,elephant,0.9238
2026-08-04,20:29:38,Fernvale Thicket,car,car,0.7689
2026-08-04,20:29:38,Greywood Edge,car,car,0.4681
2026-08-04,20:29:38,North Ridge Forest,elephant,elephant,0.9077
2026-08-04,20:29:38,Greywood Edge,car,car,0.7929
2026-08-04,20:29:38,Greywood Edge,car,car,0.5268
2026-08-04,20:29:38,Elderleaf Basin,elephant,elephant,0.9091
2026-08-04,20:29:38,Elderleaf Basin,car,car,0.7862
2026-08-04,20:29:38,Pine Hollow Zone,elephant,elephant,0.9175
2026-08-04,20:29:38,North Ridge Forest,car,car,0.7754
2026-08-04,20:29:38,North Ridge Forest,car,car,0.5043
2026-08-04,20:29:39,Greywood Edge,elephant,elephant,0.9203
2026-08-04,20:29:39,Greywood Edge,car,car,0.7607
2026-08-04,20:29:39,Pine Hollow Zone,elephant,elephant,0.9269
2026-08-04,20:29:39,North Ridge Forest,car,car,0.697
2026-08-04,20:29:39,Fernvale Thicket,elephant,elephant,0.9238
2026-08-04,20:29:39,Elderleaf Basin,car,car,0.6843
2026-08-04,20:29:39,North Ridge Forest,elephant,elephant,0.9294
2026-08-04,20:29:39,North Ridge Forest,car,car,0.7161
2026-08-04,20:29:40,Pine Hollow Zone,person,person,0.461
2026-08-04,20:29:40,Misty Creek Grove,person,person,0.6347
2026-08-04,20:29:40,Pine Hollow Zone,person,person,0.4823
2026-08-04,20:29:40,Greywood Edge,person,person,0.6572
2026-08-04,20:29:40,Misty Creek Grove,person,person,0.8133
2026-08-04,20:29:40,Greywood Edge,person,person,0.8639
2026-08-04,20:29:41,Misty Creek Grove,person,person,0.8247
2026-08-04,20:29:41,Fernvale Thicket,person,person,0.8427
2026-08-04,20:29:41,Pine Hollow Zone,person,person,0.846
2026-08-04,20:29:41,North Ridge Forest,person,person,0.8416
2026-08-04,20:29:41,Misty Creek Grove,person,person,0.8541
2026-08-04,20:29:42,Elderleaf Basin,person,person,0.823
2026-08-04,20:29:42,Misty Creek Grove,person,person,0.7543
2026-08-04,20:29:42,Misty Creek Grove,person,person,0.8222
2026-08-04,20:29:42,Greywood Edge,person,person,0.7594
2026-08-04,20:29:42,Elderleaf Basin,person,person,0.6268
2026-08-04,20:29:42,Misty Creek Grove,person,person,0.8776
2026-08-04,20:29:42,Elderleaf Basin,person,person,0.5909
2026-08-04,20:29:42,North Ridge Forest,person,person,0.8937
2026-08-04,20:29:42,Misty Creek Grove,person,person,0.6132
2026-08-04,20:29:43,Fernvale Thicket,person,person,0.9124
2026-08-04,20:29:43,Pine Hollow Zone,person,person,0.9227
2026-08-04,20:29:43,Greywood Edge,person,person,0.9103
2026-08-04,20:29:43,Pine Hollow Zone,person,person,0.9147
2026-08-04,20:29:43,North Ridge Forest,person,person,0.9106
2026-08-04,20:29:43,Misty Creek Grove,person,person,0.466
2026-08-04,20:29:43,North Ridge Forest,person,person,0.91
2026-08-04,20:29:44,Pine Hollow Zone,person,person,0.8951
2026-08-04,20:29:44,Misty Creek Grove,person,person,0.9071
2026-08-04,20:29:44,Elderleaf Basin,person,person,0.4829
2026-08-04,20:29:44,Pine Hollow Zone,person,person,0.9148
2026-08-04,20:29:44,Greywood Edge,person,person,0.916
2026-08-04,20:29:44,Pine Hollow Zone,person,person,0.7878
2026-08-04,20:29:44,North Ridge Forest,person,person,0.6334
2026-08-04,20:29:44,Fernvale Thicket,person,person,0.7572
2026-08-04,20:29:44,Misty Creek Grove,person,person,0.658
2026-08-04,20:29:45,Elderleaf Basin,person,person,0.8217
2026-08-04,20:29:45,Fernvale Thicket,person,person,0.5605
2026-08-04,20:29:45,North Ridge Forest,person,person,0.7937
2026-08-04,20:29:45,North Ridge Forest,person,person,0.6673
2026-08-04,20:29:45,Misty Creek Grove,person,person,0.8082
2026-08-04,20:29:45,Greywood Edge,person,person,0.5765
2026-08-04,20:29:45,Fernvale Thicket,person,person,0.8997
2026-08-04,20:29:45,North Ridge Forest,person,person,0.9242
2026-08-04,20:29:45,Elderleaf Basin,person,person,0.9256
2026-08-04,20:29:46,Elderleaf Basin,person,person,0.9075
2026-08-04,20:29:46,Misty Creek Grove,person,person,0.9049
2026-08-04,20:29:46,Misty Creek Grove,person,person,0.9266
2026-08-04,20:29:46,Pine Hollow Zone,person,person,0.9236
2026-08-04,20:29:47,North Ridge Forest,person,person,0.9223
2026-08-04,20:29:47,Greywood Edge,person,person,0.9162
2026-08-04,20:29:47,Elderleaf Basin,person,person,0.9158
2026-08-04,20:29:47,Greywood Edge,person,person,0.8886
2026-08-04,20:29:47,North Ridge Forest,person,person,0.4969
2026-08-04,20:29:47,Pine Hollow Zone,person,person,0.8797
2026-08-04,20:29:47,Pine Hollow Zone,person,person,0.849
2026-08-04,20:29:48,Greywood Edge,person,person,0.7984
2026-08-04,20:29:48,Misty Creek Grove,person,person,0.8087
2026-08-04,20:29:48,Greywood Edge,person,person,0.8855
2026-08-04,20:29:48,North Ridge Forest,person,person,0.8984
2026-08-04,20:29:48,Greywood Edge,person,person,0.8726
2026-08-04,20:29:48,Misty Creek Grove,person,person,0.8916
2026-08-04,20:29:49,Pine Hollow Zone,person,person,0.9311
2026-08-04,20:29:49,Fernvale Thicket,person,person,0.7745
2026-08-04,20:29:49,North Ridge Forest,person,person,0.5538
2026-08-04,20:29:49,Pine Hollow Zone,person,person,0.5173
2026-08-04,20:29:49,North Ridge Forest,person,person,0.6313
2026-08-04,20:29:50,Elderleaf Basin,person,person,0.5345
2026-08-04,20:29:50,North Ridge Forest,dog,dog,0.6287
2026-08-04,20:29:50,Pine Hollow Zone,dog,dog,0.7073
2026-08-04,20:29:50,Greywood Edge,person,person,0.5407
2026-08-04,20:29:51,Greywood Edge,dog,dog,0.5025
2026-08-04,20:29:51,Misty Creek Grove,dog,dog,0.4764
2026-08-04,20:29:52,Fernvale Thicket,dog,dog,0.4689
2026-08-04,20:29:53,North Ridge Forest,cow,cow,0.4579
2026-08-04,20:29:53,Greywood Edge,dog,dog,0.4814
2026-08-04,20:29:54,Misty Creek Grove,dog,dog,0.623
2026-08-04,20:29:54,Misty Creek Grove,dog,dog,0.4859
2026-08-04,20:29:54,Misty Creek Grove,dog,dog,0.6569
2026-08-04,20:29:54,Fernvale Thicket,dog,dog,0.5347
2026-08-04,20:29:55,Misty Creek Grove,dog,dog,0.4843
2026-08-04,20:29:55,North Ridge Forest,dog,dog,0.4981
2026-08-04,20:29:55,Elderleaf Basin,cow,cow,0.5286
2026-08-04,20:29:56,Fernvale Thicket,dog,dog,0.6034
2026-08-04,20:29:56,Misty Creek Grove,cow,cow,0.627
2026-08-04,20:29:56,Misty Creek Grove,cow,cow,0.5374
2026-08-04,20:29:57,North Ridge Forest,sheep,sheep,0.6617
2026-08-04,20:29:57,North Ridge Forest,cow,cow,0.7206
2026-08-04,20:29:57,Misty Creek Grove,cow,cow,0.5049
2026-08-04,20:29:57,Misty Creek Grove,cow,cow,0.6141
2026-08-04,20:29:57,Pine Hollow Zone,sheep,sheep,0.5356
2026-08-04,20:29:58,Fernvale Thicket,sheep,sheep,0.6294
2026-08-04,20:29:58,Pine Hollow Zone,person,person,0.4691
2026-08-04,20:29:58,Greywood Edge,sheep,sheep,0.4987
2026-08-04,20:29:58,Misty Creek Grove,cow,cow,0.545
2026-08-04,20:29:58,Elderleaf Basin,cow,cow,0.5663
2026-08-04,20:29:58,Misty Creek Grove,cow,cow,0.6978
2026-08-04,20:29:58,Misty Creek Grove,cow,cow,0.4813
2026-08-04,20:29:59,Fernvale Thicket,cow,cow,0.6926
2026-08-04,20:29:59,Fernvale Thicket,cow,cow,0.7835
2026-08-04,20:29:59,Fernvale Thicket,cow,cow,0.6965
2026-08-04,20:29:59,Elderleaf Basin,cow,cow,0.7772
2026-08-04,20:29:59,Elderleaf Basin,cow,cow,0.6602
2026-08-04,20:30:00,North Ridge Forest,cow,cow,0.653
2026-08-04,20:30:00,Misty Creek Grove,cow,cow,0.5113
2026-08-04,20:30:00,Greywood Edge,cow,cow,0.7586
2026-08-04,20:30:00,North Ridge Forest,cow,cow,0.4742
2026-08-04,20:30:00,Fernvale Thicket,sheep,sheep,0.5191
2026-08-04,20:30:01,North Ridge Forest,person,person,0.8416
2026-08-04,20:30:01,Elderleaf Basin,person,person,0.8634
2026-08-04,20:30:01,Elderleaf Basin,person,person,0.7646
2026-08-04,20:30:02,Elderleaf Basin,person,person,0.7843
2026-08-04,20:30:02,Pine Hollow Zone,person,person,0.8867
2026-08-04,20:30:02,Greywood Edge,person,person,0.8229
2026-08-04,20:30:02,North Ridge Forest,person,person,0.7507
2026-08-04,20:30:02,North Ridge Forest,person,person,0.7196
2026-08-04,20:30:02,Misty Creek Grove,person,person,0.46
2026-08-04,20:30:02,Greywood Edge,person,person,0.8571
2026-08-04,20:30:02,Fernvale Thicket,person,person,0.8258
2026-08-04,20:30:03,Fernvale Thicket,person,person,0.6498
2026-08-04,20:30:03,Greywood Edge,person,person,0.4759
2026-08-04,20:30:03,Pine Hollow Zone,cat,cat,0.4839
2026-08-04,20:30:03,Fernvale Thicket,person,person,0.6712
2026-08-04,20:30:04,North Ridge Forest,person,person,0.5871
2026-08-04,20:30:04,Elderleaf Basin,person,person,0.8311
2026-08-04,20:30:04,Pine Hollow Zone,person,person,0.8744
2026-08-04,20:30:04,Greywood Edge,person,person,0.836
2026-08-04,20:30:04,Misty Creek Grove,person,person,0.9075
2026-08-04,20:30:05,Elderleaf Basin,person,person,0.9051
2026-08-04,20:30:05,Greywood Edge,person,person,0.9089
2026-08-04,20:30:05,Misty Creek Grove,person,person,0.9115
2026-08-04,20:30:05,Greywood Edge,person,person,0.915
2026-08-04,22:19:26,Greywood Edge,cat,cat,0.4794
2026-08-04,22:19:27,Pine Hollow Zone,cat,cat,0.4525
2026-08-04,22:19:35,Fernvale Thicket,cat,cat,0.5446
2026-08-04,22:19:36,Elderleaf Basin,cat,cat,0.4931
2026-08-04,22:19:38,North Ridge Forest,cat,cat,0.7532
2026-08-04,22:19:39,North Ridge Forest,cat,cat,0.7772
2026-08-04,22:19:39,Greywood Edge,cat,cat,0.7595
2026-08-04,22:19:39,Fernvale Thicket,cat,cat,0.5918
2026-08-04,22:19:39,Pine Hollow Zone,person,person,0.5213
2026-08-04,22:19:40,Elderleaf Basin,bird,bird,0.7037
2026-08-04,22:19:40,Fernvale Thicket,person,person,0.8804
2026-08-04,22:19:41,Pine Hollow Zone,person,person,0.6627
2026-08-04,22:19:41,North Ridge Forest,person,person,0.6982
2026-08-04,22:19:42,Greywood Edge,cat,cat,0.5615
2026-08-04,22:19:42,Pine Hollow Zone,cat,cat,0.5014
2026-08-04,22:19:42,North Ridge Forest,person,person,0.4765
2026-08-04,22:19:45,Greywood Edge,person,person,0.8272
2026-08-04,22:19:46,Pine Hollow Zone,person,person,0.4669
2026-08-04,22:19:46,Elderleaf Basin,person,person,0.4921
2026-08-04,22:19:47,North Ridge Forest,person,person,0.7793
2026-08-04,22:19:47,Misty Creek Grove,person,person,0.7914
2026-08-04,22:19:47,North Ridge Forest,person,person,0.8219
2026-08-04,22:19:48,Elderleaf Basin,person,person,0.7314
2026-08-04,22:19:48,Misty Creek Grove,person,person,0.6707
2026-08-04,22:19:49,Elderleaf Basin,person,person,0.5943
2026-08-04,22:19:49,Elderleaf Basin,person,person,0.7317
2026-08-04,22:19:50,Pine Hollow Zone,person,person,0.633
2026-08-04,22:19:50,Misty Creek Grove,person,person,0.6134
2026-08-04,22:19:50,Pine Hollow Zone,person,person,0.7445
2026-08-04,22:19:51,Greywood Edge,person,person,0.6797
2026-08-04,22:19:51,Elderleaf Basin,person,person,0.8339
2026-08-04,22:19:51,North Ridge Forest,person,person,0.5562
2026-08-04,22:19:51,Elderleaf Basin,person,person,0.5333
2026-08-04,22:19:52,Fernvale Thicket,person,person,0.6208
2026-08-04,22:19:52,Elderleaf Basin,person,person,0.555
2026-08-04,22:19:52,Greywood Edge,person,person,0.5007
2026-08-04,22:19:53,Pine Hollow Zone,person,person,0.4872
2026-08-04,22:19:53,Elderleaf Basin,person,person,0.7922
2026-08-04,22:19:53,North Ridge Forest,person,person,0.6169
2026-08-04,22:19:54,Greywood Edge,person,person,0.8592
2026-08-04,22:19:54,Misty Creek Grove,person,person,0.7991
2026-08-04,22:19:55,Greywood Edge,person,person,0.7875
2026-08-04,22:19:55,North Ridge Forest,person,person,0.5337
2026-08-04,22:19:55,Pine Hollow Zone,person,person,0.5849
2026-08-04,22:19:56,Fernvale Thicket,person,person,0.7652
2026-08-04,22:19:56,Misty Creek Grove,person,person,0.6725
2026-08-04,22:19:57,Elderleaf Basin,person,person,0.8045
2026-08-04,22:19:57,Pine Hollow Zone,person,person,0.4726
2026-08-04,22:19:57,Pine Hollow Zone,person,person,0.6816
2026-08-04,22:19:58,Elderleaf Basin,person,person,0.8318
2026-08-04,22:19:58,Pine Hollow Zone,person,person,0.8424
2026-08-04,22:19:59,North Ridge Forest,person,person,0.7514
2026-08-04,22:19:59,North Ridge Forest,person,person,0.8507
2026-08-04,22:19:59,Elderleaf Basin,person,person,0.8376
2026-08-04,22:20:00,Pine Hollow Zone,person,person,0.8299
2026-08-04,22:20:00,Greywood Edge,person,person,0.8636
2026-08-04,22:20:00,Misty Creek Grove,person,person,0.8457
2026-08-04,22:20:01,Pine Hollow Zone,person,person,0.8361
2026-08-04,22:20:01,Elderleaf Basin,person,person,0.8805
2026-08-04,22:20:02,Pine Hollow Zone,person,person,0.8551
2026-08-04,22:20:02,Fernvale Thicket,person,person,0.8734
2026-08-04,22:20:02,Greywood Edge,person,person,0.8786
2026-08-04,22:20:03,Fernvale Thicket,person,person,0.8638
2026-08-04,22:20:03,Elderleaf Basin,person,person,0.8698
2026-08-04,22:20:04,Pine Hollow Zone,person,person,0.7705
2026-08-04,22:20:04,Elderleaf Basin,person,person,0.8555
2026-08-04,22:20:04,Greywood Edge,person,person,0.8437
2026-08-04,22:20:05,North Ridge Forest,person,person,0.8591
2026-08-04,22:20:05,Fernvale Thicket,person,person,0.8719
2026-08-04,22:20:06,Pine Hollow Zone,person,person,0.8366
2026-08-04,22:20:06,Misty Creek Grove,person,person,0.8519
2026-08-04,22:20:06,Misty Creek Grove,person,person,0.8326
2026-08-04,22:20:07,Fernvale Thicket,person,person,0.782
2026-08-04,22:20:07,Misty Creek Grove,person,person,0.7273
2026-08-04,22:20:08,Misty Creek Grove,person,person,0.7904
2026-08-04,22:20:08,Greywood Edge,person,person,0.7577
2026-08-04,22:20:09,Greywood Edge,person,person,0.8232
2026-08-04,22:20:09,Elderleaf Basin,person,person,0.6934
2026-08-04,22:20:09,Greywood Edge,person,person,0.5506
2026-08-04,22:20:10,Elderleaf Basin,person,person,0.7845
2026-08-04,22:20:10,Misty Creek Grove,person,person,0.7739
2026-08-04,22:20:11,Greywood Edge,person,person,0.451
2026-08-04,22:20:11,Pine Hollow Zone,cow,cow,0.6373
2026-08-04,22:20:11,North Ridge Forest,cow,cow,0.8496
2026-08-04,22:20:12,Elderleaf Basin,cow,cow,0.9258
2026-08-04,22:20:12,Elderleaf Basin,person,person,0.4716
2026-08-04,22:20:12,Elderleaf Basin,dog,dog,0.5934
2026-08-04,22:20:12,Greywood Edge,horse,horse,0.4584
2026-08-04,22:20:13,Fernvale Thicket,person,person,0.488
2026-08-04,22:20:13,North Ridge Forest,cow,cow,0.4801
2026-08-04,22:20:14,Greywood Edge,cow,cow,0.5905
2026-08-04,22:20:14,Pine Hollow Zone,cow,cow,0.6211
2026-08-04,22:20:15,Misty Creek Grove,cow,cow,0.8292
2026-08-04,22:20:15,North Ridge Forest,cow,cow,0.8248
2026-08-04,22:20:15,Elderleaf Basin,cow,cow,0.8733
2026-08-04,22:20:16,Pine Hollow Zone,cow,cow,0.9112
2026-08-04,22:20:16,Fernvale Thicket,cow,cow,0.9114
2026-08-04,22:20:17,Fernvale Thicket,cow,cow,0.6584
2026-08-04,22:20:17,Elderleaf Basin,person,person,0.499
2026-08-04,22:20:17,Pine Hollow Zone,cow,cow,0.8673
2026-08-04,22:20:17,North Ridge Forest,person,person,0.5185
2026-08-04,22:20:17,Fernvale Thicket,cow,cow,0.8812
2026-08-04,22:20:17,Misty Creek Grove,person,person,0.4957
2026-08-04,22:20:18,Greywood Edge,cow,cow,0.9161
2026-08-04,22:20:18,Misty Creek Grove,person,person,0.4777
2026-08-04,22:20:18,Elderleaf Basin,cow,cow,0.9309
2026-08-04,22:20:19,Pine Hollow Zone,cow,cow,0.5257
2026-08-04,22:20:19,Misty Creek Grove,cow,cow,0.9331
2026-08-04,22:20:20,Greywood Edge,cow,cow,0.8848
2026-08-04,22:20:20,North Ridge Forest,cow,cow,0.9463
2026-08-04,22:20:21,Pine Hollow Zone,cow,cow,0.9277
2026-08-04,22:20:21,Greywood Edge,cow,cow,0.9335
2026-08-04,22:20:21,North Ridge Forest,cow,cow,0.9364
2026-08-04,22:20:22,Misty Creek Grove,cow,cow,0.9154
2026-08-04,22:20:22,Pine Hollow Zone,person,person,0.4962
2026-08-04,22:20:23,Misty Creek Grove,person,person,0.5948
2026-08-04,22:20:24,North Ridge Forest,person,person,0.5274
2026-08-04,22:20:24,Elderleaf Basin,person,person,0.6872
2026-08-04,22:20:25,Pine Hollow Zone,person,person,0.5447
2026-08-04,22:20:25,Fernvale Thicket,person,person,0.5809
2026-08-04,22:20:26,Elderleaf Basin,zebra,zebra,0.9063
2026-08-04,22:20:26,North Ridge Forest,zebra,zebra,0.9178
2026-08-04,22:20:26,Pine Hollow Zone,person,person,0.5109
2026-08-04,22:20:27,Misty Creek Grove,zebra,zebra,0.9034
2026-08-04,22:20:27,Elderleaf Basin,person,person,0.4773
2026-08-04,22:20:27,Pine Hollow Zone,zebra,zebra,0.9247
2026-08-04,22:20:28,Greywood Edge,zebra,zebra,0.9321
2026-08-04,22:20:28,Pine Hollow Zone,zebra,zebra,0.9467
2026-08-04,22:20:28,Misty Creek Grove,person,person,0.5701
2026-08-04,22:20:29,Greywood Edge,zebra,zebra,0.9532
2026-08-04,22:20:29,Elderleaf Basin,person,person,0.6258
2026-08-04,22:20:29,North Ridge Forest,zebra,zebra,0.9513
2026-08-04,22:20:29,Pine Hollow Zone,person,person,0.6448
2026-08-04,22:20:30,Misty Creek Grove,zebra,zebra,0.9507
2026-08-04,22:20:30,Greywood Edge,person,person,0.8736
2026-08-04,22:20:31,Fernvale Thicket,person,person,0.6982
2026-08-04,22:20:31,Greywood Edge,cat,cat,0.4781
2026-08-04,22:20:31,Fernvale Thicket,person,person,0.6529
2026-08-04,22:20:31,North Ridge Forest,cat,cat,0.6926
2026-08-04,22:20:32,North Ridge Forest,cat,cat,0.7674
2026-08-04,22:20:32,North Ridge Forest,person,person,0.5194
2026-08-04,22:20:32,Elderleaf Basin,cat,cat,0.6919
2026-08-04,22:20:33,Pine Hollow Zone,person,person,0.7955
2026-08-04,22:20:33,Pine Hollow Zone,person,person,0.7589
2026-08-04,22:20:33,Elderleaf Basin,person,person,0.6796
2026-08-04,22:20:33,Greywood Edge,cat,cat,0.4565
2026-08-04,22:20:34,Elderleaf Basin,person,person,0.5843
2026-08-04,22:20:34,Fernvale Thicket,cat,cat,0.4783
2026-08-04,22:20:34,Misty Creek Grove,person,person,0.7283
2026-08-04,22:20:35,Pine Hollow Zone,person,person,0.789
2026-08-04,22:20:35,Greywood Edge,person,person,0.8422
2026-08-04,22:20:35,Misty Creek Grove,person,person,0.8187
2026-08-04,22:20:36,Greywood Edge,person,person,0.7713
2026-08-04,22:20:36,Pine Hollow Zone,person,person,0.8585
2026-08-04,22:20:37,Pine Hollow Zone,person,person,0.8767
2026-08-04,22:20:37,Misty Creek Grove,person,person,0.7916
2026-08-04,22:20:37,Greywood Edge,person,person,0.8515
2026-08-04,22:20:38,Greywood Edge,person,person,0.8043
2026-08-04,22:20:38,North Ridge Forest,person,person,0.811
2026-08-04,22:20:39,Elderleaf Basin,person,person,0.7602
2026-08-04,22:20:39,Misty Creek Grove,person,person,0.8581
2026-08-04,22:20:40,North Ridge Forest,person,person,0.8798
2026-08-04,22:20:40,Greywood Edge,cat,cat,0.6985
2026-08-04,22:20:40,Misty Creek Grove,person,person,0.8642
2026-08-04,22:20:41,Misty Creek Grove,person,person,0.6568
2026-08-04,22:20:41,Misty Creek Grove,dog,dog,0.5522
2026-08-04,22:20:41,Misty Creek Grove,elephant,elephant,0.7749
2026-08-04,22:20:41,North Ridge Forest,person,person,0.651
2026-08-04,22:20:42,Misty Creek Grove,person,person,0.7212
2026-08-04,22:20:42,North Ridge Forest,elephant,elephant,0.6818
2026-08-04,22:20:42,North Ridge Forest,elephant,elephant,0.6721
2026-08-04,22:20:42,Elderleaf Basin,person,person,0.6462
2026-08-04,22:20:42,Elderleaf Basin,elephant,elephant,0.7807
2026-08-04,22:20:42,Misty Creek Grove,elephant,elephant,0.6191
2026-08-04,22:20:42,Misty Creek Grove,person,person,0.5667
2026-08-04,22:20:43,Pine Hollow Zone,person,person,0.7208
2026-08-04,22:20:43,Elderleaf Basin,person,person,0.6087
2026-08-04,22:20:43,Misty Creek Grove,elephant,elephant,0.585
2026-08-04,22:20:44,Fernvale Thicket,elephant,elephant,0.8226
2026-08-04,22:20:44,Misty Creek Grove,person,person,0.6778
2026-08-04,22:20:44,Greywood Edge,elephant,elephant,0.6589
2026-08-04,22:20:44,Pine Hollow Zone,elephant,elephant,0.8298
2026-08-04,22:20:44,Misty Creek Grove,elephant,elephant,0.6025
2026-08-04,22:20:44,Fernvale Thicket,person,person,0.5989
2026-08-04,22:20:44,Fernvale Thicket,elephant,elephant,0.8098
2026-08-04,22:20:44,Fernvale Thicket,person,person,0.6505
2026-08-04,22:20:45,Elderleaf Basin,elephant,elephant,0.6429
2026-08-04,22:20:45,North Ridge Forest,person,person,0.5574
2026-08-04,22:20:45,Misty Creek Grove,person,person,0.8398
2026-08-04,22:20:46,Misty Creek Grove,cat,cat,0.5543
2026-08-04,22:20:46,Greywood Edge,person,person,0.7324
2026-08-04,22:20:47,Misty Creek Grove,person,person,0.4922
2026-08-04,22:20:47,Elderleaf Basin,person,person,0.7198
2026-08-04,22:20:47,Pine Hollow Zone,person,person,0.8486
2026-08-04,22:20:48,Greywood Edge,person,person,0.6529
2026-08-04,22:20:48,Greywood Edge,person,person,0.8089
2026-08-04,22:20:49,North Ridge Forest,person,person,0.8384
2026-08-04,22:20:49,Elderleaf Basin,person,person,0.8236
2026-08-04,22:20:49,North Ridge Forest,person,person,0.8286
2026-08-04,22:20:49,Elderleaf Basin,person,person,0.8235
2026-08-04,22:20:49,Fernvale Thicket,person,person,0.7114
2026-08-04,22:20:49,Elderleaf Basin,person,person,0.6704
2026-08-04,22:20:49,Fernvale Thicket,person,person,0.6704
2026-08-04,22:20:49,Misty Creek Grove,person,person,0.5932
2026-08-04,22:20:50,Misty Creek Grove,person,person,0.6461
2026-08-04,22:20:50,Pine Hollow Zone,person,person,0.6802
2026-08-04,22:20:50,Pine Hollow Zone,person,person,0.6802
2026-08-04,22:20:50,Pine Hollow Zone,person,person,0.6674
2026-08-04,22:20:50,Misty Creek Grove,person,person,0.6664
2026-08-04,22:20:50,Fernvale Thicket,person,person,0.6323
2026-08-04,22:20:50,North Ridge Forest,person,person,0.5966
2026-08-04,22:20:50,Pine Hollow Zone,person,person,0.717
2026-08-04,22:20:50,Greywood Edge,person,person,0.7036
2026-08-04,22:20:51,Pine Hollow Zone,person,person,0.7759
2026-08-04,22:20:51,Pine Hollow Zone,person,person,0.7759
2026-08-04,22:20:51,Misty Creek Grove,person,person,0.8014
2026-08-04,22:20:51,North Ridge Forest,person,person,0.7988
2026-08-04,22:20:51,Pine Hollow Zone,person,person,0.8109
2026-08-04,22:20:52,Pine Hollow Zone,person,person,0.8113
2026-08-04,22:20:52,Greywood Edge,person,person,0.8063
2026-08-04,22:20:52,Greywood Edge,person,person,0.7871
2026-08-04,22:20:52,Greywood Edge,person,person,0.7733
2026-08-04,22:20:52,Elderleaf Basin,person,person,0.7142
2026-08-04,22:20:52,Pine Hollow Zone,person,person,0.7638
2026-08-04,22:20:52,Elderleaf Basin,person,person,0.7186
2026-08-04,22:20:53,Misty Creek Grove,person,person,0.6356
2026-08-04,22:20:53,Elderleaf Basin,person,person,0.7393
2026-08-04,22:20:53,Pine Hollow Zone,person,person,0.7641
2026-08-04,22:20:53,Greywood Edge,person,person,0.6811
2026-08-04,22:20:53,Fernvale Thicket,person,person,0.7371
2026-08-04,22:20:53,Misty Creek Grove,person,person,0.8019
2026-08-04,22:20:53,North Ridge Forest,person,person,0.7754
2026-08-04,22:20:54,North Ridge Forest,person,person,0.8083
2026-08-04,22:20:54,Misty Creek Grove,person,person,0.8083
2026-08-04,22:20:54,Greywood Edge,person,person,0.8017
2026-08-04,22:20:54,Pine Hollow Zone,person,person,0.8017
2026-08-04,22:20:54,Misty Creek Grove,person,person,0.8215
2026-08-04,22:20:54,North Ridge Forest,person,person,0.8102
2026-08-04,22:20:54,Misty Creek Grove,person,person,0.8163
2026-08-04,22:20:54,Greywood Edge,person,person,0.7832
2026-08-04,22:20:54,Greywood Edge,person,person,0.8091
2026-08-04,22:20:55,Elderleaf Basin,person,person,0.8091
2026-08-04,22:20:55,Greywood Edge,person,person,0.7682
2026-08-04,22:20:55,Pine Hollow Zone,person,person,0.796
2026-08-04,22:20:55,Elderleaf Basin,person,person,0.8175
2026-08-04,22:20:55,Greywood Edge,person,person,0.8129
2026-08-04,22:20:55,Pine Hollow Zone,person,person,0.8058
2026-08-04,22:20:56,Greywood Edge,person,person,0.8
2026-08-04,22:20:56,Misty Creek Grove,person,person,0.7995
2026-08-04,22:20:56,North Ridge Forest,person,person,0.805
2026-08-04,22:20:56,Misty Creek Grove,person,person,0.7959
2026-08-04,22:20:56,Elderleaf Basin,person,person,0.6772
2026-08-04,22:20:56,Fernvale Thicket,person,person,0.7216
2026-08-04,22:20:56,Pine Hollow Zone,person,person,0.6949
2026-08-04,22:20:57,Fernvale Thicket,person,person,0.7648
2026-08-04,22:20:57,Fernvale Thicket,person,person,0.7943
2026-08-04,22:20:57,Greywood Edge,person,person,0.7792
2026-08-04,22:20:57,Greywood Edge,person,person,0.7983
2026-08-04,22:20:57,North Ridge Forest,person,person,0.8396
2026-08-04,22:20:57,North Ridge Forest,person,person,0.8069
2026-08-04,22:20:58,Misty Creek Grove,person,person,0.8082
2026-08-04,22:20:58,Misty Creek Grove,person,person,0.8106
2026-08-04,22:20:58,Greywood Edge,person,person,0.8074
2026-08-04,22:20:58,Fernvale Thicket,person,person,0.7429
2026-08-04,22:20:58,Pine Hollow Zone,cat,cat,0.5454
2026-08-04,22:20:58,Elderleaf Basin,person,person,0.6048
2026-08-04,22:20:59,Elderleaf Basin,person,person,0.6086
2026-08-04,22:20:59,Pine Hollow Zone,person,person,0.5369
2026-08-04,22:20:59,North Ridge Forest,person,person,0.5176
2026-08-04,22:20:59,Elderleaf Basin,person,person,0.7291
2026-08-04,22:20:59,Fernvale Thicket,person,person,0.7677
2026-08-04,22:20:59,Pine Hollow Zone,person,person,0.7612
2026-08-04,22:20:59,Pine Hollow Zone,person,person,0.7719
2026-08-04,22:21:00,North Ridge Forest,person,person,0.7998
2026-08-04,22:21:47,Fernvale Thicket,person,person,0.7005
2026-08-04,22:21:47,Elderleaf Basin,person,person,0.7118
2026-08-04,22:21:47,North Ridge Forest,person,person,0.7668
2026-08-04,22:21:48,Greywood Edge,person,person,0.7591
2026-08-04,22:21:48,Fernvale Thicket,person,person,0.7681
2026-08-04,22:21:49,Pine Hollow Zone,person,person,0.8152
2026-08-04,22:21:49,Pine Hollow Zone,person,person,0.7787
2026-08-04,22:21:50,Fernvale Thicket,person,person,0.825
2026-08-04,22:21:50,Pine Hollow Zone,person,person,0.7784
2026-08-04,22:21:50,Elderleaf Basin,person,person,0.8055
2026-08-04,22:21:51,Misty Creek Grove,person,person,0.768
2026-08-04,22:21:51,Elderleaf Basin,person,person,0.766
2026-08-04,22:21:52,Greywood Edge,person,person,0.7475
2026-08-04,22:21:52,Fernvale Thicket,person,person,0.7243
2026-08-04,22:21:53,Greywood Edge,person,person,0.764
2026-08-04,22:21:53,Elderleaf Basin,person,person,0.815
2026-08-04,22:21:54,Fernvale Thicket,person,person,0.8166
2026-08-04,22:21:54,North Ridge Forest,person,person,0.8392
2026-08-04,22:21:54,Pine Hollow Zone,person,person,0.8295
2026-08-04,22:21:55,Greywood Edge,person,person,0.6693
2026-08-04,22:21:55,Greywood Edge,person,person,0.8333
2026-08-04,22:21:56,Fernvale Thicket,person,person,0.8751
2026-08-04,22:21:56,Pine Hollow Zone,elephant,elephant,0.8548
2026-08-04,22:21:56,Fernvale Thicket,elephant,elephant,0.9382
2026-08-04,22:21:56,North Ridge Forest,person,person,0.7281
2026-08-04,22:21:56,Greywood Edge,elephant,elephant,0.9444
2026-08-04,22:21:56,Misty Creek Grove,person,person,0.8178
2026-08-04,22:21:57,Pine Hollow Zone,elephant,elephant,0.928
2026-08-04,22:21:57,Fernvale Thicket,person,person,0.8349
2026-08-04,22:21:57,Greywood Edge,elephant,elephant,0.9417
2026-08-04,22:21:57,Fernvale Thicket,person,person,0.8431
2026-08-04,22:21:58,Elderleaf Basin,person,person,0.6778
2026-08-04,22:21:58,Pine Hollow Zone,person,person,0.6485
2026-08-04,22:21:58,Elderleaf Basin,elephant,elephant,0.7374
2026-08-04,22:21:59,Fernvale Thicket,elephant,elephant,0.9437
2026-08-04,22:21:59,Fernvale Thicket,elephant,elephant,0.8212
2026-08-04,22:21:59,North Ridge Forest,elephant,elephant,0.8657
2026-08-04,22:22:00,Pine Hollow Zone,elephant,elephant,0.9171
2026-08-04,22:22:00,Elderleaf Basin,person,person,0.5253
2026-08-04,22:22:00,Greywood Edge,dog,dog,0.474
2026-08-04,22:22:00,Greywood Edge,elephant,elephant,0.8257
2026-08-04,22:22:01,Fernvale Thicket,elephant,elephant,0.8359
2026-08-04,22:22:01,Elderleaf Basin,elephant,elephant,0.8837
2026-08-04,22:22:02,Elderleaf Basin,elephant,elephant,0.8632
2026-08-04,22:22:02,North Ridge Forest,elephant,elephant,0.8866
2026-08-04,22:22:02,North Ridge Forest,elephant,elephant,0.7932
2026-08-04,22:22:03,Greywood Edge,elephant,elephant,0.582
2026-08-04,22:22:03,North Ridge Forest,elephant,elephant,0.8822
2026-08-04,22:22:04,Elderleaf Basin,elephant,elephant,0.9158
2026-08-04,22:22:04,Fernvale Thicket,elephant,elephant,0.936
2026-08-04,22:22:04,Fernvale Thicket,person,person,0.4577
2026-08-04,22:22:04,Pine Hollow Zone,elephant,elephant,0.9336
2026-08-04,22:22:05,Fernvale Thicket,elephant,elephant,0.9211
2026-08-04,22:22:05,Elderleaf Basin,elephant,elephant,0.9181
2026-08-04,22:22:06,Pine Hollow Zone,elephant,elephant,0.853
2026-08-04,22:22:06,North Ridge Forest,person,person,0.5504
2026-08-04,22:22:06,North Ridge Forest,elephant,elephant,0.9258
2026-08-04,22:22:06,Fernvale Thicket,person,person,0.5998
2026-08-04,22:22:07,North Ridge Forest,elephant,elephant,0.855
2026-08-04,22:22:07,North Ridge Forest,person,person,0.6982
2026-08-04,22:22:07,Elderleaf Basin,elephant,elephant,0.8993
2026-08-04,22:22:07,Elderleaf Basin,person,person,0.7053
2026-08-04,22:22:07,North Ridge Forest,elephant,elephant,0.891
2026-08-04,22:22:07,Pine Hollow Zone,person,person,0.7346
2026-08-04,22:22:08,Greywood Edge,elephant,elephant,0.8914
2026-08-04,22:22:08,Fernvale Thicket,person,person,0.702
2026-08-04,22:22:08,Elderleaf Basin,elephant,elephant,0.8536
2026-08-04,22:22:08,North Ridge Forest,person,person,0.6417
2026-08-04,22:22:09,Greywood Edge,elephant,elephant,0.898
2026-08-04,22:22:09,Pine Hollow Zone,person,person,0.7135
2026-08-04,22:22:09,Elderleaf Basin,elephant,elephant,0.8523
2026-08-04,22:22:09,Greywood Edge,person,person,0.7596
2026-08-04,22:22:09,Misty Creek Grove,person,person,0.8485
2026-08-04,22:22:10,North Ridge Forest,elephant,elephant,0.6789
2026-08-04,22:22:10,Pine Hollow Zone,elephant,elephant,0.9195
2026-08-04,22:22:10,Elderleaf Basin,person,person,0.8681
2026-08-04,22:22:10,North Ridge Forest,person,person,0.825
2026-08-04,22:22:11,Misty Creek Grove,elephant,elephant,0.6146
2026-08-04,22:22:11,Greywood Edge,elephant,elephant,0.9286
2026-08-04,22:22:11,Pine Hollow Zone,person,person,0.6997
2026-08-04,22:22:11,Pine Hollow Zone,elephant,elephant,0.9273
2026-08-04,22:22:12,Misty Creek Grove,person,person,0.6469
2026-08-04,22:22:12,Pine Hollow Zone,elephant,elephant,0.9143
2026-08-04,22:22:12,North Ridge Forest,elephant,elephant,0.9208
2026-08-04,22:22:13,Misty Creek Grove,elephant,elephant,0.9224
2026-08-04,22:22:13,Fernvale Thicket,elephant,elephant,0.9125
2026-08-04,22:22:14,North Ridge Forest,elephant,elephant,0.9275
2026-08-04,22:22:14,Greywood Edge,elephant,elephant,0.9302
2026-08-04,22:22:14,Misty Creek Grove,elephant,elephant,0.9212
2026-08-04,22:22:15,Greywood Edge,elephant,elephant,0.9173
2026-08-04,22:22:15,Pine Hollow Zone,elephant,elephant,0.9065
2026-08-04,22:22:16,Pine Hollow Zone,elephant,elephant,0.9249
2026-08-04,22:22:16,Fernvale Thicket,elephant,elephant,0.9164
2026-08-04,22:22:16,Fernvale Thicket,elephant,elephant,0.9218
2026-08-04,22:22:17,Pine Hollow Zone,elephant,elephant,0.92
2026-08-04,22:22:17,Fernvale Thicket,elephant,elephant,0.9248
2026-08-04,22:22:18,North Ridge Forest,elephant,elephant,0.9112
2026-08-04,22:22:18,Elderleaf Basin,elephant,elephant,0.9169
2026-08-04,22:22:18,Greywood Edge,elephant,elephant,0.9264
2026-08-04,22:22:19,North Ridge Forest,elephant,elephant,0.9306
2026-08-04,22:22:19,North Ridge Forest,elephant,elephant,0.9043
2026-08-04,22:22:20,Greywood Edge,elephant,elephant,0.8741
2026-08-04,22:22:20,Misty Creek Grove,elephant,elephant,0.8958
2026-08-04,22:22:21,Greywood Edge,elephant,elephant,0.9098
2026-08-04,22:22:21,Misty Creek Grove,elephant,elephant,0.9145
2026-08-04,22:22:21,Pine Hollow Zone,elephant,elephant,0.9236
2026-08-04,22:22:22,Fernvale Thicket,elephant,elephant,0.8832
2026-08-04,22:22:22,North Ridge Forest,elephant,elephant,0.9213
2026-08-04,22:22:23,Greywood Edge,elephant,elephant,0.9249
2026-08-04,22:22:23,Pine Hollow Zone,elephant,elephant,0.9103
2026-08-04,22:22:24,Greywood Edge,person,person,0.7828
2026-08-04,22:22:24,Elderleaf Basin,person,person,0.8279
2026-08-04,22:22:25,Elderleaf Basin,cat,cat,0.6364
2026-08-04,22:22:25,Elderleaf Basin,person,person,0.7724
2026-08-04,22:22:25,North Ridge Forest,person,person,0.7403
2026-08-04,22:22:26,Greywood Edge,person,person,0.8634
2026-08-04,22:22:26,Greywood Edge,cat,cat,0.6489
2026-08-04,22:22:26,Elderleaf Basin,person,person,0.6487
2026-08-04,22:22:27,Fernvale Thicket,person,person,0.8429
2026-08-04,22:22:27,Elderleaf Basin,person,person,0.845
2026-08-04,22:22:28,Fernvale Thicket,person,person,0.7789
2026-08-04,22:22:28,North Ridge Forest,person,person,0.8033
2026-08-04,22:22:28,Fernvale Thicket,person,person,0.8033
2026-08-04,22:22:29,Pine Hollow Zone,person,person,0.8438
2026-08-04,22:22:29,Pine Hollow Zone,person,person,0.8136
2026-08-04,22:22:30,North Ridge Forest,person,person,0.806
2026-08-04,22:22:30,Fernvale Thicket,person,person,0.8013
2026-08-04,22:22:30,Greywood Edge,person,person,0.7897
2026-08-04,22:27:55,Fernvale Thicket,person,person,0.8703
2026-08-04,22:27:56,Fernvale Thicket,person,person,0.8548
2026-08-04,22:27:56,Fernvale Thicket,person,person,0.8686
2026-08-04,22:27:57,Greywood Edge,person,person,0.839
2026-08-04,22:27:57,Greywood Edge,person,person,0.8568
2026-08-04,22:27:57,Pine Hollow Zone,person,person,0.8683
2026-08-04,22:27:58,Misty Creek Grove,person,person,0.8826
2026-08-04,22:27:58,Fernvale Thicket,person,person,0.8883
2026-08-04,22:27:58,Elderleaf Basin,person,person,0.894
2026-08-04,22:27:59,North Ridge Forest,person,person,0.8932
2026-08-04,22:27:59,Fernvale Thicket,person,person,0.7175
2026-08-04,22:28:00,Misty Creek Grove,person,person,0.5598
2026-08-04,22:28:00,Pine Hollow Zone,person,person,0.5162
2026-08-04,22:28:01,Misty Creek Grove,person,person,0.6172
2026-08-04,22:28:01,Misty Creek Grove,person,person,0.5452
2026-08-04,22:28:02,Misty Creek Grove,person,person,0.5816
2026-08-04,22:28:02,Pine Hollow Zone,person,person,0.4731
2026-08-04,22:28:03,North Ridge Forest,person,person,0.6405
2026-08-04,22:28:03,Pine Hollow Zone,person,person,0.8421
2026-08-04,22:28:04,Greywood Edge,person,person,0.7778
2026-08-04,22:28:04,Greywood Edge,person,person,0.8129
2026-08-04,22:28:04,Greywood Edge,person,person,0.8122
2026-08-04,22:28:05,Greywood Edge,person,person,0.7921
2026-08-04,22:28:05,Misty Creek Grove,person,person,0.7892
2026-08-04,22:28:05,North Ridge Forest,person,person,0.8679
2026-08-04,22:28:06,Greywood Edge,person,person,0.8545
2026-08-04,22:28:06,Pine Hollow Zone,person,person,0.8857
2026-08-04,22:28:07,Pine Hollow Zone,person,person,0.8836
2026-08-04,22:28:07,Greywood Edge,person,person,0.8579
2026-08-04,22:28:07,Misty Creek Grove,dog,dog,0.7234
2026-08-04,22:28:08,Fernvale Thicket,person,person,0.8043
2026-08-04,22:28:08,Misty Creek Grove,person,person,0.7824
2026-08-04,22:28:09,Fernvale Thicket,person,person,0.8993
2026-08-04,22:28:09,Pine Hollow Zone,person,person,0.7345
2026-08-04,22:28:11,Fernvale Thicket,person,person,0.5819
2026-08-04,22:28:11,Fernvale Thicket,person,person,0.4726
2026-08-04,22:28:11,Elderleaf Basin,person,person,0.8183
2026-08-04,22:28:12,Fernvale Thicket,person,person,0.7082
2026-08-04,22:28:12,Greywood Edge,person,person,0.8243
2026-08-04,22:28:13,Elderleaf Basin,person,person,0.6996
2026-08-04,22:28:13,Misty Creek Grove,person,person,0.7323
2026-08-04,22:28:13,Elderleaf Basin,person,person,0.8516
2026-08-04,22:28:14,Pine Hollow Zone,person,person,0.822
2026-08-04,22:28:14,Greywood Edge,person,person,0.8246
2026-08-04,22:28:14,Elderleaf Basin,person,person,0.8731
2026-08-04,22:28:15,Fernvale Thicket,person,person,0.8438
2026-08-04,22:28:15,Misty Creek Grove,person,person,0.7973
2026-08-04,22:28:16,Pine Hollow Zone,person,person,0.829
2026-08-04,22:28:16,Elderleaf Basin,person,person,0.8052
2026-08-04,22:28:16,Misty Creek Grove,person,person,0.7731
2026-08-04,22:28:17,North Ridge Forest,person,person,0.8511
2026-08-04,22:28:17,Elderleaf Basin,person,person,0.8516
2026-08-04,22:28:18,Pine Hollow Zone,person,person,0.8387
2026-08-04,22:28:18,Fernvale Thicket,person,person,0.8357
2026-08-04,22:28:18,Misty Creek Grove,person,person,0.8488
2026-08-04,22:28:19,Greywood Edge,person,person,0.8462
2026-08-04,22:28:19,Greywood Edge,person,person,0.7568
2026-08-04,22:28:20,Fernvale Thicket,person,person,0.8342
2026-08-04,22:28:20,Greywood Edge,person,person,0.6914
2026-08-04,22:28:20,Misty Creek Grove,person,person,0.7363
2026-08-04,22:28:21,North Ridge Forest,person,person,0.7466
2026-08-04,22:28:21,Greywood Edge,person,person,0.6037
2026-08-04,22:28:22,North Ridge Forest,person,person,0.5356
2026-08-04,22:28:22,Fernvale Thicket,person,person,0.5013
2026-08-04,22:28:22,North Ridge Forest,person,person,0.6566
2026-08-04,22:28:22,Fernvale Thicket,person,person,0.8203
2026-08-04,22:28:23,Misty Creek Grove,person,person,0.7437
2026-08-04,22:28:23,Elderleaf Basin,person,person,0.8256
2026-08-04,22:28:24,Pine Hollow Zone,person,person,0.8338
2026-08-04,22:28:24,Pine Hollow Zone,person,person,0.7269
2026-08-04,22:28:24,Pine Hollow Zone,person,person,0.736
2026-08-04,22:28:25,Elderleaf Basin,person,person,0.7373
2026-08-04,22:28:25,Pine Hollow Zone,person,person,0.7641
2026-08-04,22:28:26,North Ridge Forest,person,person,0.7298
2026-08-04,22:28:26,North Ridge Forest,person,person,0.6601
2026-08-04,22:28:26,Greywood Edge,person,person,0.6585
2026-08-04,22:28:27,Pine Hollow Zone,person,person,0.6596
2026-08-04,22:28:27,North Ridge Forest,person,person,0.5121
2026-08-04,22:28:27,Elderleaf Basin,cat,cat,0.5003
2026-08-04,22:28:27,Misty Creek Grove,person,person,0.6223
2026-08-04,22:28:28,Fernvale Thicket,person,person,0.4851
2026-08-04,22:28:28,North Ridge Forest,person,person,0.6723
2026-08-04,22:28:29,Greywood Edge,person,person,0.6992
2026-08-04,22:28:29,Greywood Edge,person,person,0.6933
2026-08-04,22:28:30,Greywood Edge,dog,dog,0.4521
2026-08-04,22:28:31,Misty Creek Grove,dog,dog,0.5285
2026-08-04,22:28:31,North Ridge Forest,person,person,0.5568
2026-08-04,22:28:31,Elderleaf Basin,cat,cat,0.4817
2026-08-04,22:28:32,North Ridge Forest,person,person,0.5944
2026-08-04,22:28:32,Elderleaf Basin,person,person,0.5691
2026-08-04,22:28:32,Misty Creek Grove,person,person,0.7418
2026-08-04,22:28:32,Fernvale Thicket,person,person,0.507
2026-08-04,22:28:33,Greywood Edge,person,person,0.8342
2026-08-04,22:28:33,Greywood Edge,person,person,0.7379
2026-08-04,22:28:33,Elderleaf Basin,person,person,0.8336
2026-08-04,22:28:33,North Ridge Forest,person,person,0.6893
2026-08-04,22:28:34,Elderleaf Basin,person,person,0.8122
2026-08-04,22:28:34,Fernvale Thicket,person,person,0.6453
2026-08-04,22:28:34,Pine Hollow Zone,person,person,0.8202
2026-08-04,22:28:34,Pine Hollow Zone,person,person,0.6354
2026-08-04,22:28:34,Misty Creek Grove,person,person,0.776
2026-08-04,22:28:34,Elderleaf Basin,person,person,0.6313
2026-08-04,22:28:35,North Ridge Forest,person,person,0.85
2026-08-04,22:28:35,Pine Hollow Zone,person,person,0.5075
2026-08-04,22:28:35,Greywood Edge,person,person,0.8223
2026-08-04,22:28:35,North Ridge Forest,person,person,0.6073
2026-08-04,22:28:36,Greywood Edge,person,person,0.4723
2026-08-04,22:28:36,Elderleaf Basin,person,person,0.4647
2026-08-04,22:28:36,Pine Hollow Zone,person,person,0.578
2026-08-04,22:28:37,Greywood Edge,cat,cat,0.5784
2026-08-04,22:28:37,Fernvale Thicket,person,person,0.7444
2026-08-04,22:28:39,North Ridge Forest,bird,bird,0.4591
2026-08-04,22:28:39,Pine Hollow Zone,bird,bird,0.7678
2026-08-04,22:28:40,Fernvale Thicket,person,person,0.6658
2026-08-04,22:28:40,Fernvale Thicket,person,person,0.4547
2026-08-04,22:28:40,North Ridge Forest,bird,bird,0.6795
2026-08-04,22:28:40,Fernvale Thicket,bird,bird,0.8426
2026-08-04,22:28:40,Elderleaf Basin,person,person,0.4823
2026-08-04,22:28:41,North Ridge Forest,bird,bird,0.7497
2026-08-04,22:28:41,Fernvale Thicket,bird,bird,0.8561
2026-08-04,22:28:42,Pine Hollow Zone,bird,bird,0.7496
2026-08-04,22:28:43,Greywood Edge,bird,bird,0.8162
2026-08-04,22:28:43,Misty Creek Grove,bird,bird,0.7844
2026-08-04,22:28:43,Pine Hollow Zone,bird,bird,0.7639
2026-08-04,22:28:44,Pine Hollow Zone,bird,bird,0.7984
2026-08-04,22:28:44,Misty Creek Grove,bird,bird,0.5903
2026-08-04,22:28:44,Elderleaf Basin,bird,bird,0.7819
2026-08-04,22:28:44,Greywood Edge,bird,bird,0.5084
2026-08-04,22:28:45,Pine Hollow Zone,bird,bird,0.7924
2026-08-04,22:28:45,Greywood Edge,bird,bird,0.8981
2026-08-04,22:28:45,Greywood Edge,bird,bird,0.8653
2026-08-04,22:28:46,Pine Hollow Zone,bird,bird,0.6735
2026-08-04,22:28:46,North Ridge Forest,bird,bird,0.8185
2026-08-04,22:28:46,North Ridge Forest,bird,bird,0.7224
2026-08-04,22:28:47,Fernvale Thicket,bird,bird,0.832
2026-08-04,22:28:47,Fernvale Thicket,bird,bird,0.4936
2026-08-04,22:28:47,Misty Creek Grove,person,person,0.6857
2026-08-04,22:28:48,Greywood Edge,cat,cat,0.4705
2026-08-04,22:28:48,North Ridge Forest,cat,cat,0.5152
2026-08-04,22:28:48,Pine Hollow Zone,person,person,0.4817
2026-08-04,22:28:49,Pine Hollow Zone,person,person,0.6293
2026-08-04,22:28:49,Misty Creek Grove,person,person,0.6273
2026-08-04,22:28:49,Pine Hollow Zone,person,person,0.7385
2026-08-04,22:28:50,Pine Hollow Zone,person,person,0.7034
2026-08-04,22:28:50,Elderleaf Basin,person,person,0.6747
2026-08-04,22:28:51,Greywood Edge,person,person,0.6523
2026-08-04,22:28:51,Fernvale Thicket,person,person,0.6212
2026-08-04,22:28:51,Greywood Edge,person,person,0.6995
2026-08-04,22:28:52,Fernvale Thicket,person,person,0.7369
2026-08-04,22:28:52,Misty Creek Grove,person,person,0.6942
2026-08-04,22:28:53,Misty Creek Grove,person,person,0.7087
2026-08-04,22:28:53,Greywood Edge,person,person,0.6421
2026-08-04,22:28:53,Elderleaf Basin,person,person,0.6615
2026-08-04,22:28:54,Elderleaf Basin,person,person,0.4637
2026-08-04,22:28:55,North Ridge Forest,person,person,0.614
2026-08-04,22:28:55,Greywood Edge,person,person,0.7375
2026-08-04,22:28:56,Pine Hollow Zone,person,person,0.7478
2026-08-04,22:28:56,North Ridge Forest,person,person,0.5779
2026-08-04,22:28:56,Misty Creek Grove,person,person,0.5475
2026-08-04,22:28:57,Pine Hollow Zone,person,person,0.5589
2026-08-04,22:28:57,Pine Hollow Zone,person,person,0.4829
2026-08-04,22:28:58,Pine Hollow Zone,person,person,0.5052
2026-08-04,22:28:58,Misty Creek Grove,person,person,0.481
2026-08-04,22:28:58,Elderleaf Basin,person,person,0.4689
2026-08-04,22:28:59,North Ridge Forest,person,person,0.6327
2026-08-04,22:28:59,Pine Hollow Zone,person,person,0.4679
2026-08-04,22:28:59,Elderleaf Basin,person,person,0.4952
2026-08-04,22:28:59,Misty Creek Grove,person,person,0.5928
2026-08-04,22:29:00,North Ridge Forest,person,person,0.4614
2026-08-04,22:29:01,North Ridge Forest,dog,dog,0.5093
2026-08-04,22:29:01,Elderleaf Basin,person,person,0.7326
2026-08-04,22:29:02,North Ridge Forest,person,person,0.6213
2026-08-04,22:29:02,Fernvale Thicket,person,person,0.6432
2026-08-04,22:29:03,Elderleaf Basin,person,person,0.587
2026-08-04,22:29:03,Misty Creek Grove,cat,cat,0.6129
2026-08-04,22:29:04,Pine Hollow Zone,person,person,0.6631
2026-08-04,22:29:04,Elderleaf Basin,cat,cat,0.814
2026-08-04,22:29:04,North Ridge Forest,cat,cat,0.7402
2026-08-04,22:29:05,Pine Hollow Zone,person,person,0.6952
2026-08-04,22:29:05,Fernvale Thicket,person,person,0.6412
2026-08-04,22:29:06,Fernvale Thicket,person,person,0.8032
2026-08-04,22:29:06,North Ridge Forest,person,person,0.7575
2026-08-04,22:29:06,Greywood Edge,person,person,0.7311
2026-08-04,22:29:07,Misty Creek Grove,person,person,0.7742
2026-08-04,22:29:07,Fernvale Thicket,person,person,0.7158
2026-08-04,22:29:08,Elderleaf Basin,person,person,0.6768
2026-08-04,22:29:08,Fernvale Thicket,person,person,0.6228
2026-08-04,22:29:08,Greywood Edge,cat,cat,0.5045
2026-08-04,22:29:08,Greywood Edge,person,person,0.7731
2026-08-04,22:29:09,Greywood Edge,person,person,0.7072
2026-08-04,22:29:09,North Ridge Forest,person,person,0.7179
2026-08-04,22:29:10,Pine Hollow Zone,person,person,0.7812
2026-08-04,22:29:10,Fernvale Thicket,person,person,0.8048
2026-08-04,22:29:10,Elderleaf Basin,person,person,0.8196
2026-08-04,22:29:11,Fernvale Thicket,person,person,0.743
2026-08-04,22:29:11,Fernvale Thicket,person,person,0.7785
2026-08-04,22:29:12,Fernvale Thicket,person,person,0.7969
2026-08-04,22:29:12,Greywood Edge,person,person,0.7994
2026-08-04,22:29:12,Misty Creek Grove,person,person,0.8075
2026-08-04,22:29:13,Pine Hollow Zone,person,person,0.8104
2026-08-04,22:29:13,Pine Hollow Zone,person,person,0.8184
2026-08-04,22:29:14,Misty Creek Grove,person,person,0.7841
2026-08-04,22:29:14,Fernvale Thicket,person,person,0.8184
2026-08-04,22:29:15,Pine Hollow Zone,person,person,0.7649
2026-08-04,22:29:15,Greywood Edge,person,person,0.7881
2026-08-04,22:29:15,North Ridge Forest,person,person,0.7378
2026-08-04,22:29:15,Elderleaf Basin,cat,cat,0.4574
2026-08-04,22:29:16,Pine Hollow Zone,person,person,0.7982
2026-08-04,22:29:16,North Ridge Forest,person,person,0.6046
2026-08-04,22:29:16,Misty Creek Grove,cat,cat,0.5786
2026-08-04,22:29:16,Elderleaf Basin,person,person,0.7595
2026-08-04,22:29:17,Greywood Edge,cat,cat,0.5097
2026-08-04,22:29:17,Elderleaf Basin,person,person,0.7963
2026-08-04,22:29:17,Misty Creek Grove,person,person,0.8288
2026-08-04,22:29:18,Pine Hollow Zone,cat,cat,0.7146
2026-08-04,22:29:18,North Ridge Forest,person,person,0.7558
2026-08-04,22:29:18,Elderleaf Basin,cat,cat,0.7087
2026-08-04,22:29:19,Misty Creek Grove,person,person,0.5432
2026-08-04,22:29:19,North Ridge Forest,person,person,0.5209
2026-08-04,22:29:19,Pine Hollow Zone,person,person,0.7113
2026-08-04,22:29:20,Elderleaf Basin,person,person,0.6905
2026-08-04,22:29:20,Greywood Edge,person,person,0.7537
2026-08-04,22:29:21,Elderleaf Basin,person,person,0.6141
2026-08-04,22:29:21,Misty Creek Grove,person,person,0.5834
2026-08-04,22:29:21,Greywood Edge,person,person,0.6926
2026-08-04,22:29:22,North Ridge Forest,person,person,0.7161
2026-08-04,22:29:22,Misty Creek Grove,person,person,0.514
2026-08-04,22:29:22,North Ridge Forest,person,person,0.6401
2026-08-04,22:29:22,Elderleaf Basin,person,person,0.5301
2026-08-04,22:29:23,Fernvale Thicket,person,person,0.5689
2026-08-04,22:29:23,Pine Hollow Zone,person,person,0.4624
2026-08-04,22:29:24,Greywood Edge,person,person,0.5347
2026-08-04,22:29:24,Fernvale Thicket,person,person,0.5637
2026-08-04,22:29:25,Elderleaf Basin,person,person,0.7235
2026-08-04,22:29:25,Fernvale Thicket,person,person,0.7316
2026-08-04,22:29:26,Misty Creek Grove,person,person,0.5458
2026-08-04,22:29:26,North Ridge Forest,cat,cat,0.5763
2026-08-04,22:29:27,Fernvale Thicket,cat,cat,0.8826
2026-08-04,22:29:27,Fernvale Thicket,cat,cat,0.8646
2026-08-04,22:29:27,Elderleaf Basin,cat,cat,0.8131
2026-08-04,22:29:28,Elderleaf Basin,cat,cat,0.7835
2026-08-04,22:29:28,Greywood Edge,cat,cat,0.7754
2026-08-04,22:29:29,Fernvale Thicket,cat,cat,0.7454
2026-08-04,22:29:29,Greywood Edge,person,person,0.7031
2026-08-04,22:29:29,Fernvale Thicket,person,person,0.7211
2026-08-04,22:29:30,Fernvale Thicket,cat,cat,0.8061
2026-08-04,22:29:30,North Ridge Forest,cat,cat,0.8007
2026-08-04,22:29:31,Fernvale Thicket,person,person,0.5329
2026-08-04,22:29:31,Elderleaf Basin,cat,cat,0.4842
2026-08-04,22:29:31,Elderleaf Basin,person,person,0.741
2026-08-04,22:29:31,Pine Hollow Zone,person,person,0.7713
2026-08-04,22:29:32,Greywood Edge,cat,cat,0.7148
2026-08-04,22:29:32,Pine Hollow Zone,cat,cat,0.6898
2026-08-04,22:29:33,Fernvale Thicket,person,person,0.6873
2026-08-04,22:29:33,Pine Hollow Zone,cat,cat,0.5955
2026-08-04,22:29:33,Fernvale Thicket,person,person,0.737
2026-08-04,22:29:39,Elderleaf Basin,person,person,0.78
2026-08-04,22:29:39,North Ridge Forest,person,person,0.5664
2026-08-04,22:29:40,Misty Creek Grove,person,person,0.4881
2026-08-04,22:29:40,Elderleaf Basin,cat,cat,0.4871
2026-08-04,22:29:40,Greywood Edge,person,person,0.8426
2026-08-04,22:29:41,Fernvale Thicket,person,person,0.811
2026-08-04,22:29:41,Fernvale Thicket,person,person,0.8192
2026-08-04,22:29:41,Greywood Edge,person,person,0.8447
2026-08-04,22:29:42,Misty Creek Grove,person,person,0.8409
2026-08-04,22:29:42,Pine Hollow Zone,person,person,0.8556
2026-08-04,22:29:43,Pine Hollow Zone,person,person,0.8529
2026-08-04,22:29:43,Greywood Edge,person,person,0.8356
2026-08-04,22:29:43,Fernvale Thicket,cat,cat,0.6857
2026-08-04,22:29:44,Fernvale Thicket,person,person,0.8241
2026-08-04,22:29:44,Elderleaf Basin,person,person,0.8658
2026-08-04,22:29:45,Elderleaf Basin,person,person,0.8503
2026-08-04,22:29:45,Fernvale Thicket,person,person,0.7764
2026-08-04,22:29:45,Pine Hollow Zone,person,person,0.7914
2026-08-04,22:29:46,Elderleaf Basin,person,person,0.6907
2026-08-04,22:29:46,Elderleaf Basin,person,person,0.6624
2026-08-05,11:36:28,North Ridge Forest,person,person,0.7225
2026-08-05,11:36:28,Pine Hollow Zone,person,person,0.6993
2026-08-05,11:36:28,Fernvale Thicket,person,person,0.5355
2026-08-05,11:36:29,Pine Hollow Zone,person,person,0.9024
2026-08-05,11:36:29,Misty Creek Grove,person,person,0.8767
2026-08-05,11:36:29,Misty Creek Grove,person,person,0.6577
2026-08-05,11:36:29,Misty Creek Grove,person,person,0.9098
2026-08-05,11:36:29,Fernvale Thicket,person,person,0.8765
2026-08-05,11:36:29,Pine Hollow Zone,person,person,0.7716
2026-08-05,11:36:30,Misty Creek Grove,person,person,0.9032
2026-08-05,11:36:30,Fernvale Thicket,person,person,0.8661
2026-08-05,11:36:30,Greywood Edge,person,person,0.7431
2026-08-05,11:36:30,North Ridge Forest,person,person,0.9067
2026-08-05,11:36:30,Misty Creek Grove,person,person,0.8623
2026-08-05,11:36:30,Greywood Edge,person,person,0.6917
2026-08-05,11:36:30,Misty Creek Grove,person,person,0.9029
2026-08-05,11:36:30,North Ridge Forest,person,person,0.8641
2026-08-05,11:36:30,Greywood Edge,person,person,0.7616
2026-08-05,11:36:31,Elderleaf Basin,person,person,0.8987
2026-08-05,11:36:31,Elderleaf Basin,person,person,0.8622
2026-08-05,11:36:31,Elderleaf Basin,person,person,0.7933
2026-08-05,11:36:31,Greywood Edge,person,person,0.9047
2026-08-05,11:36:31,Greywood Edge,person,person,0.8805
2026-08-05,11:36:31,Greywood Edge,person,person,0.833
2026-08-05,11:36:32,Elderleaf Basin,person,person,0.9022
2026-08-05,11:36:32,Fernvale Thicket,person,person,0.8724
2026-08-05,11:36:32,Fernvale Thicket,person,person,0.798
2026-08-05,11:36:32,North Ridge Forest,person,person,0.9053
2026-08-05,11:36:32,Greywood Edge,person,person,0.8652
2026-08-05,11:36:32,North Ridge Forest,person,person,0.7047
2026-08-05,11:36:32,Fernvale Thicket,person,person,0.9039
2026-08-05,11:36:32,Elderleaf Basin,person,person,0.8452
2026-08-05,11:36:32,Fernvale Thicket,person,person,0.6504
2026-08-05,11:36:33,North Ridge Forest,person,person,0.9146
2026-08-05,11:36:33,Elderleaf Basin,person,person,0.8591
2026-08-05,11:36:33,Misty Creek Grove,person,person,0.6599
2026-08-05,11:36:33,Elderleaf Basin,person,person,0.915
2026-08-05,11:36:33,Greywood Edge,person,person,0.8608
2026-08-05,11:36:33,Fernvale Thicket,person,person,0.7284
2026-08-05,11:36:34,Elderleaf Basin,person,person,0.9119
2026-08-05,11:36:34,North Ridge Forest,person,person,0.8378
2026-08-05,11:36:34,Misty Creek Grove,person,person,0.6753
2026-08-05,11:37:04,Pine Hollow Zone,person,person,0.926
2026-08-05,11:37:04,Pine Hollow Zone,person,person,0.8649
2026-08-05,11:37:04,Elderleaf Basin,person,person,0.9204
2026-08-05,11:37:04,Misty Creek Grove,person,person,0.8493
2026-08-05,11:37:05,North Ridge Forest,person,person,0.9283
2026-08-05,11:37:05,North Ridge Forest,person,person,0.9142
2026-08-05,11:37:05,North Ridge Forest,person,person,0.8146
2026-08-05,11:37:05,Pine Hollow Zone,person,person,0.911
2026-08-05,11:37:05,Fernvale Thicket,person,person,0.8969
2026-08-05,11:37:05,Elderleaf Basin,person,person,0.8831
2026-08-05,11:37:06,Greywood Edge,person,person,0.9374
2026-08-05,11:37:06,Elderleaf Basin,person,person,0.9206
2026-08-05,11:37:06,Pine Hollow Zone,person,person,0.891
2026-08-05,11:37:06,Pine Hollow Zone,person,person,0.9006
2026-08-05,11:37:06,Greywood Edge,person,person,0.7966
2026-08-05,11:37:06,North Ridge Forest,sheep,sheep,0.9189
2026-08-05,11:37:06,Fernvale Thicket,person,person,0.9176
2026-08-05,11:37:07,Elderleaf Basin,person,person,0.8825
2026-08-05,11:37:07,Greywood Edge,sheep,sheep,0.6573
2026-08-05,11:37:07,Greywood Edge,sheep,sheep,0.9119
2026-08-05,11:37:07,Greywood Edge,person,person,0.8989
2026-08-05,11:37:07,Misty Creek Grove,person,person,0.8272
2026-08-05,11:37:07,Pine Hollow Zone,sheep,sheep,0.5819
2026-08-05,11:37:07,Pine Hollow Zone,sheep,sheep,0.4504
2026-08-05,11:37:07,Pine Hollow Zone,sheep,sheep,0.9187
2026-08-05,11:37:07,Fernvale Thicket,person,person,0.8866
2026-08-05,11:37:07,North Ridge Forest,person,person,0.813
2026-08-05,11:37:07,Greywood Edge,sheep,sheep,0.5666
2026-08-05,11:37:08,Greywood Edge,sheep,sheep,0.9067
2026-08-05,11:37:08,Fernvale Thicket,person,person,0.7093
2026-08-05,11:37:08,Elderleaf Basin,person,person,0.7058
2026-08-05,11:37:08,North Ridge Forest,sheep,sheep,0.5129
2026-08-05,11:37:08,North Ridge Forest,sheep,sheep,0.8545
2026-08-05,11:37:08,North Ridge Forest,person,person,0.5891
2026-08-05,11:37:09,North Ridge Forest,person,person,0.6584
2026-08-05,11:37:09,Fernvale Thicket,person,person,0.4782
2026-08-05,11:37:09,North Ridge Forest,person,person,0.5904
2026-08-05,11:37:09,Pine Hollow Zone,person,person,0.4869
2026-08-05,11:37:10,North Ridge Forest,person,person,0.6638
2026-08-05,11:37:10,Fernvale Thicket,person,person,0.7028
2026-08-05,11:37:10,North Ridge Forest,sheep,sheep,0.6431
2026-08-05,11:37:10,Misty Creek Grove,sheep,sheep,0.8575
2026-08-05,11:37:10,Misty Creek Grove,person,person,0.827
2026-08-05,11:37:10,Elderleaf Basin,sheep,sheep,0.5093
2026-08-05,11:37:11,Pine Hollow Zone,sheep,sheep,0.9001
2026-08-05,11:37:11,Pine Hollow Zone,person,person,0.7998
2026-08-05,11:37:11,Elderleaf Basin,sheep,sheep,0.68
2026-08-05,11:37:11,North Ridge Forest,sheep,sheep,0.9299
2026-08-05,11:37:11,Misty Creek Grove,sheep,sheep,0.4688
2026-08-05,11:37:11,North Ridge Forest,sheep,sheep,0.4655
2026-08-05,11:37:12,North Ridge Forest,sheep,sheep,0.892
2026-08-05,11:37:12,Elderleaf Basin,person,person,0.5144
2026-08-05,11:37:12,Elderleaf Basin,sheep,sheep,0.514
2026-08-05,11:37:12,North Ridge Forest,sheep,sheep,0.9241
2026-08-05,11:37:12,North Ridge Forest,sheep,sheep,0.589
2026-08-05,11:37:13,Misty Creek Grove,sheep,sheep,0.9358
2026-08-05,11:37:13,Misty Creek Grove,person,person,0.5845
2026-08-05,11:37:13,Misty Creek Grove,sheep,sheep,0.5515
2026-08-05,11:37:13,Fernvale Thicket,sheep,sheep,0.5269
2026-08-05,11:37:13,Misty Creek Grove,person,person,0.5717
2026-08-05,11:37:13,Misty Creek Grove,person,person,0.9047
2026-08-05,11:37:13,North Ridge Forest,person,person,0.8397
2026-08-05,11:37:14,Fernvale Thicket,person,person,0.8739
2026-08-05,11:37:14,Fernvale Thicket,person,person,0.7733
2026-08-05,11:37:14,Pine Hollow Zone,person,person,0.457
2026-08-05,11:37:14,Misty Creek Grove,person,person,0.8762
2026-08-05,11:37:14,Fernvale Thicket,person,person,0.754
2026-08-05,11:37:14,Misty Creek Grove,person,person,0.73
2026-08-05,11:37:15,North Ridge Forest,person,person,0.8989
2026-08-05,11:37:15,Greywood Edge,person,person,0.7379
2026-08-05,11:37:15,North Ridge Forest,person,person,0.7254
2026-08-05,11:37:15,Pine Hollow Zone,person,person,0.9063
2026-08-05,11:37:15,Elderleaf Basin,person,person,0.863
2026-08-05,11:37:15,Fernvale Thicket,person,person,0.8173
2026-08-05,11:37:16,Greywood Edge,person,person,0.918
2026-08-05,11:37:16,Elderleaf Basin,person,person,0.9058
2026-08-05,11:37:16,Greywood Edge,person,person,0.8215
2026-08-05,11:37:16,Fernvale Thicket,person,person,0.914
2026-08-05,11:37:16,Misty Creek Grove,person,person,0.8953
2026-08-05,11:37:16,Fernvale Thicket,person,person,0.8189
2026-08-05,11:37:17,Greywood Edge,person,person,0.8998
2026-08-05,11:37:17,Misty Creek Grove,person,person,0.806
2026-08-05,11:37:17,Misty Creek Grove,person,person,0.7467
2026-08-05,11:37:17,Misty Creek Grove,sheep,sheep,0.8893
2026-08-05,11:37:17,Greywood Edge,person,person,0.8618
2026-08-05,11:37:17,Elderleaf Basin,person,person,0.8395
2026-08-05,11:37:17,North Ridge Forest,person,person,0.8605
2026-08-05,11:37:17,Fernvale Thicket,person,person,0.7706
2026-08-05,11:37:17,North Ridge Forest,person,person,0.6875
2026-08-05,11:37:17,Elderleaf Basin,sheep,sheep,0.6536
2026-08-05,11:37:18,North Ridge Forest,person,person,0.6246
2026-08-05,11:37:18,Elderleaf Basin,person,person,0.5536
2026-08-05,11:37:21,Greywood Edge,giraffe,giraffe,0.4741
2026-08-05,11:37:21,North Ridge Forest,sheep,sheep,0.7429
2026-08-05,11:37:21,Pine Hollow Zone,person,person,0.7105
2026-08-05,11:37:21,Elderleaf Basin,person,person,0.6129
2026-08-05,11:37:22,Greywood Edge,person,person,0.8777
2026-08-05,11:37:22,Fernvale Thicket,sheep,sheep,0.8412
2026-08-05,11:37:22,Fernvale Thicket,person,person,0.799
2026-08-05,11:37:22,Misty Creek Grove,sheep,sheep,0.9006
2026-08-05,11:37:22,Pine Hollow Zone,person,person,0.8777
2026-08-05,11:37:22,Pine Hollow Zone,person,person,0.6815
2026-08-05,11:37:22,Elderleaf Basin,sheep,sheep,0.9379
2026-08-05,11:37:22,North Ridge Forest,person,person,0.9198
2026-08-05,11:37:22,Fernvale Thicket,person,person,0.7386
2026-08-05,11:37:23,Elderleaf Basin,person,person,0.9263
2026-08-05,11:37:23,Fernvale Thicket,sheep,sheep,0.9137
2026-08-05,11:37:23,Elderleaf Basin,person,person,0.7606
2026-08-05,11:37:23,Fernvale Thicket,sheep,sheep,0.9454
2026-08-05,11:37:23,Greywood Edge,person,person,0.9423
2026-08-05,11:37:23,North Ridge Forest,person,person,0.7579
2026-08-05,11:37:24,Fernvale Thicket,sheep,sheep,0.9384
2026-08-05,11:37:24,Greywood Edge,person,person,0.9373
2026-08-05,11:37:24,Greywood Edge,person,person,0.7365
2026-08-05,11:37:24,Elderleaf Basin,person,person,0.9326
2026-08-05,11:37:24,Pine Hollow Zone,sheep,sheep,0.9141
2026-08-05,11:37:24,Fernvale Thicket,person,person,0.7672
2026-08-05,11:37:25,Elderleaf Basin,person,person,0.926
2026-08-05,11:37:25,Fernvale Thicket,sheep,sheep,0.8941
2026-08-05,11:37:25,Pine Hollow Zone,person,person,0.7768
2026-08-05,11:37:25,North Ridge Forest,person,person,0.917
2026-08-05,11:37:25,North Ridge Forest,person,person,0.74
2026-08-05,11:37:25,Elderleaf Basin,person,person,0.9352
2026-08-05,11:37:25,Fernvale Thicket,sheep,sheep,0.9132
2026-08-05,11:37:25,Greywood Edge,person,person,0.7192
2026-08-05,11:37:26,Elderleaf Basin,person,person,0.9293
2026-08-05,11:37:26,Fernvale Thicket,sheep,sheep,0.796
2026-08-05,11:37:26,North Ridge Forest,person,person,0.7347
2026-08-05,11:37:26,Elderleaf Basin,cow,cow,0.487
2026-08-05,11:37:26,Greywood Edge,person,person,0.9213
2026-08-05,11:37:26,Misty Creek Grove,sheep,sheep,0.781
2026-08-05,11:37:26,Fernvale Thicket,person,person,0.7522
2026-08-05,11:37:26,Fernvale Thicket,cow,cow,0.6379
2026-08-05,11:37:27,Misty Creek Grove,person,person,0.9132
2026-08-05,11:37:27,Fernvale Thicket,sheep,sheep,0.8931
2026-08-05,11:37:27,Elderleaf Basin,person,person,0.7184
2026-08-05,11:37:27,Greywood Edge,person,person,0.9386
2026-08-05,11:37:27,Pine Hollow Zone,person,person,0.8673
2026-08-05,11:37:27,Greywood Edge,sheep,sheep,0.8062
2026-08-05,11:37:36,Fernvale Thicket,person,person,0.9276
2026-08-05,11:37:36,Pine Hollow Zone,person,person,0.8441
2026-08-05,11:37:36,North Ridge Forest,person,person,0.8139
2026-08-05,11:37:36,North Ridge Forest,person,person,0.9252
2026-08-05,11:37:36,Fernvale Thicket,person,person,0.8419
2026-08-05,11:37:36,Pine Hollow Zone,person,person,0.8109
2026-08-05,11:37:36,North Ridge Forest,person,person,0.9281
2026-08-05,11:37:36,Greywood Edge,person,person,0.8503
2026-08-05,11:37:36,Fernvale Thicket,person,person,0.846
2026-08-05,11:37:37,North Ridge Forest,person,person,0.9219
2026-08-05,11:37:37,Fernvale Thicket,person,person,0.8284
2026-08-05,11:37:37,Greywood Edge,person,person,0.8273
2026-08-05,11:37:37,Pine Hollow Zone,person,person,0.9253
2026-08-05,11:37:37,Greywood Edge,person,person,0.8076
2026-08-05,11:37:37,Misty Creek Grove,person,person,0.7667
2026-08-05,11:37:38,Elderleaf Basin,person,person,0.9217
2026-08-05,11:37:38,North Ridge Forest,person,person,0.7805
2026-08-05,11:37:38,Greywood Edge,person,person,0.5174
2026-08-05,11:37:38,North Ridge Forest,person,person,0.9273
2026-08-05,11:37:38,North Ridge Forest,person,person,0.8371
2026-08-05,11:37:38,Fernvale Thicket,person,person,0.6805
2026-08-05,11:37:38,Greywood Edge,person,person,0.6645
2026-08-05,11:37:39,Greywood Edge,person,person,0.4681
2026-08-05,11:37:40,Pine Hollow Zone,person,person,0.6494
2026-08-05,11:37:40,Fernvale Thicket,person,person,0.8169
2026-08-05,11:37:40,Fernvale Thicket,person,person,0.8508
2026-08-05,11:37:40,Greywood Edge,person,person,0.5429
2026-08-05,11:37:40,Misty Creek Grove,person,person,0.4839
2026-08-05,11:37:41,Pine Hollow Zone,person,person,0.7829
2026-08-05,11:37:41,Fernvale Thicket,person,person,0.6727
2026-08-05,11:37:41,North Ridge Forest,person,person,0.5555
2026-08-05,11:37:41,Elderleaf Basin,person,person,0.5424
2026-08-05,11:37:42,Elderleaf Basin,person,person,0.741
2026-08-05,11:37:42,Pine Hollow Zone,person,person,0.658
2026-08-05,11:37:42,Pine Hollow Zone,person,person,0.8249
2026-08-05,11:37:42,Pine Hollow Zone,cow,cow,0.8038
2026-08-05,11:37:42,Greywood Edge,person,person,0.699
2026-08-05,11:37:43,Elderleaf Basin,cow,cow,0.8378
2026-08-05,11:37:43,North Ridge Forest,person,person,0.6662
2026-08-05,11:37:43,Misty Creek Grove,person,person,0.4968
2026-08-05,11:37:43,Pine Hollow Zone,cow,cow,0.8779
2026-08-05,11:37:43,Greywood Edge,person,person,0.728
2026-08-05,11:37:43,North Ridge Forest,person,person,0.7103
2026-08-05,11:37:44,Pine Hollow Zone,person,person,0.8476
2026-08-05,11:37:44,North Ridge Forest,cow,cow,0.8475
2026-08-05,11:37:44,Misty Creek Grove,person,person,0.8207
2026-08-05,11:37:44,Elderleaf Basin,cow,cow,0.8421
2026-08-05,11:37:44,Greywood Edge,person,person,0.7333
2026-08-05,11:37:44,Misty Creek Grove,person,person,0.5969
2026-08-05,11:37:45,North Ridge Forest,cow,cow,0.9059
2026-08-05,11:37:45,Elderleaf Basin,person,person,0.8555
2026-08-05,11:37:45,Elderleaf Basin,person,person,0.8027
2026-08-05,11:37:45,North Ridge Forest,cow,cow,0.8497
2026-08-05,11:37:45,Greywood Edge,person,person,0.7725
2026-08-05,11:37:45,Elderleaf Basin,person,person,0.708
2026-08-05,11:37:45,Pine Hollow Zone,person,person,0.8938
2026-08-05,11:37:45,North Ridge Forest,person,person,0.8645
2026-08-05,11:37:45,North Ridge Forest,cow,cow,0.8483
2026-08-05,11:37:46,Elderleaf Basin,person,person,0.9029
2026-08-05,11:37:46,Pine Hollow Zone,cow,cow,0.7499
2026-08-05,11:37:46,Greywood Edge,person,person,0.4847
2026-08-05,11:37:46,Fernvale Thicket,person,person,0.933
2026-08-05,11:37:46,Greywood Edge,person,person,0.8794
2026-08-05,11:37:46,North Ridge Forest,person,person,0.7472
2026-08-05,11:37:47,Fernvale Thicket,person,person,0.9259
2026-08-05,11:37:47,North Ridge Forest,person,person,0.8672
2026-08-05,11:37:47,Greywood Edge,person,person,0.7167
2026-08-05,11:37:47,North Ridge Forest,person,person,0.9443
2026-08-05,11:37:47,Elderleaf Basin,person,person,0.9355
2026-08-05,11:37:47,North Ridge Forest,person,person,0.8484
2026-08-05,11:37:48,Greywood Edge,person,person,0.9406
2026-08-05,11:37:48,Misty Creek Grove,person,person,0.9207
2026-08-05,11:37:48,Fernvale Thicket,person,person,0.8646
2026-08-05,11:37:48,Pine Hollow Zone,person,person,0.9049
2026-08-05,11:37:48,Greywood Edge,person,person,0.881
2026-08-05,11:37:48,North Ridge Forest,person,person,0.8591
2026-08-05,11:37:53,Fernvale Thicket,person,person,0.9231
2026-08-05,11:37:53,Greywood Edge,person,person,0.8916
2026-08-05,11:37:53,Elderleaf Basin,person,person,0.8579
2026-08-05,11:37:53,Fernvale Thicket,person,person,0.9256
2026-08-05,11:37:53,Fernvale Thicket,person,person,0.879
2026-08-05,11:37:53,Misty Creek Grove,person,person,0.8718
2026-08-05,11:37:54,Pine Hollow Zone,person,person,0.932
2026-08-05,11:37:54,Elderleaf Basin,person,person,0.8135
2026-08-05,11:37:54,North Ridge Forest,person,person,0.6507
2026-08-05,11:37:54,North Ridge Forest,person,person,0.9479
2026-08-05,11:37:54,Misty Creek Grove,person,person,0.885
2026-08-05,11:37:54,Misty Creek Grove,person,person,0.8187
2026-08-05,11:37:55,North Ridge Forest,person,person,0.9463
2026-08-05,11:37:55,Elderleaf Basin,person,person,0.9192
2026-08-05,11:37:55,Greywood Edge,person,person,0.8803
2026-08-05,11:37:55,Pine Hollow Zone,person,person,0.9395
2026-08-05,11:37:55,Pine Hollow Zone,person,person,0.9018
2026-08-05,11:37:55,Pine Hollow Zone,person,person,0.8341
2026-08-05,11:37:56,Pine Hollow Zone,person,person,0.9402
2026-08-05,11:37:56,Elderleaf Basin,person,person,0.9128
2026-08-05,11:37:56,Greywood Edge,person,person,0.8633
2026-08-05,11:37:56,North Ridge Forest,person,person,0.9292
2026-08-05,11:37:56,Pine Hollow Zone,person,person,0.8913
2026-08-05,11:37:56,Misty Creek Grove,person,person,0.8686
2026-08-05,11:48:20,Pine Hollow Zone,person,person,0.6962
2026-08-05,11:48:20,Elderleaf Basin,person,person,0.5912
2026-08-05,11:48:20,Pine Hollow Zone,person,person,0.8253
2026-08-05,11:48:20,Greywood Edge,person,person,0.4794
2026-08-05,11:48:21,Misty Creek Grove,person,person,0.9253
2026-08-05,11:48:21,Fernvale Thicket,person,person,0.9247
2026-08-05,11:48:21,Pine Hollow Zone,person,person,0.8865
2026-08-05,11:48:21,Elderleaf Basin,person,person,0.9221
2026-08-05,11:48:21,Fernvale Thicket,person,person,0.8863
2026-08-05,11:48:21,Elderleaf Basin,person,person,0.8691
2026-08-05,11:48:22,Pine Hollow Zone,person,person,0.9035
2026-08-05,11:48:22,Pine Hollow Zone,person,person,0.895
2026-08-05,11:48:22,Greywood Edge,person,person,0.8113
2026-08-05,11:48:22,North Ridge Forest,person,person,0.9198
2026-08-05,11:48:22,Elderleaf Basin,person,person,0.8888
2026-08-05,11:48:22,North Ridge Forest,person,person,0.8728
2026-08-05,11:48:23,Elderleaf Basin,person,person,0.9337
2026-08-05,11:48:23,Misty Creek Grove,person,person,0.9152
2026-08-05,11:48:23,Fernvale Thicket,person,person,0.8924
2026-08-05,11:48:23,North Ridge Forest,person,person,0.9328
2026-08-05,11:48:23,Greywood Edge,person,person,0.9309
2026-08-05,11:48:23,Fernvale Thicket,person,person,0.8808
2026-08-05,11:48:23,Pine Hollow Zone,person,person,0.9391
2026-08-05,11:48:23,Fernvale Thicket,person,person,0.9203
2026-08-05,11:48:23,Misty Creek Grove,person,person,0.8828
2026-08-05,11:48:24,Fernvale Thicket,person,person,0.9345
2026-08-05,11:48:24,Greywood Edge,person,person,0.8992
2026-08-05,11:48:24,North Ridge Forest,person,person,0.8675
2026-08-05,11:48:24,Elderleaf Basin,person,person,0.9343
2026-08-05,11:48:24,Pine Hollow Zone,person,person,0.9282
2026-08-05,11:48:24,Pine Hollow Zone,person,person,0.831
2026-08-05,11:48:25,Fernvale Thicket,person,person,0.9419
2026-08-05,11:48:25,Elderleaf Basin,person,person,0.9369
2026-08-05,11:48:25,Fernvale Thicket,person,person,0.795
2026-08-05,11:48:25,Greywood Edge,person,person,0.9403
2026-08-05,11:48:25,Pine Hollow Zone,person,person,0.9377
2026-08-05,11:48:25,North Ridge Forest,person,person,0.7942
2026-08-05,11:48:25,North Ridge Forest,person,person,0.9355
2026-08-05,11:48:25,Greywood Edge,person,person,0.8873
2026-08-05,11:48:25,Greywood Edge,person,person,0.734
2026-08-05,11:48:26,Greywood Edge,person,person,0.933
2026-08-05,11:48:26,Elderleaf Basin,person,person,0.887
2026-08-05,11:48:26,Greywood Edge,person,person,0.6194
2026-08-05,11:48:26,Greywood Edge,person,person,0.932
2026-08-05,11:48:26,North Ridge Forest,person,person,0.921
2026-08-05,11:48:26,North Ridge Forest,person,person,0.7609
2026-08-05,11:48:27,Misty Creek Grove,person,person,0.9395
2026-08-05,11:48:27,Greywood Edge,person,person,0.9176
2026-08-05,11:48:27,Misty Creek Grove,person,person,0.7873
2026-08-05,11:48:27,Elderleaf Basin,person,person,0.9386
2026-08-05,11:48:27,Greywood Edge,person,person,0.8687
2026-08-05,11:48:27,Pine Hollow Zone,person,person,0.6682
2026-08-05,11:48:28,Elderleaf Basin,person,person,0.9361
2026-08-05,11:48:28,Fernvale Thicket,person,person,0.886
2026-08-05,11:48:28,Misty Creek Grove,person,person,0.8419
2026-08-05,11:48:28,Misty Creek Grove,person,person,0.9357
2026-08-05,11:48:28,Fernvale Thicket,person,person,0.9221
2026-08-05,11:48:28,Fernvale Thicket,person,person,0.7979
2026-08-05,11:48:28,Elderleaf Basin,person,person,0.9339
2026-08-05,11:48:28,Misty Creek Grove,person,person,0.7849
2026-08-05,11:48:28,Fernvale Thicket,person,person,0.6707
2026-08-05,11:48:28,Fernvale Thicket,person,person,0.4822
2026-08-05,11:48:29,Pine Hollow Zone,person,person,0.8962
2026-08-05,11:48:29,Misty Creek Grove,person,person,0.7381
2026-08-05,11:48:29,Misty Creek Grove,person,person,0.6039
2026-08-05,11:48:29,Misty Creek Grove,person,person,0.5283
2026-08-05,11:48:29,North Ridge Forest,person,person,0.8954
2026-08-05,11:48:29,Greywood Edge,person,person,0.8603
2026-08-05,11:48:29,Fernvale Thicket,person,person,0.8304
2026-08-05,11:48:30,North Ridge Forest,person,person,0.9338
2026-08-05,11:48:30,Greywood Edge,person,person,0.8999
2026-08-05,11:48:30,Pine Hollow Zone,person,person,0.8507
2026-08-05,11:48:30,Misty Creek Grove,person,person,0.911
2026-08-05,11:48:30,North Ridge Forest,person,person,0.7506
2026-08-05,11:48:30,Pine Hollow Zone,person,person,0.5757
2026-08-05,11:48:31,Greywood Edge,person,person,0.9279
2026-08-05,11:48:31,Elderleaf Basin,person,person,0.4899
2026-08-05,11:48:31,Pine Hollow Zone,dog,dog,0.4523
2026-08-05,11:48:31,Elderleaf Basin,person,person,0.9255
2026-08-05,11:48:31,North Ridge Forest,dog,dog,0.7108
2026-08-05,11:48:31,Greywood Edge,person,person,0.4953
2026-08-05,11:48:31,Fernvale Thicket,person,person,0.487
2026-08-05,11:48:32,Greywood Edge,person,person,0.9221
2026-08-05,11:48:32,Elderleaf Basin,dog,dog,0.8266
2026-08-05,11:48:32,North Ridge Forest,person,person,0.5145
2026-08-05,11:48:32,Greywood Edge,person,person,0.4911
2026-08-05,11:48:32,Greywood Edge,person,person,0.9009
2026-08-05,11:48:32,Fernvale Thicket,dog,dog,0.7912
2026-08-05,11:48:32,Pine Hollow Zone,person,person,0.8937
2026-08-05,11:48:32,North Ridge Forest,dog,dog,0.8349
2026-08-05,11:48:33,Pine Hollow Zone,person,person,0.9164
2026-08-05,11:48:33,Misty Creek Grove,dog,dog,0.8501
2026-08-05,11:48:33,Fernvale Thicket,person,person,0.9247
2026-08-05,11:48:33,North Ridge Forest,dog,dog,0.7477
2026-08-05,11:48:34,Fernvale Thicket,person,person,0.9339
2026-08-05,11:48:34,Fernvale Thicket,person,person,0.8854
2026-08-05,11:48:34,North Ridge Forest,person,person,0.7406
2026-08-05,11:48:34,Pine Hollow Zone,person,person,0.9383
2026-08-05,11:48:34,Elderleaf Basin,person,person,0.8973
2026-08-05,11:48:34,Fernvale Thicket,person,person,0.7955
2026-08-05,11:48:35,Fernvale Thicket,person,person,0.9348
2026-08-05,11:48:35,Pine Hollow Zone,person,person,0.8846
2026-08-05,11:48:35,Misty Creek Grove,person,person,0.6952
2026-08-05,11:48:35,Elderleaf Basin,person,person,0.926
2026-08-05,11:48:35,Greywood Edge,person,person,0.8889
2026-08-05,11:48:35,Elderleaf Basin,person,person,0.9365
2026-08-05,11:48:35,Misty Creek Grove,person,person,0.9228
2026-08-05,11:48:35,Fernvale Thicket,person,person,0.7537
2026-08-05,11:48:36,Fernvale Thicket,person,person,0.9295
2026-08-05,11:48:36,Greywood Edge,person,person,0.9223
2026-08-05,11:48:36,Misty Creek Grove,person,person,0.7014
2026-08-05,11:48:36,Elderleaf Basin,person,person,0.9339
2026-08-05,11:48:36,Fernvale Thicket,person,person,0.9005
2026-08-05,11:48:36,Fernvale Thicket,person,person,0.7746
2026-08-05,11:48:37,North Ridge Forest,person,person,0.9289
2026-08-05,11:48:37,Pine Hollow Zone,person,person,0.8811
2026-08-05,11:48:37,Fernvale Thicket,person,person,0.793
2026-08-05,11:48:37,Greywood Edge,person,person,0.9161
2026-08-05,11:48:37,Fernvale Thicket,person,person,0.8771
2026-08-05,11:48:37,Fernvale Thicket,person,person,0.8033
2026-08-05,11:48:38,Elderleaf Basin,person,person,0.9216
2026-08-05,11:48:38,Fernvale Thicket,person,person,0.918
2026-08-05,11:48:38,Greywood Edge,person,person,0.806
2026-08-05,11:48:38,North Ridge Forest,person,person,0.9228
2026-08-05,11:48:38,North Ridge Forest,person,person,0.9031
2026-08-05,11:48:38,Pine Hollow Zone,person,person,0.8277
2026-08-05,11:48:38,Fernvale Thicket,person,person,0.923
2026-08-05,11:48:38,Fernvale Thicket,person,person,0.9184
2026-08-05,11:48:38,Elderleaf Basin,person,person,0.8295
2026-08-05,11:48:39,North Ridge Forest,person,person,0.9313
2026-08-05,11:48:39,Pine Hollow Zone,person,person,0.8976
2026-08-05,11:48:39,Pine Hollow Zone,person,person,0.7232
2026-08-05,11:48:39,Greywood Edge,person,person,0.9113
2026-08-05,11:48:39,Fernvale Thicket,person,person,0.5706
2026-08-05,11:48:39,Greywood Edge,person,person,0.4764
2026-08-05,11:48:40,Pine Hollow Zone,person,person,0.9165
2026-08-05,11:48:40,Greywood Edge,person,person,0.544
2026-08-05,11:48:40,North Ridge Forest,person,person,0.4674
2026-08-05,11:48:40,Elderleaf Basin,person,person,0.9343
2026-08-05,11:48:40,Fernvale Thicket,cow,cow,0.587
2026-08-05,11:48:40,Greywood Edge,person,person,0.9367
2026-08-05,11:48:40,Elderleaf Basin,cow,cow,0.7057
2026-08-05,11:48:40,Fernvale Thicket,person,person,0.5075
2026-08-05,11:48:41,Greywood Edge,person,person,0.8431
2026-08-05,11:48:41,Elderleaf Basin,person,person,0.7153
2026-08-05,11:48:41,Greywood Edge,person,person,0.9041
2026-08-05,11:48:41,Misty Creek Grove,cow,cow,0.7687
2026-08-05,11:48:41,Misty Creek Grove,person,person,0.4768
2026-08-05,11:48:42,Pine Hollow Zone,person,person,0.9027
2026-08-05,11:48:42,Misty Creek Grove,cow,cow,0.6912
2026-08-05,11:48:42,Pine Hollow Zone,person,person,0.4651
2026-08-05,11:48:42,Pine Hollow Zone,person,person,0.9291
2026-08-05,11:48:42,North Ridge Forest,cow,cow,0.7367
2026-08-05,11:48:43,Pine Hollow Zone,person,person,0.937
2026-08-05,11:48:43,Fernvale Thicket,cow,cow,0.6089
2026-08-05,11:48:43,Elderleaf Basin,person,person,0.542
2026-08-05,11:48:43,Greywood Edge,person,person,0.9341
2026-08-05,11:48:43,Misty Creek Grove,cow,cow,0.724
2026-08-05,11:48:43,Greywood Edge,person,person,0.658
2026-08-05,11:48:44,Elderleaf Basin,person,person,0.9275
2026-08-05,11:48:44,Elderleaf Basin,cow,cow,0.7774
2026-08-05,11:48:44,Fernvale Thicket,person,person,0.5231
2026-08-05,11:48:44,North Ridge Forest,person,person,0.9108
2026-08-05,11:48:44,Elderleaf Basin,person,person,0.7264
2026-08-05,11:48:44,Pine Hollow Zone,cow,cow,0.7044
2026-08-05,11:48:44,Misty Creek Grove,person,person,0.8323
2026-08-05,11:48:45,Greywood Edge,person,person,0.9242
2026-08-05,11:48:45,Elderleaf Basin,person,person,0.9017
2026-08-05,11:48:45,Elderleaf Basin,person,person,0.931
2026-08-05,11:48:45,Elderleaf Basin,person,person,0.9109
2026-08-05,11:48:46,Elderleaf Basin,person,person,0.9281
2026-08-05,11:48:46,Elderleaf Basin,person,person,0.9048
2026-08-05,11:48:46,North Ridge Forest,person,person,0.9279
2026-08-05,11:48:46,Misty Creek Grove,person,person,0.9207
2026-08-05,11:48:46,North Ridge Forest,person,person,0.602
2026-08-05,11:48:46,Fernvale Thicket,person,person,0.9293
2026-08-05,11:48:46,Greywood Edge,person,person,0.9201
2026-08-05,11:48:47,Fernvale Thicket,person,person,0.6227
2026-08-05,11:48:47,Greywood Edge,person,person,0.9281
2026-08-05,11:48:47,Pine Hollow Zone,person,person,0.9172
2026-08-05,11:48:47,Misty Creek Grove,person,person,0.7629
2026-08-05,11:48:47,Elderleaf Basin,person,person,0.9256
2026-08-05,11:48:47,Pine Hollow Zone,person,person,0.9091
2026-08-05,11:48:47,North Ridge Forest,person,person,0.7456
2026-08-05,11:48:48,Pine Hollow Zone,person,person,0.9226
2026-08-05,11:48:48,Misty Creek Grove,person,person,0.9164
2026-08-05,11:48:48,North Ridge Forest,person,person,0.7913
2026-08-05,11:48:48,Elderleaf Basin,person,person,0.935
2026-08-05,11:48:48,North Ridge Forest,person,person,0.9194
2026-08-05,11:48:48,Misty Creek Grove,person,person,0.8317
2026-08-05,11:48:49,Greywood Edge,person,person,0.934
2026-08-05,11:48:49,Pine Hollow Zone,person,person,0.9219
2026-08-05,11:48:49,Pine Hollow Zone,person,person,0.9011
2026-08-05,11:48:49,Fernvale Thicket,person,person,0.9251
2026-08-05,11:48:49,Pine Hollow Zone,person,person,0.7698
2026-08-05,11:48:49,Elderleaf Basin,person,person,0.9264
2026-08-05,11:48:49,Fernvale Thicket,person,person,0.908
2026-08-05,11:48:49,North Ridge Forest,person,person,0.9021
2026-08-05,11:48:50,Greywood Edge,person,person,0.9213
2026-08-05,11:48:50,Fernvale Thicket,person,person,0.9168
2026-08-05,11:48:50,Pine Hollow Zone,person,person,0.8153
2026-08-05,11:48:50,Greywood Edge,person,person,0.9321
2026-08-05,11:48:50,Misty Creek Grove,person,person,0.9257
2026-08-05,11:48:50,Elderleaf Basin,person,person,0.5608
2026-08-05,11:48:51,Pine Hollow Zone,person,person,0.9317
2026-08-05,11:48:51,Misty Creek Grove,person,person,0.9141
2026-08-05,11:48:51,Fernvale Thicket,person,person,0.5011
2026-08-05,11:48:51,Greywood Edge,person,person,0.9286
2026-08-05,11:48:51,North Ridge Forest,person,person,0.9264
2026-08-05,11:48:51,Pine Hollow Zone,person,person,0.6987
2026-08-05,11:48:52,Elderleaf Basin,person,person,0.9295
2026-08-05,11:48:52,Fernvale Thicket,person,person,0.9264
2026-08-05,11:48:52,Elderleaf Basin,person,person,0.6725
2026-08-05,11:48:52,Fernvale Thicket,person,person,0.9356
2026-08-05,11:48:52,Elderleaf Basin,person,person,0.91
2026-08-05,11:48:52,Misty Creek Grove,person,person,0.8296
2026-08-05,11:48:53,Misty Creek Grove,person,person,0.9278
2026-08-05,11:48:53,Greywood Edge,person,person,0.9272
2026-08-05,11:48:53,North Ridge Forest,person,person,0.7899
2026-08-05,11:48:53,Misty Creek Grove,person,person,0.926
2026-08-05,11:48:53,Pine Hollow Zone,person,person,0.9185
2026-08-05,11:48:53,North Ridge Forest,person,person,0.7763
2026-08-05,11:48:53,Fernvale Thicket,person,person,0.9364
2026-08-05,11:48:53,Pine Hollow Zone,person,person,0.9289
2026-08-05,11:48:53,Fernvale Thicket,person,person,0.733
2026-08-05,11:48:54,Pine Hollow Zone,person,person,0.9341
2026-08-05,11:48:54,Fernvale Thicket,person,person,0.9234
2026-08-05,11:48:54,Fernvale Thicket,person,person,0.8402
2026-08-05,11:48:54,Greywood Edge,person,person,0.9306
2026-08-05,11:48:54,North Ridge Forest,person,person,0.9305
2026-08-05,11:48:54,Fernvale Thicket,person,person,0.8243
2026-08-05,11:48:55,Pine Hollow Zone,person,person,0.9342
2026-08-05,11:48:55,Elderleaf Basin,person,person,0.9282
2026-08-05,11:48:55,North Ridge Forest,person,person,0.795
2026-08-05,11:48:55,Fernvale Thicket,person,person,0.9306
2026-08-05,11:48:55,Fernvale Thicket,person,person,0.9207
2026-08-05,11:48:55,Misty Creek Grove,person,person,0.5905
2026-08-05,11:48:55,Misty Creek Grove,person,person,0.5753
2026-08-05,11:48:56,Pine Hollow Zone,person,person,0.9251
2026-08-05,11:48:56,Greywood Edge,person,person,0.8312
2026-08-05,11:48:56,Greywood Edge,person,person,0.5271
2026-08-05,11:48:56,Fernvale Thicket,person,person,0.936
2026-08-05,11:48:56,Fernvale Thicket,person,person,0.8378
2026-08-05,11:48:57,Misty Creek Grove,person,person,0.891
2026-08-05,11:48:57,Pine Hollow Zone,person,person,0.8331
2026-08-05,11:48:57,North Ridge Forest,person,person,0.8992
2026-08-05,11:48:57,Greywood Edge,person,person,0.8961
2026-08-05,11:48:57,Greywood Edge,person,person,0.7443
2026-08-05,11:48:57,North Ridge Forest,person,person,0.9006
2026-08-05,11:48:57,Elderleaf Basin,person,person,0.891
2026-08-05,11:48:57,Fernvale Thicket,person,person,0.8005
2026-08-05,11:48:58,Greywood Edge,person,person,0.9204
2026-08-05,11:48:58,Elderleaf Basin,person,person,0.916
2026-08-05,11:48:58,Elderleaf Basin,person,person,0.8526
2026-08-05,11:48:58,Pine Hollow Zone,person,person,0.9212
2026-08-05,11:48:58,Pine Hollow Zone,person,person,0.9198
2026-08-05,11:48:58,Elderleaf Basin,person,person,0.8002
2026-08-05,11:48:59,Fernvale Thicket,person,person,0.9216
2026-08-05,11:48:59,Pine Hollow Zone,person,person,0.9147
2026-08-05,11:48:59,Misty Creek Grove,person,person,0.8082
2026-08-05,11:48:59,Greywood Edge,person,person,0.9321
2026-08-05,11:48:59,Greywood Edge,person,person,0.9294
2026-08-05,11:48:59,Misty Creek Grove,person,person,0.7997
2026-08-05,11:49:00,North Ridge Forest,person,person,0.9273
2026-08-05,11:49:00,Fernvale Thicket,person,person,0.925
2026-08-05,11:49:00,Elderleaf Basin,person,person,0.8485
2026-08-05,11:49:00,Elderleaf Basin,person,person,0.9252
2026-08-05,11:49:00,Elderleaf Basin,person,person,0.8874
2026-08-05,11:49:00,Elderleaf Basin,person,person,0.8512
2026-08-05,11:49:01,Greywood Edge,person,person,0.9248
2026-08-05,11:49:01,Misty Creek Grove,person,person,0.8775
2026-08-05,11:49:01,Elderleaf Basin,person,person,0.8646
2026-08-05,11:49:01,North Ridge Forest,person,person,0.9241
2026-08-05,11:49:01,Fernvale Thicket,person,person,0.898
2026-08-05,11:49:01,Pine Hollow Zone,person,person,0.8669
2026-08-05,11:49:01,Misty Creek Grove,person,person,0.8408
2026-08-05,11:49:01,Pine Hollow Zone,person,person,0.8115
2026-08-05,11:49:01,North Ridge Forest,person,person,0.8003
2026-08-05,11:49:02,Misty Creek Grove,person,person,0.87
2026-08-05,11:49:02,Greywood Edge,person,person,0.843
2026-08-05,11:49:02,Elderleaf Basin,person,person,0.8249
2026-08-05,11:49:02,Fernvale Thicket,person,person,0.903
2026-08-05,11:49:02,Fernvale Thicket,person,person,0.8772
2026-08-05,11:49:02,Misty Creek Grove,person,person,0.8412
2026-08-05,11:49:03,North Ridge Forest,person,person,0.9201
2026-08-05,11:49:03,Pine Hollow Zone,person,person,0.8731
2026-08-05,11:49:03,Elderleaf Basin,person,person,0.8051
2026-08-05,11:49:03,North Ridge Forest,person,person,0.926
2026-08-05,11:49:03,Greywood Edge,person,person,0.8869
2026-08-05,11:49:03,Pine Hollow Zone,person,person,0.7935
2026-08-05,11:49:03,Elderleaf Basin,person,person,0.9268
2026-08-05,11:49:03,Fernvale Thicket,person,person,0.9252
2026-08-05,11:49:03,Greywood Edge,person,person,0.8582
2026-08-05,11:49:04,Pine Hollow Zone,person,person,0.9273
2026-08-05,11:49:04,North Ridge Forest,person,person,0.9253
2026-08-05,11:49:04,Greywood Edge,person,person,0.8923
2026-08-05,11:49:04,Fernvale Thicket,person,person,0.9357
2026-08-05,11:49:04,North Ridge Forest,person,person,0.9214
2026-08-05,11:49:04,Fernvale Thicket,person,person,0.8701
2026-08-05,11:49:05,North Ridge Forest,person,person,0.9244
2026-08-05,11:49:05,Greywood Edge,person,person,0.9237
2026-08-05,11:49:05,North Ridge Forest,person,person,0.8479
2026-08-05,11:49:05,Elderleaf Basin,person,person,0.9292
2026-08-05,11:49:05,Fernvale Thicket,person,person,0.9255
2026-08-05,11:49:05,Fernvale Thicket,person,person,0.8064
2026-08-05,11:49:06,Elderleaf Basin,person,person,0.9196
2026-08-05,11:49:06,Elderleaf Basin,person,person,0.9016
2026-08-05,11:49:06,North Ridge Forest,person,person,0.5071
2026-08-05,11:49:06,Fernvale Thicket,person,person,0.4549
2026-08-05,11:49:06,North Ridge Forest,person,person,0.9379
2026-08-05,11:49:06,Greywood Edge,person,person,0.9337
2026-08-05,11:49:06,North Ridge Forest,person,person,0.7043
2026-08-05,11:49:06,North Ridge Forest,person,person,0.9245
2026-08-05,11:49:06,Fernvale Thicket,person,person,0.8644
2026-08-05,11:49:07,North Ridge Forest,person,person,0.9328
2026-08-05,11:49:07,Fernvale Thicket,person,person,0.864
2026-08-05,11:49:07,Greywood Edge,person,person,0.9294
2026-08-05,11:49:07,Fernvale Thicket,person,person,0.9071
2026-08-05,11:49:08,North Ridge Forest,person,person,0.928
2026-08-05,11:49:08,North Ridge Forest,person,person,0.9205
2026-08-05,11:49:08,Elderleaf Basin,person,person,0.9304
2026-08-05,11:49:08,Elderleaf Basin,person,person,0.9146
2026-08-05,11:49:09,Pine Hollow Zone,person,person,0.9363
2026-08-05,11:49:09,North Ridge Forest,person,person,0.8995
2026-08-05,11:49:09,Misty Creek Grove,person,person,0.9377
2026-08-05,11:49:09,Greywood Edge,person,person,0.8665
2026-08-05,11:49:09,Elderleaf Basin,person,person,0.9323
2026-08-05,11:49:09,Pine Hollow Zone,person,person,0.8703
2026-08-05,11:49:10,Misty Creek Grove,person,person,0.9381
2026-08-05,11:49:10,North Ridge Forest,person,person,0.8728
2026-08-05,11:49:10,Fernvale Thicket,person,person,0.5351
2026-08-05,11:49:10,Fernvale Thicket,person,person,0.936
2026-08-05,11:49:10,Pine Hollow Zone,person,person,0.9003
2026-08-05,11:49:10,Misty Creek Grove,person,person,0.4524
2026-08-05,11:49:11,Greywood Edge,person,person,0.9367
2026-08-05,11:49:11,North Ridge Forest,person,person,0.9217
2026-08-05,11:49:11,Pine Hollow Zone,person,person,0.5576
2026-08-05,11:49:11,Misty Creek Grove,person,person,0.9363
2026-08-05,11:49:11,Fernvale Thicket,person,person,0.9206
2026-08-05,11:49:11,Misty Creek Grove,person,person,0.552
2026-08-05,11:49:11,Pine Hollow Zone,person,person,0.937
2026-08-05,11:49:11,Fernvale Thicket,person,person,0.8843
2026-08-05,11:49:11,North Ridge Forest,person,person,0.5218
2026-08-05,11:49:12,Fernvale Thicket,person,person,0.9338
2026-08-05,11:49:12,Greywood Edge,person,person,0.9089
2026-08-05,11:49:12,Fernvale Thicket,person,person,0.9341
2026-08-05,11:49:12,Misty Creek Grove,person,person,0.8742
2026-08-05,11:49:12,Misty Creek Grove,person,person,0.5196
2026-08-05,11:49:13,Greywood Edge,person,person,0.9264
2026-08-05,11:49:13,Fernvale Thicket,person,person,0.8768
2026-08-05,11:49:13,Fernvale Thicket,person,person,0.9391
2026-08-05,11:49:13,Greywood Edge,person,person,0.885
2026-08-05,11:49:14,Misty Creek Grove,person,person,0.9321
2026-08-05,11:49:14,Greywood Edge,person,person,0.921
2026-08-05,11:49:14,Fernvale Thicket,person,person,0.9215
2026-08-05,11:49:14,North Ridge Forest,person,person,0.8206
2026-08-05,11:49:15,Elderleaf Basin,person,person,0.9344
2026-08-05,11:49:15,North Ridge Forest,person,person,0.9288
2026-08-05,11:49:15,Greywood Edge,person,person,0.9423
2026-08-05,11:49:15,Pine Hollow Zone,person,person,0.9294
2026-08-05,11:49:15,Misty Creek Grove,person,person,0.9385
2026-08-05,11:49:15,Fernvale Thicket,person,person,0.934
2026-08-05,11:49:16,Elderleaf Basin,person,person,0.9346
2026-08-05,11:49:16,Greywood Edge,person,person,0.9334
2026-08-05,11:49:16,Misty Creek Grove,person,person,0.935
2026-08-05,11:49:16,Pine Hollow Zone,person,person,0.9264
2026-08-05,11:49:17,Fernvale Thicket,person,person,0.9408
2026-08-05,11:49:17,Greywood Edge,person,person,0.9384
2026-08-05,11:49:17,Pine Hollow Zone,person,person,0.9378
2026-08-05,11:49:17,Misty Creek Grove,person,person,0.9273
2026-08-05,11:49:17,Pine Hollow Zone,person,person,0.9272
2026-08-05,11:49:17,Fernvale Thicket,person,person,0.9065
2026-08-05,11:49:17,North Ridge Forest,person,person,0.5279
2026-08-05,11:49:18,Misty Creek Grove,person,person,0.9139
2026-08-05,11:49:18,Elderleaf Basin,person,person,0.9064
2026-08-05,11:49:18,Greywood Edge,person,person,0.6103
2026-08-05,11:49:18,Pine Hollow Zone,person,person,0.9202
2026-08-05,11:49:18,Elderleaf Basin,person,person,0.9201
2026-08-05,11:49:18,Misty Creek Grove,person,person,0.5403
2026-08-05,11:49:19,Fernvale Thicket,person,person,0.9259
2026-08-05,11:49:19,Misty Creek Grove,person,person,0.9241
2026-08-05,11:49:19,Greywood Edge,person,person,0.9357
2026-08-05,11:49:19,Fernvale Thicket,person,person,0.9247
2026-08-05,11:49:20,Greywood Edge,person,person,0.9336
2026-08-05,11:49:20,Fernvale Thicket,person,person,0.9284
2026-08-05,11:49:20,Elderleaf Basin,person,person,0.9472
2026-08-05,11:49:20,Fernvale Thicket,person,person,0.9268
2026-08-05,11:49:20,North Ridge Forest,person,person,0.9445
2026-08-05,11:49:20,Greywood Edge,person,person,0.9312
2026-08-05,11:49:21,North Ridge Forest,person,person,0.9375
2026-08-05,11:49:21,Pine Hollow Zone,person,person,0.9293
2026-08-05,11:49:21,Greywood Edge,person,person,0.9507
2026-08-05,11:49:21,Misty Creek Grove,person,person,0.9341
2026-08-05,11:49:22,Elderleaf Basin,person,person,0.9389
2026-08-05,11:49:22,Elderleaf Basin,person,person,0.938
2026-08-05,11:49:22,Fernvale Thicket,person,person,0.9467
2026-08-05,11:49:22,Misty Creek Grove,person,person,0.9226
2026-08-05,11:49:23,Pine Hollow Zone,person,person,0.9525
2026-08-05,11:49:23,Greywood Edge,person,person,0.9291
2026-08-05,11:49:23,Greywood Edge,person,person,0.4527
2026-08-05,11:49:23,Misty Creek Grove,person,person,0.9386
2026-08-05,11:49:23,Pine Hollow Zone,person,person,0.8445
2026-08-05,11:49:23,Elderleaf Basin,person,person,0.9391
2026-08-05,11:49:24,North Ridge Forest,person,person,0.9369
2026-08-05,11:49:24,Elderleaf Basin,person,person,0.9252
2026-08-05,11:49:24,Pine Hollow Zone,person,person,0.9042
2026-08-05,11:49:24,Pine Hollow Zone,person,person,0.9287
2026-08-05,11:49:24,North Ridge Forest,person,person,0.9268
2026-08-05,11:49:25,Fernvale Thicket,person,person,0.9443
2026-08-05,11:49:25,Pine Hollow Zone,person,person,0.9264
2026-08-05,11:49:25,North Ridge Forest,person,person,0.9435
2026-08-05,11:49:25,North Ridge Forest,person,person,0.9275
2026-08-05,11:49:26,Pine Hollow Zone,person,person,0.9483
2026-08-05,11:49:26,Fernvale Thicket,person,person,0.9388
2026-08-05,11:49:26,North Ridge Forest,person,person,0.9458
2026-08-05,11:49:26,Elderleaf Basin,person,person,0.9419
2026-08-05,11:49:26,Fernvale Thicket,person,person,0.9556
2026-08-05,11:49:26,Pine Hollow Zone,person,person,0.9419
2026-08-05,11:49:27,Pine Hollow Zone,person,person,0.9469
2026-08-05,11:49:27,Elderleaf Basin,person,person,0.9229
2026-08-05,11:49:27,Fernvale Thicket,person,person,0.9426
2026-08-05,11:49:27,Misty Creek Grove,person,person,0.9313
2026-08-05,11:49:28,North Ridge Forest,person,person,0.9375
2026-08-05,11:49:28,Misty Creek Grove,person,person,0.925
2026-08-05,11:49:28,Misty Creek Grove,person,person,0.9381
2026-08-05,11:49:28,Pine Hollow Zone,person,person,0.9064
2026-08-05,11:49:28,Fernvale Thicket,person,person,0.5264
2026-08-05,11:49:28,Elderleaf Basin,person,person,0.9396
2026-08-05,11:49:28,North Ridge Forest,person,person,0.9198
2026-08-05,11:49:28,Misty Creek Grove,person,person,0.6861
2026-08-05,11:49:29,Fernvale Thicket,person,person,0.9106
2026-08-05,11:49:29,Misty Creek Grove,person,person,0.8788
2026-08-05,11:49:29,Greywood Edge,person,person,0.923
2026-08-05,11:49:29,Misty Creek Grove,person,person,0.8593
2026-08-05,11:49:30,Elderleaf Basin,person,person,0.917
2026-08-05,11:49:30,Greywood Edge,person,person,0.8985
2026-08-05,11:49:30,North Ridge Forest,person,person,0.9243
2026-08-05,11:49:30,Pine Hollow Zone,person,person,0.9047
2026-08-05,11:49:31,Fernvale Thicket,person,person,0.916
2026-08-05,11:49:31,Misty Creek Grove,person,person,0.9077
2026-08-05,11:49:31,Misty Creek Grove,person,person,0.8993
2026-08-05,11:49:31,Fernvale Thicket,person,person,0.8964
2026-08-05,11:49:32,Pine Hollow Zone,person,person,0.9076
2026-08-05,11:49:32,Fernvale Thicket,person,person,0.8777
2026-08-05,11:49:32,North Ridge Forest,person,person,0.9124
2026-08-05,11:49:32,North Ridge Forest,person,person,0.9036
2026-08-05,11:49:32,North Ridge Forest,person,person,0.5318
2026-08-05,11:49:32,Greywood Edge,person,person,0.9231
2026-08-05,11:49:32,North Ridge Forest,person,person,0.8986
2026-08-05,11:49:32,Misty Creek Grove,person,person,0.5835
2026-08-05,11:49:33,Pine Hollow Zone,person,person,0.9091
2026-08-05,11:49:33,Misty Creek Grove,person,person,0.9067
2026-08-05,11:49:33,Pine Hollow Zone,person,person,0.5332
2026-08-05,11:49:33,Pine Hollow Zone,person,person,0.9376
2026-08-05,11:49:33,Pine Hollow Zone,person,person,0.9131
2026-08-05,11:49:33,Elderleaf Basin,person,person,0.7222
2026-08-05,11:49:34,Elderleaf Basin,person,person,0.9296
2026-08-05,11:49:34,North Ridge Forest,person,person,0.9098
2026-08-05,11:49:34,Fernvale Thicket,person,person,0.5622
2026-08-05,11:49:34,Elderleaf Basin,person,person,0.9348
2026-08-05,11:49:34,Pine Hollow Zone,person,person,0.9161
2026-08-05,11:49:35,Fernvale Thicket,person,person,0.9576
2026-08-05,11:49:35,Pine Hollow Zone,person,person,0.9375
2026-08-05,11:49:35,Greywood Edge,person,person,0.9553
2026-08-05,11:49:35,Fernvale Thicket,person,person,0.929
2026-08-05,11:49:35,Misty Creek Grove,person,person,0.9613
2026-08-05,11:49:35,Fernvale Thicket,person,person,0.9276
2026-08-05,11:49:36,North Ridge Forest,person,person,0.9465
2026-08-05,11:49:36,Fernvale Thicket,person,person,0.9223
2026-08-05,11:49:36,Fernvale Thicket,person,person,0.9482
2026-08-05,11:49:36,North Ridge Forest,person,person,0.9291
2026-08-05,11:49:37,North Ridge Forest,person,person,0.9398
2026-08-05,11:49:37,Greywood Edge,person,person,0.9263
2026-08-05,11:49:37,Elderleaf Basin,person,person,0.9339
2026-08-05,11:49:37,Misty Creek Grove,person,person,0.9261
2026-08-05,11:49:38,Misty Creek Grove,person,person,0.9315
2026-08-05,11:49:38,North Ridge Forest,person,person,0.9255
2026-08-05,11:49:38,Fernvale Thicket,person,person,0.9453
2026-08-05,11:49:38,Misty Creek Grove,person,person,0.9337
2026-08-05,11:49:38,Pine Hollow Zone,person,person,0.9365
2026-08-05,11:49:38,Fernvale Thicket,person,person,0.9303
2026-08-05,11:49:39,Elderleaf Basin,person,person,0.9324
2026-08-05,11:49:39,Elderleaf Basin,person,person,0.9319
2026-08-05,11:49:39,Pine Hollow Zone,person,person,0.9323
2026-08-05,11:49:39,Pine Hollow Zone,person,person,0.9246
2026-08-05,11:49:40,Fernvale Thicket,person,person,0.9424
2026-08-05,11:49:40,Misty Creek Grove,person,person,0.9334
2026-08-05,11:49:40,North Ridge Forest,person,person,0.9336
2026-08-05,11:49:40,Pine Hollow Zone,person,person,0.9174
2026-08-05,11:49:41,North Ridge Forest,person,person,0.9327
2026-08-05,11:49:41,Greywood Edge,person,person,0.9201
2026-08-05,11:49:41,Pine Hollow Zone,person,person,0.944
2026-08-05,11:49:41,North Ridge Forest,person,person,0.9332
2026-08-05,11:49:41,North Ridge Forest,person,person,0.9496
2026-08-05,11:49:41,Misty Creek Grove,person,person,0.9346
2026-08-05,11:49:41,Greywood Edge,person,person,0.4801
2026-08-05,11:49:42,Greywood Edge,person,person,0.9366
2026-08-05,11:49:42,Greywood Edge,person,person,0.9362
2026-08-05,11:49:42,Misty Creek Grove,person,person,0.935
2026-08-05,11:49:42,Pine Hollow Zone,person,person,0.8932
2026-08-05,11:49:43,North Ridge Forest,person,person,0.9359
2026-08-05,11:49:43,Misty Creek Grove,person,person,0.8317
2026-08-05,11:49:43,Pine Hollow Zone,person,person,0.9337
2026-08-05,11:49:43,Greywood Edge,person,person,0.7765
2026-08-05,11:49:44,Misty Creek Grove,person,person,0.932
2026-08-05,11:49:44,Pine Hollow Zone,person,person,0.749
2026-08-05,11:49:44,North Ridge Forest,person,person,0.4845
2026-08-05,11:49:44,Elderleaf Basin,person,person,0.9231
2026-08-05,11:49:44,Elderleaf Basin,person,person,0.8332
2026-08-05,11:49:44,Misty Creek Grove,person,person,0.7462
2026-08-05,11:49:45,Pine Hollow Zone,person,person,0.9241
2026-08-05,11:49:45,Pine Hollow Zone,person,person,0.8077
2026-08-05,11:49:45,Pine Hollow Zone,person,person,0.6276
2026-08-05,11:49:45,Elderleaf Basin,person,person,0.9159
2026-08-05,11:49:45,Pine Hollow Zone,person,person,0.8231
2026-08-05,11:49:45,Misty Creek Grove,person,person,0.6895
2026-08-05,11:49:45,Pine Hollow Zone,person,person,0.92
2026-08-05,11:49:45,Greywood Edge,person,person,0.8054
2026-08-05,11:49:45,Fernvale Thicket,person,person,0.7169
2026-08-05,11:49:46,North Ridge Forest,person,person,0.922
2026-08-05,11:49:46,Fernvale Thicket,person,person,0.843
2026-08-05,11:49:46,North Ridge Forest,person,person,0.7352
2026-08-05,11:49:46,Pine Hollow Zone,person,person,0.9262
2026-08-05,11:49:46,Fernvale Thicket,person,person,0.7792
2026-08-05,11:49:46,Elderleaf Basin,person,person,0.5847
2026-08-05,11:49:47,Misty Creek Grove,person,person,0.9276
2026-08-05,11:49:47,Pine Hollow Zone,person,person,0.9031
2026-08-05,11:49:47,Fernvale Thicket,person,person,0.9429
2026-08-05,11:49:47,Pine Hollow Zone,person,person,0.916
2026-08-05,11:49:48,Pine Hollow Zone,person,person,0.9544
2026-08-05,11:49:48,Fernvale Thicket,person,person,0.9215
2026-08-05,11:49:48,Greywood Edge,person,person,0.9583
2026-08-05,11:49:48,Fernvale Thicket,person,person,0.928
2026-08-05,11:49:48,North Ridge Forest,person,person,0.9607
2026-08-05,11:49:48,Fernvale Thicket,person,person,0.932
2026-08-05,11:49:49,Elderleaf Basin,person,person,0.9494
2026-08-05,11:49:49,Greywood Edge,person,person,0.9281
2026-08-05,11:49:49,Elderleaf Basin,person,person,0.9473
2026-08-05,11:49:49,North Ridge Forest,person,person,0.9306
2026-08-05,11:49:49,Misty Creek Grove,person,person,0.4648
2026-08-05,11:49:50,Pine Hollow Zone,person,person,0.9532
2026-08-05,11:49:50,Elderleaf Basin,person,person,0.9331
2026-08-05,11:49:50,Fernvale Thicket,person,person,0.9543
2026-08-05,11:49:50,Greywood Edge,person,person,0.9338
2026-08-05,11:49:51,North Ridge Forest,person,person,0.9491
2026-08-05,11:49:51,Greywood Edge,person,person,0.9345
2026-08-05,11:49:51,Elderleaf Basin,person,person,0.4738
2026-08-05,11:49:51,Fernvale Thicket,person,person,0.9397
2026-08-05,11:49:51,Fernvale Thicket,person,person,0.9337
2026-08-05,11:49:51,Pine Hollow Zone,person,person,0.4729
2026-08-05,11:49:52,Misty Creek Grove,person,person,0.9462
2026-08-05,11:49:52,Misty Creek Grove,person,person,0.9349
2026-08-05,11:49:52,North Ridge Forest,person,person,0.9466
2026-08-05,11:49:52,Misty Creek Grove,person,person,0.9288
2026-08-05,11:49:53,Misty Creek Grove,person,person,0.9505
2026-08-05,11:49:53,Greywood Edge,person,person,0.9267
2026-08-05,11:49:53,Elderleaf Basin,person,person,0.9529
2026-08-05,11:49:53,North Ridge Forest,person,person,0.9222
2026-08-05,11:49:53,Elderleaf Basin,person,person,0.9508
2026-08-05,11:49:53,Fernvale Thicket,person,person,0.9133
2026-08-05,11:49:54,North Ridge Forest,person,person,0.9531
2026-08-05,11:49:54,Greywood Edge,person,person,0.9206
2026-08-05,11:49:54,Misty Creek Grove,person,person,0.9417
2026-08-05,11:49:54,North Ridge Forest,person,person,0.9383
2026-08-05,11:49:55,Greywood Edge,person,person,0.9375
2026-08-05,11:49:55,North Ridge Forest,person,person,0.8943
2026-08-05,11:49:55,Pine Hollow Zone,person,person,0.9397
2026-08-05,11:49:55,Elderleaf Basin,person,person,0.8657
2026-08-05,11:49:56,North Ridge Forest,person,person,0.9378
2026-08-05,11:49:56,Elderleaf Basin,person,person,0.8688
2026-08-05,11:49:56,Elderleaf Basin,person,person,0.7057
2026-08-05,11:49:56,Greywood Edge,person,person,0.9399
2026-08-05,11:49:56,Misty Creek Grove,person,person,0.8883
2026-08-05,11:49:56,Fernvale Thicket,person,person,0.9343
2026-08-05,11:49:56,North Ridge Forest,person,person,0.9016
2026-08-05,11:50:46,North Ridge Forest,person,person,0.9168
2026-08-05,11:50:46,Misty Creek Grove,person,person,0.8822
2026-08-05,11:50:46,Elderleaf Basin,person,person,0.7232
2026-08-05,11:50:46,North Ridge Forest,person,person,0.9056
2026-08-05,11:50:46,Pine Hollow Zone,person,person,0.8891
2026-08-05,11:50:46,Pine Hollow Zone,person,person,0.7288
2026-08-05,11:50:46,North Ridge Forest,person,person,0.9201
2026-08-05,11:50:46,Fernvale Thicket,person,person,0.9094
2026-08-05,11:50:46,North Ridge Forest,person,person,0.7216
2026-08-05,11:50:47,Misty Creek Grove,person,person,0.8636
2026-08-05,11:50:47,Misty Creek Grove,person,person,0.5318
2026-08-05,11:50:47,Greywood Edge,person,person,0.7299
2026-08-05,11:50:47,Fernvale Thicket,person,person,0.6598
2026-08-05,11:50:47,Misty Creek Grove,person,person,0.5685
2026-08-05,11:50:48,Elderleaf Basin,bear,bear,0.8656
2026-08-05,11:50:48,Pine Hollow Zone,bear,bear,0.8513
2026-08-05,11:50:48,Elderleaf Basin,person,person,0.7322
2026-08-05,11:50:48,Misty Creek Grove,person,person,0.6277
2026-08-05,11:50:48,Greywood Edge,person,person,0.5931
2026-08-05,11:50:48,Fernvale Thicket,person,person,0.7159
2026-08-05,11:50:49,North Ridge Forest,person,person,0.6255
2026-08-05,11:50:49,Elderleaf Basin,person,person,0.6403
2026-08-05,11:50:49,Fernvale Thicket,person,person,0.5396
2026-08-05,11:50:49,North Ridge Forest,person,person,0.5382
2026-08-05,11:50:50,Elderleaf Basin,bear,bear,0.7604
2026-08-05,11:50:50,Pine Hollow Zone,person,person,0.7601
2026-08-05,11:50:50,Fernvale Thicket,bear,bear,0.5142
2026-08-05,11:50:50,Elderleaf Basin,person,person,0.4657
2026-08-05,11:50:50,Pine Hollow Zone,person,person,0.7571
2026-08-05,11:50:50,Pine Hollow Zone,bear,bear,0.503
2026-08-05,11:50:50,Misty Creek Grove,person,person,0.8163
2026-08-05,11:50:50,Pine Hollow Zone,bear,bear,0.7592
2026-08-05,11:50:50,Pine Hollow Zone,bear,bear,0.6128
2026-08-05,11:50:51,Misty Creek Grove,bear,bear,0.7343
2026-08-05,11:50:51,Greywood Edge,person,person,0.7091
2026-08-05,11:50:51,Pine Hollow Zone,bear,bear,0.5439
2026-08-05,11:50:51,North Ridge Forest,bear,bear,0.9441
2026-08-05,11:50:51,Elderleaf Basin,person,person,0.7919
2026-08-05,11:50:51,Fernvale Thicket,bear,bear,0.7031
2026-08-05,11:50:51,Greywood Edge,person,person,0.4962
2026-08-05,11:50:52,North Ridge Forest,person,person,0.8336
2026-08-05,11:50:52,Fernvale Thicket,bear,bear,0.7623
2026-08-05,11:50:52,Pine Hollow Zone,person,person,0.8661
2026-08-05,11:50:52,Fernvale Thicket,bear,bear,0.8505
2026-08-05,11:50:52,Pine Hollow Zone,bear,bear,0.8898
2026-08-05,11:50:52,Pine Hollow Zone,person,person,0.8316
2026-08-05,11:50:53,North Ridge Forest,person,person,0.8279
2026-08-05,11:50:53,Elderleaf Basin,bear,bear,0.7706
2026-08-05,11:50:53,Fernvale Thicket,person,person,0.5722
2026-08-05,11:50:53,Pine Hollow Zone,person,person,0.8239
2026-08-05,11:50:53,Misty Creek Grove,person,person,0.6007
2026-08-05,11:50:53,Elderleaf Basin,person,person,0.5502
2026-08-05,11:50:53,Greywood Edge,bear,bear,0.502
2026-08-05,11:50:54,Greywood Edge,bear,bear,0.8209
2026-08-05,11:50:54,Pine Hollow Zone,person,person,0.7972
2026-08-05,11:50:54,Greywood Edge,person,person,0.5566
2026-08-05,11:50:54,Fernvale Thicket,person,person,0.8245
2026-08-05,11:50:54,Pine Hollow Zone,person,person,0.6212
2026-08-05,11:50:54,Greywood Edge,elephant,elephant,0.5849
2026-08-05,11:50:55,Pine Hollow Zone,person,person,0.8354
2026-08-05,11:50:55,Fernvale Thicket,person,person,0.5656
2026-08-05,11:50:55,Pine Hollow Zone,bear,bear,0.5027
2026-08-05,11:50:55,Elderleaf Basin,person,person,0.8453
2026-08-05,11:50:55,Elderleaf Basin,person,person,0.7538
2026-08-05,11:50:55,North Ridge Forest,person,person,0.4613
2026-08-05,11:50:56,Misty Creek Grove,person,person,0.8193
2026-08-05,11:50:56,Misty Creek Grove,person,person,0.6142
2026-08-05,11:50:56,Pine Hollow Zone,person,person,0.8225
2026-08-05,11:50:56,North Ridge Forest,person,person,0.6657
2026-08-05,11:50:56,Fernvale Thicket,person,person,0.5949
2026-08-05,11:50:56,Fernvale Thicket,bear,bear,0.4549
2026-08-05,11:50:57,Fernvale Thicket,person,person,0.9289
2026-08-05,11:50:57,Fernvale Thicket,person,person,0.8515
2026-08-05,11:50:57,Greywood Edge,person,person,0.8107
2026-08-05,11:50:57,North Ridge Forest,person,person,0.9243
2026-08-05,11:50:57,Pine Hollow Zone,person,person,0.8965
2026-08-05,11:50:57,Elderleaf Basin,person,person,0.7916
2026-08-05,11:52:59,Fernvale Thicket,person,person,0.9128
2026-08-05,11:52:59,Elderleaf Basin,person,person,0.8985
2026-08-05,11:52:59,Pine Hollow Zone,person,person,0.8909
2026-08-05,11:53:00,Greywood Edge,person,person,0.8827
2026-08-05,11:53:00,Misty Creek Grove,person,person,0.8803
2026-08-05,11:53:00,Elderleaf Basin,person,person,0.6332
2026-08-05,11:53:00,Misty Creek Grove,person,person,0.822
2026-08-05,11:53:00,Elderleaf Basin,person,person,0.6548
2026-08-05,11:53:01,Elderleaf Basin,person,person,0.7935
2026-08-05,11:53:01,Pine Hollow Zone,person,person,0.7765
2026-08-05,11:53:01,North Ridge Forest,bear,bear,0.7037
2026-08-05,11:53:01,Misty Creek Grove,elephant,elephant,0.5705
2026-08-05,11:53:01,Misty Creek Grove,bear,bear,0.9172
2026-08-05,11:53:01,Fernvale Thicket,person,person,0.8281
2026-08-05,11:53:01,North Ridge Forest,person,person,0.7919
2026-08-05,11:53:01,Elderleaf Basin,person,person,0.6586
2026-08-05,11:53:01,Greywood Edge,person,person,0.8817
2026-08-05,11:53:01,Elderleaf Basin,person,person,0.6993
2026-08-05,11:53:01,Misty Creek Grove,person,person,0.5551
2026-08-05,11:53:02,Elderleaf Basin,person,person,0.8597
2026-08-05,11:53:02,North Ridge Forest,bear,bear,0.8488
2026-08-05,11:53:02,North Ridge Forest,person,person,0.6988
2026-08-05,11:53:02,Greywood Edge,person,person,0.8382
2026-08-05,11:53:02,Elderleaf Basin,person,person,0.8023
2026-08-05,11:53:02,Fernvale Thicket,person,person,0.5496
2026-08-05,11:53:02,Elderleaf Basin,bear,bear,0.4692
2026-08-05,11:53:03,Misty Creek Grove,person,person,0.7866
2026-08-05,11:53:03,North Ridge Forest,bear,bear,0.7582
2026-08-05,11:53:03,Elderleaf Basin,bear,bear,0.6646
2026-08-05,11:53:03,Fernvale Thicket,person,person,0.4797
2026-08-05,11:53:03,North Ridge Forest,person,person,0.8396
2026-08-05,11:53:03,Greywood Edge,person,person,0.6977
2026-08-05,11:53:03,Fernvale Thicket,person,person,0.844
2026-08-05,11:53:03,North Ridge Forest,person,person,0.5042
2026-08-05,11:53:03,Greywood Edge,person,person,0.5005
2026-08-05,11:53:04,Greywood Edge,person,person,0.7354
2026-08-05,11:53:04,North Ridge Forest,person,person,0.7896
2026-08-05,11:53:04,Pine Hollow Zone,person,person,0.7522
2026-08-05,11:53:05,Pine Hollow Zone,person,person,0.7211
2026-08-05,11:53:05,Misty Creek Grove,bear,bear,0.6467
2026-08-05,11:53:05,Misty Creek Grove,person,person,0.6302
2026-08-05,11:53:05,Greywood Edge,bear,bear,0.8222
2026-08-05,11:53:05,Greywood Edge,person,person,0.768
2026-08-05,11:53:05,Pine Hollow Zone,bear,bear,0.6741
2026-08-05,11:53:05,Elderleaf Basin,person,person,0.6683
2026-08-05,11:53:06,Greywood Edge,person,person,0.7227
2026-08-05,11:53:06,Fernvale Thicket,person,person,0.6644
2026-08-05,11:53:06,North Ridge Forest,bear,bear,0.6112
2026-08-05,11:53:06,Greywood Edge,bear,bear,0.4542
2026-08-05,11:53:06,Greywood Edge,bear,bear,0.8965
2026-08-05,11:53:06,North Ridge Forest,person,person,0.7177
2026-08-05,11:53:06,North Ridge Forest,person,person,0.5412
2026-08-05,11:53:06,Misty Creek Grove,bear,bear,0.9288
2026-08-05,11:53:06,Pine Hollow Zone,person,person,0.87
2026-08-05,11:53:06,Greywood Edge,person,person,0.6551
2026-08-05,11:53:07,Misty Creek Grove,bear,bear,0.9037
2026-08-05,11:53:07,Greywood Edge,person,person,0.8641
2026-08-05,11:53:07,Misty Creek Grove,person,person,0.5318
2026-08-05,11:53:07,Misty Creek Grove,bear,bear,0.9348
2026-08-05,11:53:07,North Ridge Forest,person,person,0.7604
2026-08-05,11:53:08,North Ridge Forest,bear,bear,0.8379
2026-08-05,11:53:08,Greywood Edge,person,person,0.7638
2026-08-05,11:53:08,North Ridge Forest,bear,bear,0.9437
2026-08-05,11:53:08,Misty Creek Grove,person,person,0.7587
2026-08-05,11:53:08,Misty Creek Grove,person,person,0.8235
2026-08-05,11:53:08,Fernvale Thicket,bear,bear,0.6163
2026-08-05,11:53:09,Fernvale Thicket,person,person,0.7502
2026-08-05,11:53:09,Misty Creek Grove,bear,bear,0.7321
2026-08-05,11:53:09,Greywood Edge,person,person,0.5208
2026-08-05,11:53:09,Pine Hollow Zone,bear,bear,0.7104
2026-08-05,11:53:09,Fernvale Thicket,person,person,0.6813
2026-08-05,11:53:09,North Ridge Forest,person,person,0.5496
2026-08-05,11:53:10,Greywood Edge,person,person,0.7283
2026-08-05,11:53:10,North Ridge Forest,person,person,0.6457
2026-08-05,11:53:10,Fernvale Thicket,person,person,0.7218
2026-08-05,11:53:10,Pine Hollow Zone,person,person,0.5662
2026-08-05,11:53:10,Greywood Edge,bear,bear,0.4892
2026-08-05,11:53:11,Pine Hollow Zone,bear,bear,0.8205
2026-08-05,11:53:11,Misty Creek Grove,person,person,0.7276
2026-08-05,11:53:11,North Ridge Forest,person,person,0.6692
2026-08-05,11:53:11,Pine Hollow Zone,person,person,0.7721
2026-08-05,11:53:11,North Ridge Forest,person,person,0.5669
2026-08-05,11:53:11,Misty Creek Grove,person,person,0.7641
2026-08-05,11:53:11,Misty Creek Grove,person,person,0.7455
2026-08-05,11:53:11,North Ridge Forest,bear,bear,0.6221
2026-08-05,11:53:11,Fernvale Thicket,bear,bear,0.4573
2026-08-05,11:53:12,North Ridge Forest,person,person,0.6457
2026-08-05,11:53:12,Greywood Edge,elephant,elephant,0.5846
2026-08-05,11:53:12,Pine Hollow Zone,person,person,0.5836
2026-08-05,11:53:12,Pine Hollow Zone,bear,bear,0.5549
2026-08-05,11:53:12,Pine Hollow Zone,person,person,0.8479
2026-08-05,11:53:12,Fernvale Thicket,person,person,0.7543
2026-08-05,11:53:12,Greywood Edge,person,person,0.483
2026-08-05,11:53:13,Pine Hollow Zone,person,person,0.8607
2026-08-05,11:53:13,Misty Creek Grove,person,person,0.8205
2026-08-05,11:53:13,Fernvale Thicket,person,person,0.7798
2026-08-05,11:53:13,Fernvale Thicket,person,person,0.9407
2026-08-05,11:53:13,Misty Creek Grove,person,person,0.9127
2026-08-05,11:53:13,Fernvale Thicket,person,person,0.8838
2026-08-05,11:53:14,Elderleaf Basin,person,person,0.9261
2026-08-05,11:53:14,Greywood Edge,person,person,0.9212
2026-08-05,11:53:14,Fernvale Thicket,person,person,0.9132
2026-08-05,11:53:14,North Ridge Forest,person,person,0.9238
2026-08-05,11:53:14,Fernvale Thicket,person,person,0.9178
2026-08-05,11:53:14,Greywood Edge,person,person,0.9118
2026-08-05,11:53:14,Pine Hollow Zone,person,person,0.9218
2026-08-05,11:53:14,Misty Creek Grove,person,person,0.9088
2026-08-05,11:53:14,Misty Creek Grove,person,person,0.9022
2026-08-05,11:53:15,Pine Hollow Zone,person,person,0.8815
2026-08-05,11:53:15,Fernvale Thicket,person,person,0.8525
2026-08-05,11:53:15,Misty Creek Grove,person,person,0.8285
2026-08-05,11:53:15,North Ridge Forest,person,person,0.9224
2026-08-05,11:53:15,Fernvale Thicket,person,person,0.9167
2026-08-05,11:53:15,North Ridge Forest,person,person,0.845
2026-08-05,11:53:16,Misty Creek Grove,person,person,0.9224
2026-08-05,11:53:16,Fernvale Thicket,person,person,0.8978
2026-08-05,11:53:16,Fernvale Thicket,person,person,0.5578
2026-08-05,11:53:16,North Ridge Forest,person,person,0.4708
2026-08-05,11:53:16,North Ridge Forest,person,person,0.9205
2026-08-05,11:53:16,North Ridge Forest,person,person,0.8849
2026-08-05,11:53:16,Misty Creek Grove,person,person,0.6592
2026-08-05,11:53:16,Greywood Edge,person,person,0.929
2026-08-05,11:53:16,Misty Creek Grove,person,person,0.8694
2026-08-05,11:53:16,Elderleaf Basin,person,person,0.7692
2026-08-05,11:53:17,Greywood Edge,person,person,0.9316
2026-08-05,11:53:17,Misty Creek Grove,person,person,0.876
2026-08-05,11:53:17,Pine Hollow Zone,person,person,0.6688
2026-08-05,11:53:17,Greywood Edge,person,person,0.4667
2026-08-05,11:53:17,Greywood Edge,person,person,0.8828
2026-08-05,11:53:17,Pine Hollow Zone,person,person,0.8743
2026-08-05,11:53:17,Misty Creek Grove,person,person,0.708
2026-08-05,11:53:18,Misty Creek Grove,person,person,0.9208
2026-08-05,11:53:18,Elderleaf Basin,person,person,0.8876
2026-08-05,11:53:18,Greywood Edge,person,person,0.5919
2026-08-05,11:53:18,North Ridge Forest,person,person,0.9081
2026-08-05,11:53:18,Pine Hollow Zone,person,person,0.9034
2026-08-05,11:53:18,North Ridge Forest,person,person,0.6299
2026-08-05,11:53:18,Pine Hollow Zone,person,person,0.4869
2026-08-05,11:53:19,Elderleaf Basin,person,person,0.933
2026-08-05,11:53:19,Misty Creek Grove,person,person,0.9085
2026-08-05,11:53:19,Fernvale Thicket,person,person,0.811
2026-08-05,11:53:19,Pine Hollow Zone,person,person,0.9485
2026-08-05,11:53:19,Misty Creek Grove,person,person,0.9182
2026-08-05,11:53:19,Pine Hollow Zone,person,person,0.8608
2026-08-05,11:53:19,Fernvale Thicket,person,person,0.9325
2026-08-05,11:53:19,Elderleaf Basin,person,person,0.8411
2026-08-05,11:53:19,Greywood Edge,person,person,0.8404
2026-08-05,11:53:20,Misty Creek Grove,person,person,0.929
2026-08-05,11:53:20,North Ridge Forest,person,person,0.6249
2026-08-05,11:53:20,Misty Creek Grove,person,person,0.4649
2026-08-05,11:53:20,Misty Creek Grove,person,person,0.9166
2026-08-05,11:53:20,Greywood Edge,person,person,0.6722
2026-08-05,11:53:21,Fernvale Thicket,person,person,0.9136
2026-08-05,11:53:21,Greywood Edge,person,person,0.9195
2026-08-05,11:53:21,Greywood Edge,elephant,elephant,0.7417
2026-08-05,11:53:21,Greywood Edge,person,person,0.9216
2026-08-05,11:53:21,Elderleaf Basin,dog,dog,0.5062
2026-08-05,11:53:22,Elderleaf Basin,elephant,elephant,0.9166
2026-08-05,11:53:22,Misty Creek Grove,person,person,0.9039
2026-08-05,11:53:22,Elderleaf Basin,elephant,elephant,0.9341
2026-08-05,11:53:22,Fernvale Thicket,person,person,0.8991
2026-08-05,11:53:23,Elderleaf Basin,person,person,0.8442
2026-08-05,11:53:23,Greywood Edge,elephant,elephant,0.7506
2026-08-05,11:53:23,Misty Creek Grove,person,person,0.8598
2026-08-05,11:53:23,North Ridge Forest,elephant,elephant,0.7542
2026-08-05,11:53:23,North Ridge Forest,person,person,0.5497
2026-08-05,11:53:24,Elderleaf Basin,person,person,0.9029
2026-08-05,11:53:24,Pine Hollow Zone,elephant,elephant,0.7598
2026-08-05,11:53:24,Elderleaf Basin,person,person,0.4801
2026-08-05,11:53:24,Pine Hollow Zone,person,person,0.9051
2026-08-05,11:53:24,Pine Hollow Zone,elephant,elephant,0.8609
2026-08-05,11:53:24,Greywood Edge,person,person,0.5046
2026-08-05,11:53:24,Fernvale Thicket,person,person,0.9053
2026-08-05,11:53:24,Misty Creek Grove,elephant,elephant,0.7928
2026-08-05,11:53:24,Fernvale Thicket,person,person,0.5081
2026-08-05,11:53:25,Greywood Edge,person,person,0.898
2026-08-05,11:53:25,Elderleaf Basin,elephant,elephant,0.87
2026-08-05,11:53:25,Elderleaf Basin,person,person,0.9064
2026-08-05,11:53:25,Misty Creek Grove,elephant,elephant,0.6433
2026-08-05,11:53:26,Greywood Edge,person,person,0.9046
2026-08-05,11:53:26,Fernvale Thicket,elephant,elephant,0.8931
2026-08-05,11:53:26,Greywood Edge,person,person,0.9045
2026-08-05,11:53:26,Greywood Edge,elephant,elephant,0.8967
2026-08-05,11:53:26,Pine Hollow Zone,person,person,0.9001
2026-08-05,11:53:26,North Ridge Forest,elephant,elephant,0.862
2026-08-05,11:53:26,Misty Creek Grove,person,person,0.5034
2026-08-05,11:53:27,Misty Creek Grove,person,person,0.9079
2026-08-05,11:53:27,Misty Creek Grove,person,person,0.7385
2026-08-05,11:53:27,Pine Hollow Zone,person,person,0.9241
2026-08-05,11:53:27,Elderleaf Basin,elephant,elephant,0.9057
2026-08-05,11:53:27,Misty Creek Grove,person,person,0.6677
2026-08-05,11:53:28,Elderleaf Basin,person,person,0.9264
2026-08-05,11:53:28,Misty Creek Grove,elephant,elephant,0.8393
2026-08-05,11:53:28,Elderleaf Basin,person,person,0.5228
2026-08-05,11:53:28,North Ridge Forest,person,person,0.9271
2026-08-05,11:53:28,North Ridge Forest,elephant,elephant,0.812
2026-08-05,11:53:28,Elderleaf Basin,person,person,0.9312
2026-08-05,11:53:28,Misty Creek Grove,elephant,elephant,0.8105
2026-08-05,11:53:28,Greywood Edge,person,person,0.8003
2026-08-05,11:53:29,Greywood Edge,person,person,0.9265
2026-08-05,11:53:29,North Ridge Forest,person,person,0.8406
2026-08-05,11:53:29,Misty Creek Grove,elephant,elephant,0.7535
2026-08-05,11:53:29,Elderleaf Basin,person,person,0.9277
2026-08-05,11:53:29,Fernvale Thicket,elephant,elephant,0.9093
2026-08-05,11:53:29,Greywood Edge,person,person,0.7999
2026-08-05,11:53:30,Elderleaf Basin,person,person,0.9307
2026-08-05,11:53:30,Pine Hollow Zone,elephant,elephant,0.8818
2026-08-05,11:53:30,Greywood Edge,person,person,0.8074
2026-08-05,11:53:30,Elderleaf Basin,person,person,0.927
2026-08-05,11:53:30,North Ridge Forest,person,person,0.8292
2026-08-05,11:53:30,Elderleaf Basin,elephant,elephant,0.6559
2026-08-05,11:53:30,Elderleaf Basin,person,person,0.926
2026-08-05,11:53:30,Misty Creek Grove,person,person,0.8961
2026-08-05,11:53:31,Greywood Edge,person,person,0.9251
2026-08-05,11:53:31,Misty Creek Grove,person,person,0.9222
2026-08-05,11:53:31,North Ridge Forest,person,person,0.9239
2026-08-05,11:53:31,Misty Creek Grove,person,person,0.8355
2026-08-05,11:53:32,Elderleaf Basin,person,person,0.9164
2026-08-05,11:53:32,Misty Creek Grove,person,person,0.8685
2026-08-05,11:53:32,North Ridge Forest,person,person,0.9231
2026-08-05,11:53:32,Elderleaf Basin,person,person,0.8506
2026-08-05,11:53:32,North Ridge Forest,person,person,0.9382
2026-08-05,11:53:32,Misty Creek Grove,person,person,0.8918
2026-08-05,11:53:33,North Ridge Forest,person,person,0.9225
2026-08-05,11:53:33,Fernvale Thicket,person,person,0.7421
2026-08-05,11:53:33,Misty Creek Grove,person,person,0.9292
2026-08-05,11:53:33,Misty Creek Grove,person,person,0.5368
2026-08-05,11:53:33,Pine Hollow Zone,person,person,0.5122
2026-08-05,11:53:34,North Ridge Forest,person,person,0.8564
2026-08-05,11:53:34,Pine Hollow Zone,person,person,0.5852
2026-08-05,11:53:35,Pine Hollow Zone,person,person,0.6429
2026-08-05,11:53:35,Greywood Edge,person,person,0.8494
2026-08-05,11:53:35,Pine Hollow Zone,person,person,0.8051
2026-08-05,11:53:35,Pine Hollow Zone,dog,dog,0.4842
2026-08-05,11:53:35,Fernvale Thicket,person,person,0.7894
2026-08-05,11:53:35,North Ridge Forest,person,person,0.7351
2026-08-05,11:53:35,Elderleaf Basin,elephant,elephant,0.7018
2026-08-05,11:53:36,Greywood Edge,dog,dog,0.7541
2026-08-05,11:53:36,Fernvale Thicket,person,person,0.7442
2026-08-05,11:53:36,Greywood Edge,person,person,0.7432
2026-08-05,11:53:36,Pine Hollow Zone,person,person,0.8758
2026-08-05,11:53:36,Greywood Edge,dog,dog,0.8488
2026-08-05,11:53:36,Greywood Edge,person,person,0.8183
2026-08-05,11:53:37,Pine Hollow Zone,person,person,0.8169
2026-08-05,11:53:37,Misty Creek Grove,person,person,0.7831
2026-08-05,11:53:37,Greywood Edge,dog,dog,0.5386
2026-08-05,11:53:37,Misty Creek Grove,person,person,0.8987
2026-08-05,11:53:37,Greywood Edge,person,person,0.8366
2026-08-05,11:53:37,Pine Hollow Zone,person,person,0.9397
2026-08-05,11:53:37,Elderleaf Basin,person,person,0.9015
2026-08-05,11:53:37,Misty Creek Grove,person,person,0.6935
2026-08-05,11:53:38,Elderleaf Basin,person,person,0.9182
2026-08-05,11:53:38,Pine Hollow Zone,person,person,0.9044
2026-08-05,11:53:38,Elderleaf Basin,person,person,0.7364
2026-08-05,11:53:38,Greywood Edge,person,person,0.9291
2026-08-05,11:53:38,Greywood Edge,person,person,0.7433
2026-08-05,11:53:38,Elderleaf Basin,person,person,0.7272
2026-08-05,11:53:39,Greywood Edge,person,person,0.9285
2026-08-05,11:53:39,Fernvale Thicket,person,person,0.802
2026-08-05,11:53:39,Elderleaf Basin,person,person,0.71
2026-08-05,11:53:39,Greywood Edge,person,person,0.9359
2026-08-05,11:53:39,Pine Hollow Zone,person,person,0.896
2026-08-05,11:53:39,Elderleaf Basin,person,person,0.5985
2026-08-05,15:30:25,Misty Creek Grove,person,person,0.9005
2026-08-05,15:30:25,Greywood Edge,person,person,0.8936
2026-08-05,15:30:25,Misty Creek Grove,person,person,0.7758
2026-08-05,15:30:40,Elderleaf Basin,person,person,0.8707
2026-08-05,15:30:40,Pine Hollow Zone,person,person,0.8604
2026-08-05,15:30:40,Elderleaf Basin,person,person,0.7495
2026-08-05,15:30:40,Misty Creek Grove,person,person,0.864
2026-08-05,15:30:40,Fernvale Thicket,person,person,0.8632
2026-08-05,15:30:40,Fernvale Thicket,person,person,0.7256
2026-08-05,15:30:41,Greywood Edge,person,person,0.8902
2026-08-05,15:30:41,Greywood Edge,person,person,0.8708
2026-08-05,15:30:41,Fernvale Thicket,person,person,0.6686
2026-08-05,15:30:41,North Ridge Forest,person,person,0.8943
2026-08-05,15:30:41,Greywood Edge,person,person,0.8309
2026-08-05,15:30:41,Misty Creek Grove,person,person,0.6668
2026-08-05,15:30:41,Elderleaf Basin,person,person,0.6042
2026-08-05,15:30:42,Greywood Edge,person,person,0.8783
2026-08-05,15:30:42,North Ridge Forest,person,person,0.7991
2026-08-05,15:30:42,Elderleaf Basin,person,person,0.7248
2026-08-05,15:30:42,North Ridge Forest,person,person,0.6862
2026-08-05,15:30:42,Fernvale Thicket,person,person,0.8965
2026-08-05,15:30:42,Misty Creek Grove,person,person,0.8786
2026-08-05,15:30:42,Misty Creek Grove,person,person,0.6913
2026-08-05,15:30:42,North Ridge Forest,person,person,0.8994
2026-08-05,15:30:42,Pine Hollow Zone,person,person,0.8802
2026-08-05,15:30:42,Pine Hollow Zone,person,person,0.6981
2026-08-05,15:30:43,North Ridge Forest,person,person,0.8687
2026-08-05,15:30:43,Misty Creek Grove,person,person,0.8686
2026-08-05,15:30:43,Fernvale Thicket,person,person,0.5698
2026-08-05,15:30:43,Greywood Edge,person,person,0.4901
2026-08-05,15:30:43,Misty Creek Grove,person,person,0.9439
2026-08-05,15:30:43,Elderleaf Basin,person,person,0.839
2026-08-05,15:30:43,Elderleaf Basin,person,person,0.6682
2026-08-05,15:30:44,Greywood Edge,person,person,0.937
2026-08-05,15:30:44,Pine Hollow Zone,person,person,0.8241
2026-08-05,15:30:44,Pine Hollow Zone,person,person,0.8136
2026-08-05,15:30:44,Pine Hollow Zone,person,person,0.9328
2026-08-05,15:30:44,Greywood Edge,person,person,0.9138
2026-08-05,15:30:44,Pine Hollow Zone,person,person,0.8746
2026-08-05,15:30:44,Misty Creek Grove,person,person,0.7853
2026-08-05,15:30:45,Greywood Edge,person,person,0.9381
2026-08-05,15:30:45,Greywood Edge,person,person,0.8861
2026-08-05,15:30:45,Pine Hollow Zone,person,person,0.8054
2026-08-05,15:30:45,North Ridge Forest,person,person,0.6646
2026-08-05,15:30:45,Pine Hollow Zone,person,person,0.9424
2026-08-05,15:30:45,Elderleaf Basin,person,person,0.8664
2026-08-05,15:30:45,Fernvale Thicket,person,person,0.813
2026-08-05,15:30:45,Misty Creek Grove,person,person,0.5686
2026-08-05,15:30:45,Misty Creek Grove,person,person,0.9402
2026-08-05,15:30:45,North Ridge Forest,person,person,0.9008
2026-08-05,15:30:45,North Ridge Forest,person,person,0.8961
2026-08-05,15:30:45,Greywood Edge,person,person,0.6088
2026-08-05,15:30:46,Greywood Edge,person,person,0.9377
2026-08-05,15:30:46,Elderleaf Basin,person,person,0.8946
2026-08-05,15:30:46,Greywood Edge,person,person,0.8938
2026-08-05,15:30:46,Fernvale Thicket,person,person,0.937
2026-08-05,15:30:46,Elderleaf Basin,person,person,0.8904
2026-08-05,15:30:46,North Ridge Forest,person,person,0.7721
2026-08-05,15:30:47,Pine Hollow Zone,person,person,0.9334
2026-08-05,15:30:47,Misty Creek Grove,person,person,0.8874
2026-08-05,15:30:47,Misty Creek Grove,person,person,0.8807
2026-08-05,15:30:47,Misty Creek Grove,person,person,0.9306
2026-08-05,15:30:47,North Ridge Forest,person,person,0.9183
2026-08-05,15:30:47,Elderleaf Basin,person,person,0.8452
2026-08-05,15:30:47,Elderleaf Basin,person,person,0.53
2026-08-05,15:30:47,Pine Hollow Zone,person,person,0.9372
2026-08-05,15:30:47,Elderleaf Basin,person,person,0.8759
2026-08-05,15:30:47,Misty Creek Grove,person,person,0.8068
2026-08-05,15:30:47,Fernvale Thicket,person,person,0.698
2026-08-05,15:30:48,Elderleaf Basin,person,person,0.947
2026-08-05,15:30:48,Misty Creek Grove,person,person,0.906
2026-08-05,15:30:48,Greywood Edge,person,person,0.8538
2026-08-05,15:30:48,Misty Creek Grove,person,person,0.6314
2026-08-05,15:30:48,Misty Creek Grove,person,person,0.935
2026-08-05,15:30:48,Greywood Edge,person,person,0.8898
2026-08-05,15:30:48,Elderleaf Basin,person,person,0.856
2026-08-05,15:30:48,Misty Creek Grove,person,person,0.7133
2026-08-05,15:30:49,Pine Hollow Zone,person,person,0.9323
2026-08-05,15:30:49,Fernvale Thicket,person,person,0.8727
2026-08-05,15:30:49,Fernvale Thicket,person,person,0.8043
2026-08-05,15:30:49,Elderleaf Basin,person,person,0.5881
2026-08-05,15:33:46,Elderleaf Basin,person,person,0.9042
2026-08-05,15:33:46,Greywood Edge,person,person,0.8952
2026-08-05,15:33:46,Greywood Edge,person,person,0.8943
2026-08-05,15:33:46,North Ridge Forest,person,person,0.7045
2026-08-05,15:33:46,Misty Creek Grove,person,person,0.6759
2026-08-05,15:33:46,Misty Creek Grove,person,person,0.4619
2026-08-05,15:33:47,Pine Hollow Zone,person,person,0.9055
2026-08-05,15:33:47,North Ridge Forest,person,person,0.8985
2026-08-05,15:33:47,North Ridge Forest,person,person,0.8956
2026-08-05,15:33:47,Pine Hollow Zone,person,person,0.6985
2026-08-05,15:33:47,Fernvale Thicket,person,person,0.6422
2026-08-05,15:33:47,Pine Hollow Zone,person,person,0.9078
2026-08-05,15:33:47,Fernvale Thicket,person,person,0.8832
2026-08-05,15:33:47,Elderleaf Basin,person,person,0.8759
2026-08-05,15:33:47,Misty Creek Grove,person,person,0.6757
2026-08-05,15:33:47,Fernvale Thicket,person,person,0.6559
2026-08-05,15:33:47,Misty Creek Grove,person,person,0.6282
2026-08-05,15:33:48,North Ridge Forest,person,person,0.9272
2026-08-05,15:33:48,Pine Hollow Zone,person,person,0.8893
2026-08-05,15:33:48,Misty Creek Grove,person,person,0.885
2026-08-05,15:33:48,Pine Hollow Zone,person,person,0.7415
2026-08-05,15:33:48,North Ridge Forest,person,person,0.5645
2026-08-05,15:33:48,Pine Hollow Zone,person,person,0.4803
2026-08-05,15:33:48,Misty Creek Grove,person,person,0.9261
2026-08-05,15:33:48,Misty Creek Grove,person,person,0.8949
2026-08-05,15:33:48,Pine Hollow Zone,person,person,0.775
2026-08-05,15:33:48,Fernvale Thicket,person,person,0.614
2026-08-05,15:33:48,Misty Creek Grove,person,person,0.5691
2026-08-05,15:33:49,Elderleaf Basin,person,person,0.9141
2026-08-05,15:33:49,Misty Creek Grove,person,person,0.8436
2026-08-05,15:33:49,Misty Creek Grove,dog,dog,0.494
2026-08-05,15:33:49,Fernvale Thicket,person,person,0.4654
2026-08-05,15:33:49,Elderleaf Basin,person,person,0.9301
2026-08-05,15:33:49,Pine Hollow Zone,person,person,0.6943
2026-08-05,15:33:49,Misty Creek Grove,bear,bear,0.5429
2026-08-05,15:33:49,Greywood Edge,person,person,0.8848
2026-08-05,15:33:50,Fernvale Thicket,person,person,0.7496
2026-08-05,15:33:50,Greywood Edge,person,person,0.6564
2026-08-05,15:33:50,Greywood Edge,dog,dog,0.6518
2026-08-05,15:33:50,North Ridge Forest,person,person,0.8085
2026-08-05,15:33:50,Greywood Edge,person,person,0.681
2026-08-05,15:33:51,Elderleaf Basin,bear,bear,0.8981
2026-08-05,15:33:51,North Ridge Forest,bear,bear,0.8959
2026-08-05,15:33:51,Pine Hollow Zone,person,person,0.6097
2026-08-05,15:33:51,Misty Creek Grove,person,person,0.5611
2026-08-05,15:33:51,Elderleaf Basin,bear,bear,0.8813
2026-08-05,15:33:51,Pine Hollow Zone,person,person,0.5876
2026-08-05,15:33:51,Misty Creek Grove,person,person,0.729
2026-08-05,15:33:52,Misty Creek Grove,bear,bear,0.6037
2026-08-05,15:33:52,Pine Hollow Zone,person,person,0.5074
2026-08-05,15:33:52,Misty Creek Grove,person,person,0.502
2026-08-05,15:33:52,North Ridge Forest,bear,bear,0.8652
2026-08-05,15:33:52,North Ridge Forest,person,person,0.6701
2026-08-05,15:33:53,Fernvale Thicket,person,person,0.785
2026-08-05,15:33:53,North Ridge Forest,bear,bear,0.7713
2026-08-05,15:33:53,Greywood Edge,bear,bear,0.7733
2026-08-05,15:33:53,Pine Hollow Zone,person,person,0.7593
2026-08-05,15:33:54,Elderleaf Basin,person,person,0.8486
2026-08-05,15:33:54,Misty Creek Grove,bear,bear,0.6563
2026-08-05,15:33:54,Fernvale Thicket,bear,bear,0.5957
2026-08-05,15:33:54,Pine Hollow Zone,bear,bear,0.8405
2026-08-05,15:33:54,Greywood Edge,bear,bear,0.8294
2026-08-05,15:33:54,North Ridge Forest,person,person,0.7946
2026-08-05,15:33:54,Misty Creek Grove,person,person,0.8559
2026-08-05,15:33:55,Greywood Edge,person,person,0.8248
2026-08-05,15:33:55,Greywood Edge,person,person,0.7884
2026-08-05,15:33:55,Greywood Edge,person,person,0.8771
2026-08-05,15:33:55,Greywood Edge,person,person,0.8758
2026-08-05,15:33:55,Misty Creek Grove,bear,bear,0.7929
2026-08-05,15:33:56,North Ridge Forest,person,person,0.8976
2026-08-05,15:33:56,Greywood Edge,bear,bear,0.871
2026-08-05,15:33:56,Pine Hollow Zone,person,person,0.6458
2026-08-05,15:33:56,Pine Hollow Zone,person,person,0.8823
2026-08-05,15:33:56,Fernvale Thicket,person,person,0.6333
2026-08-05,15:33:56,Elderleaf Basin,person,person,0.5124
2026-08-05,15:33:56,Fernvale Thicket,person,person,0.8509
2026-08-05,15:33:56,Pine Hollow Zone,person,person,0.4951
2026-08-05,15:33:57,Fernvale Thicket,person,person,0.8267
2026-08-05,15:33:57,North Ridge Forest,person,person,0.6859
2026-08-05,15:33:57,Misty Creek Grove,person,person,0.6926
2026-08-05,15:33:57,Misty Creek Grove,person,person,0.5368
2026-08-05,15:33:57,Misty Creek Grove,person,person,0.5252
2026-08-05,15:33:58,Greywood Edge,person,person,0.8171
2026-08-05,15:33:58,Greywood Edge,person,person,0.6934
2026-08-05,15:33:58,Fernvale Thicket,person,person,0.8182
2026-08-05,15:33:58,Pine Hollow Zone,person,person,0.7446
2026-08-05,15:33:58,Greywood Edge,person,person,0.8196
2026-08-05,15:33:58,Elderleaf Basin,person,person,0.6655
2026-08-05,15:33:59,Greywood Edge,person,person,0.8548
2026-08-05,15:33:59,Elderleaf Basin,person,person,0.6612
2026-08-05,15:33:59,Elderleaf Basin,person,person,0.7554
2026-08-05,15:33:59,Misty Creek Grove,person,person,0.6895
2026-08-05,15:34:00,North Ridge Forest,person,person,0.8416
2026-08-05,15:34:00,Elderleaf Basin,person,person,0.6451
2026-08-05,15:34:00,Greywood Edge,person,person,0.9183
2026-08-05,15:34:00,North Ridge Forest,person,person,0.6714
2026-08-05,15:34:00,Greywood Edge,bear,bear,0.5993
2026-08-05,15:34:00,Pine Hollow Zone,person,person,0.5506
2026-08-05,15:34:00,North Ridge Forest,person,person,0.9124
2026-08-05,15:34:00,Greywood Edge,bear,bear,0.8296
2026-08-05,15:34:00,Elderleaf Basin,person,person,0.6092
2026-08-05,15:34:00,Misty Creek Grove,person,person,0.4704
2026-08-05,15:34:01,Elderleaf Basin,person,person,0.9146
2026-08-05,15:34:01,Fernvale Thicket,person,person,0.549
2026-08-05,15:34:01,North Ridge Forest,bear,bear,0.5171
2026-08-05,15:34:01,Misty Creek Grove,person,person,0.4918
2026-08-05,15:34:02,Elderleaf Basin,person,person,0.9074
2026-08-05,15:34:02,Pine Hollow Zone,person,person,0.8797
2026-08-05,15:34:03,Pine Hollow Zone,person,person,0.7515
2026-08-05,15:34:03,Fernvale Thicket,person,person,0.9021
2026-08-05,15:34:03,Elderleaf Basin,person,person,0.651
2026-08-05,15:34:03,Pine Hollow Zone,person,person,0.9103
2026-08-05,15:34:03,Greywood Edge,person,person,0.7296
2026-08-05,15:34:03,Fernvale Thicket,person,person,0.472
2026-08-05,15:34:04,Pine Hollow Zone,person,person,0.915
2026-08-05,15:34:04,Elderleaf Basin,person,person,0.8483
2026-08-05,15:34:04,Fernvale Thicket,person,person,0.5021
2026-08-05,15:34:04,North Ridge Forest,person,person,0.4947
2026-08-05,15:34:04,Fernvale Thicket,person,person,0.915
2026-08-05,15:34:04,Fernvale Thicket,person,person,0.6743
2026-08-05,15:34:04,Misty Creek Grove,person,person,0.4698
2026-08-05,15:34:05,Fernvale Thicket,person,person,0.8924
2026-08-05,15:34:05,Misty Creek Grove,person,person,0.7014
2026-08-05,15:34:05,Greywood Edge,person,person,0.8634
2026-08-05,15:34:05,Greywood Edge,person,person,0.6043
2026-08-05,15:34:05,Elderleaf Basin,person,person,0.8802
2026-08-05,15:34:06,Misty Creek Grove,person,person,0.8473
2026-08-05,15:34:06,Misty Creek Grove,person,person,0.8648
2026-08-05,15:34:07,Pine Hollow Zone,person,person,0.7665
2026-08-05,15:34:07,North Ridge Forest,person,person,0.8175
2026-08-05,15:34:07,North Ridge Forest,person,person,0.544
2026-08-05,15:34:07,Fernvale Thicket,person,person,0.8713
2026-08-05,15:34:07,Pine Hollow Zone,dog,dog,0.6798
2026-08-05,15:34:08,North Ridge Forest,person,person,0.6461
2026-08-05,15:34:08,Greywood Edge,person,person,0.5863
2026-08-05,15:34:08,Pine Hollow Zone,person,person,0.8016
2026-08-05,15:34:09,Misty Creek Grove,person,person,0.768
2026-08-05,15:34:09,Elderleaf Basin,person,person,0.6342
2026-08-05,15:34:09,Fernvale Thicket,person,person,0.4559
2026-08-05,15:34:09,Misty Creek Grove,person,person,0.7425
2026-08-05,15:34:10,Elderleaf Basin,person,person,0.7219
2026-08-05,15:34:10,Misty Creek Grove,elephant,elephant,0.5047
2026-08-05,15:34:10,Elderleaf Basin,person,person,0.8433
2026-08-05,15:34:11,North Ridge Forest,person,person,0.8694
2026-08-05,15:34:11,Fernvale Thicket,person,person,0.7567
2026-08-05,15:34:11,Fernvale Thicket,person,person,0.8619
2026-08-05,15:34:12,Fernvale Thicket,person,person,0.6693
2026-08-05,15:34:12,Misty Creek Grove,person,person,0.8051
2026-08-05,15:34:13,North Ridge Forest,person,person,0.5514
2026-08-05,15:34:13,North Ridge Forest,person,person,0.7002
2026-08-05,15:34:13,Greywood Edge,bear,bear,0.5313
2026-08-05,15:34:13,Elderleaf Basin,person,person,0.7923
2026-08-05,15:34:14,Greywood Edge,person,person,0.7583
2026-08-05,15:34:14,Elderleaf Basin,person,person,0.7586
2026-08-05,15:34:15,Fernvale Thicket,bear,bear,0.7785
2026-08-05,15:34:15,Elderleaf Basin,person,person,0.7072
2026-08-05,15:34:15,Elderleaf Basin,person,person,0.6438
2026-08-05,15:34:15,Greywood Edge,bear,bear,0.5723
2026-08-05,15:34:15,Greywood Edge,person,person,0.8683
2026-08-05,15:34:16,Pine Hollow Zone,person,person,0.8863
2026-08-05,15:34:16,Elderleaf Basin,bear,bear,0.8116
2026-08-05,15:34:16,Misty Creek Grove,bear,bear,0.5823
2026-08-05,15:34:16,Misty Creek Grove,bear,bear,0.9472
2026-08-05,15:34:16,Greywood Edge,bear,bear,0.9221
2026-08-05,15:34:16,Pine Hollow Zone,person,person,0.8825
2026-08-05,15:34:16,Pine Hollow Zone,person,person,0.5685
2026-08-05,15:34:17,Elderleaf Basin,person,person,0.8924
2026-08-05,15:34:17,North Ridge Forest,bear,bear,0.8056
2026-08-05,15:34:17,Pine Hollow Zone,person,person,0.6237
2026-08-05,15:34:17,North Ridge Forest,bear,bear,0.45
2026-08-05,15:34:17,Pine Hollow Zone,person,person,0.8098
2026-08-05,15:34:18,Elderleaf Basin,person,person,0.8023
2026-08-05,15:34:18,Greywood Edge,person,person,0.6024
2026-08-05,15:34:18,North Ridge Forest,bear,bear,0.8165
2026-08-05,15:34:18,Misty Creek Grove,person,person,0.7094
2026-08-05,15:34:18,Pine Hollow Zone,person,person,0.5156
2026-08-05,15:34:18,North Ridge Forest,person,person,0.7901
2026-08-05,15:34:18,Fernvale Thicket,person,person,0.5972
2026-08-05,15:34:19,Pine Hollow Zone,person,person,0.7465
2026-08-05,15:34:19,Fernvale Thicket,bear,bear,0.4641
2026-08-05,15:34:19,Elderleaf Basin,person,person,0.7684
2026-08-05,15:34:19,Misty Creek Grove,person,person,0.6206
2026-08-05,15:34:20,Fernvale Thicket,person,person,0.733
2026-08-05,15:34:20,Pine Hollow Zone,person,person,0.8453
2026-08-05,15:34:20,Misty Creek Grove,person,person,0.8234
2026-08-05,15:34:20,Misty Creek Grove,person,person,0.8219
2026-08-05,15:34:20,Fernvale Thicket,person,person,0.7243
2026-08-05,15:34:20,Greywood Edge,person,person,0.4543
2026-08-05,15:34:21,Elderleaf Basin,person,person,0.8823
2026-08-05,15:34:21,Pine Hollow Zone,person,person,0.8133
2026-08-05,15:34:21,Misty Creek Grove,person,person,0.8431
2026-08-05,15:34:21,Greywood Edge,person,person,0.7491
2026-08-05,15:34:22,Fernvale Thicket,person,person,0.8402
2026-08-05,15:34:22,North Ridge Forest,person,person,0.708
2026-08-05,15:34:22,Misty Creek Grove,dog,dog,0.5543
2026-08-05,15:34:22,Elderleaf Basin,person,person,0.8777
2026-08-05,15:34:22,Misty Creek Grove,person,person,0.8751
2026-08-05,15:34:22,North Ridge Forest,elephant,elephant,0.5892
2026-08-05,15:34:23,Fernvale Thicket,person,person,0.8271
2026-08-05,15:34:23,North Ridge Forest,person,person,0.4852
2026-08-05,15:34:23,Pine Hollow Zone,person,person,0.8559
2026-08-05,15:34:24,Misty Creek Grove,person,person,0.8428
2026-08-05,15:34:24,Misty Creek Grove,person,person,0.5713
2026-08-05,15:34:24,Greywood Edge,person,person,0.7666
2026-08-05,15:34:24,North Ridge Forest,dog,dog,0.4579
2026-08-05,15:34:24,Elderleaf Basin,person,person,0.686
2026-08-05,15:34:25,Misty Creek Grove,person,person,0.8096
2026-08-05,15:34:25,Elderleaf Basin,person,person,0.5183
2026-08-05,15:34:25,Elderleaf Basin,person,person,0.6978
2026-08-05,15:34:25,Misty Creek Grove,person,person,0.6331
2026-08-05,15:34:26,Fernvale Thicket,person,person,0.8721
2026-08-05,15:34:26,Pine Hollow Zone,person,person,0.7511
2026-08-05,15:34:26,North Ridge Forest,person,person,0.5588
2026-08-05,15:34:26,Pine Hollow Zone,person,person,0.6829
2026-08-05,15:34:27,Misty Creek Grove,person,person,0.8246
2026-08-05,15:34:27,Pine Hollow Zone,person,person,0.6391
2026-08-05,15:34:27,Elderleaf Basin,person,person,0.5714
2026-08-05,15:34:28,Elderleaf Basin,person,person,0.8012
2026-08-05,15:34:28,Misty Creek Grove,person,person,0.6302
2026-08-05,15:34:28,Misty Creek Grove,person,person,0.702
2026-08-05,15:34:28,Fernvale Thicket,person,person,0.596
2026-08-05,15:34:28,Pine Hollow Zone,person,person,0.6737
2026-08-05,15:34:29,North Ridge Forest,person,person,0.8155
2026-08-05,15:34:29,Greywood Edge,person,person,0.7158
2026-08-05,15:34:30,North Ridge Forest,person,person,0.8302
2026-08-05,15:34:30,Fernvale Thicket,person,person,0.8406
2026-08-05,15:34:30,Misty Creek Grove,person,person,0.8403
2026-08-05,15:34:31,North Ridge Forest,person,person,0.8502
2026-08-05,15:34:31,Elderleaf Basin,person,person,0.7175
2026-08-05,15:34:31,North Ridge Forest,person,person,0.8786
2026-08-05,15:34:32,Greywood Edge,person,person,0.7193
2026-08-05,15:34:32,Fernvale Thicket,person,person,0.8267
2026-08-05,15:34:33,North Ridge Forest,elephant,elephant,0.8323
2026-08-05,15:34:33,Elderleaf Basin,person,person,0.782
2026-08-05,15:34:33,Elderleaf Basin,person,person,0.486
2026-08-05,15:34:33,North Ridge Forest,person,person,0.8697
2026-08-05,15:34:33,Elderleaf Basin,dog,dog,0.7499
2026-08-05,15:34:34,North Ridge Forest,bear,bear,0.8798
2026-08-05,15:34:34,Pine Hollow Zone,person,person,0.8411
2026-08-05,15:34:34,Pine Hollow Zone,person,person,0.8592
2026-08-05,15:34:34,Elderleaf Basin,bear,bear,0.5155
2026-08-05,15:34:34,Fernvale Thicket,person,person,0.8529
2026-08-05,15:34:34,Greywood Edge,bear,bear,0.5374
2026-08-05,15:34:35,Misty Creek Grove,person,person,0.8587
2026-08-05,15:34:35,North Ridge Forest,person,person,0.8137
2026-08-05,15:34:36,North Ridge Forest,person,person,0.8467
2026-08-05,15:34:36,Misty Creek Grove,bear,bear,0.8291
2026-08-05,15:34:36,Greywood Edge,bear,bear,0.8189
2026-08-05,15:34:36,Elderleaf Basin,bear,bear,0.8759
2026-08-05,15:34:36,North Ridge Forest,bear,bear,0.7556
2026-08-05,15:34:36,Elderleaf Basin,person,person,0.6338
2026-08-05,15:34:36,Pine Hollow Zone,person,person,0.4784
2026-08-05,15:34:36,Fernvale Thicket,person,person,0.7815
2026-08-05,15:34:37,Misty Creek Grove,person,person,0.8197
2026-08-05,15:34:37,Pine Hollow Zone,person,person,0.8141
2026-08-05,15:34:37,Misty Creek Grove,bear,bear,0.6803
2026-08-05,15:34:37,Elderleaf Basin,person,person,0.8181
2026-08-05,15:34:38,North Ridge Forest,bear,bear,0.5906
2026-08-05,15:34:38,Elderleaf Basin,person,person,0.7886
2026-08-05,15:34:38,Pine Hollow Zone,bear,bear,0.5958
2026-08-05,15:34:38,Elderleaf Basin,bear,bear,0.8908
2026-08-05,15:34:38,Misty Creek Grove,bear,bear,0.8197
2026-08-05,15:34:38,Greywood Edge,person,person,0.7574
2026-08-05,15:34:39,North Ridge Forest,person,person,0.8155
2026-08-05,15:34:39,Greywood Edge,bear,bear,0.8021
2026-08-05,15:34:39,Elderleaf Basin,bear,bear,0.7259
2026-08-05,15:34:39,Fernvale Thicket,person,person,0.8293
2026-08-05,15:34:39,Elderleaf Basin,bear,bear,0.4912
2026-08-05,15:34:39,North Ridge Forest,dog,dog,0.4748
2026-08-05,15:34:39,Elderleaf Basin,bear,bear,0.9048
2026-08-05,15:34:39,Pine Hollow Zone,person,person,0.7738
2026-08-05,15:34:40,Pine Hollow Zone,person,person,0.8554
2026-08-05,15:34:40,North Ridge Forest,bear,bear,0.7519
2026-08-05,15:34:40,Misty Creek Grove,person,person,0.7944
2026-08-05,15:34:40,North Ridge Forest,bear,bear,0.5481
2026-08-05,15:34:41,Misty Creek Grove,person,person,0.8454
2026-08-05,15:34:41,Pine Hollow Zone,person,person,0.821
2026-08-05,15:34:41,Elderleaf Basin,person,person,0.7428
2026-08-05,15:34:42,Fernvale Thicket,person,person,0.7927
2026-08-05,15:34:42,Greywood Edge,person,person,0.4764
2026-08-05,15:34:42,North Ridge Forest,person,person,0.6679
2026-08-05,15:34:43,Fernvale Thicket,person,person,0.892
2026-08-05,15:34:43,Fernvale Thicket,person,person,0.7617
2026-08-05,15:34:43,Pine Hollow Zone,person,person,0.5264
2026-08-05,15:34:43,Elderleaf Basin,person,person,0.9189
2026-08-05,15:34:43,North Ridge Forest,person,person,0.8115
2026-08-05,15:34:43,Pine Hollow Zone,person,person,0.5438
2026-08-05,15:34:44,Elderleaf Basin,person,person,0.9032
2026-08-05,15:34:44,North Ridge Forest,person,person,0.8869
2026-08-05,15:34:44,Greywood Edge,person,person,0.5931
2026-08-05,15:34:44,Greywood Edge,person,person,0.5902
2026-08-05,15:34:44,Greywood Edge,person,person,0.8718
2026-08-05,15:34:44,North Ridge Forest,person,person,0.8521
2026-08-05,15:34:44,Greywood Edge,person,person,0.6654
2026-08-05,15:34:44,Elderleaf Basin,person,person,0.9002
2026-08-05,15:34:44,Pine Hollow Zone,person,person,0.8775
2026-08-05,15:34:44,Fernvale Thicket,person,person,0.7153
2026-08-05,15:34:44,Pine Hollow Zone,person,person,0.5055
2026-08-05,15:34:45,North Ridge Forest,person,person,0.8751
2026-08-05,15:34:45,Misty Creek Grove,person,person,0.8701
2026-08-05,15:34:45,Fernvale Thicket,person,person,0.8332
2026-08-05,15:34:45,Pine Hollow Zone,person,person,0.907
2026-08-05,15:34:45,North Ridge Forest,person,person,0.8909
2026-08-05,15:34:45,Elderleaf Basin,person,person,0.5852
2026-08-05,15:34:46,North Ridge Forest,person,person,0.8749
2026-08-05,15:34:46,North Ridge Forest,person,person,0.8726
2026-08-05,15:34:46,Fernvale Thicket,person,person,0.6694
2026-08-05,15:34:46,Misty Creek Grove,person,person,0.5033
2026-08-05,15:34:46,Greywood Edge,person,person,0.8904
2026-08-05,15:34:46,Fernvale Thicket,person,person,0.7416
2026-08-05,15:34:46,North Ridge Forest,person,person,0.6774
2026-08-05,15:34:46,Misty Creek Grove,person,person,0.4718
2026-08-05,15:34:47,Pine Hollow Zone,person,person,0.8463
2026-08-05,15:34:47,Elderleaf Basin,person,person,0.7565
2026-08-05,15:34:47,Greywood Edge,person,person,0.5339
2026-08-05,15:34:47,Misty Creek Grove,person,person,0.4586
2026-08-05,15:34:47,Elderleaf Basin,person,person,0.7936
2026-08-05,15:34:47,Misty Creek Grove,person,person,0.7166
2026-08-05,15:34:47,North Ridge Forest,person,person,0.567
2026-08-05,15:34:47,North Ridge Forest,person,person,0.5662
2026-08-05,15:34:47,Pine Hollow Zone,person,person,0.9151
2026-08-05,15:34:47,North Ridge Forest,person,person,0.8877
2026-08-05,15:34:47,Greywood Edge,person,person,0.743
2026-08-05,15:34:47,Misty Creek Grove,person,person,0.7159
2026-08-05,15:34:47,Fernvale Thicket,person,person,0.4909
2026-08-05,15:34:47,Pine Hollow Zone,person,person,0.4894
2026-08-05,15:34:48,Misty Creek Grove,person,person,0.8829
2026-08-05,15:34:48,Greywood Edge,person,person,0.8341
2026-08-05,15:34:48,Greywood Edge,person,person,0.775
2026-08-05,15:34:48,Fernvale Thicket,person,person,0.912
2026-08-05,15:34:48,Greywood Edge,person,person,0.9118
2026-08-05,15:34:48,Pine Hollow Zone,person,person,0.8754
2026-08-05,15:34:48,Pine Hollow Zone,person,person,0.5981
2026-08-05,15:34:49,Misty Creek Grove,person,person,0.9283
2026-08-05,15:34:49,North Ridge Forest,person,person,0.9121
2026-08-05,15:34:49,North Ridge Forest,person,person,0.8789
2026-08-05,15:34:49,Pine Hollow Zone,person,person,0.7476
2026-08-05,15:34:49,Fernvale Thicket,person,person,0.7357
2026-08-05,15:34:49,North Ridge Forest,person,person,0.617
2026-08-05,15:34:49,Misty Creek Grove,person,person,0.9272
2026-08-05,15:34:49,Elderleaf Basin,person,person,0.8948
2026-08-05,15:34:49,North Ridge Forest,person,person,0.8465
2026-08-05,15:34:49,Greywood Edge,person,person,0.7423
2026-08-05,15:34:49,Fernvale Thicket,person,person,0.687
2026-08-05,15:34:49,Pine Hollow Zone,person,person,0.9158
2026-08-05,15:34:49,Misty Creek Grove,person,person,0.9072
2026-08-05,15:34:49,Fernvale Thicket,person,person,0.9066
2026-08-05,15:34:49,Pine Hollow Zone,person,person,0.7514
2026-08-05,15:34:49,Elderleaf Basin,person,person,0.7409
2026-08-05,15:34:50,Pine Hollow Zone,person,person,0.9223
2026-08-05,15:34:50,Pine Hollow Zone,person,person,0.9093
2026-08-05,15:34:50,Greywood Edge,person,person,0.8974
2026-08-05,15:34:50,Fernvale Thicket,person,person,0.7033
2026-08-05,15:34:50,Elderleaf Basin,person,person,0.6914
2026-08-05,15:34:50,Pine Hollow Zone,person,person,0.9263
2026-08-05,15:34:50,North Ridge Forest,person,person,0.9238
2026-08-05,15:34:50,Elderleaf Basin,person,person,0.8986
2026-08-05,15:34:50,Elderleaf Basin,person,person,0.7799
2026-08-05,15:34:50,Greywood Edge,person,person,0.7095
2026-08-05,15:34:51,Elderleaf Basin,person,person,0.915
2026-08-05,15:34:51,Greywood Edge,person,person,0.9012
2026-08-05,15:34:51,Greywood Edge,person,person,0.8948
2026-08-05,15:34:51,Fernvale Thicket,person,person,0.7368
2026-08-05,15:34:51,Elderleaf Basin,person,person,0.6723
2026-08-05,15:34:51,North Ridge Forest,person,person,0.8363
2026-08-05,15:34:52,Greywood Edge,person,person,0.6851
2026-08-05,15:34:52,Elderleaf Basin,cow,cow,0.5261
2026-08-05,15:34:52,Elderleaf Basin,cow,cow,0.9378
2026-08-05,15:34:52,Greywood Edge,person,person,0.4651
2026-08-05,15:34:52,Elderleaf Basin,cow,cow,0.9159
2026-08-05,15:34:52,Fernvale Thicket,person,person,0.5382
2026-08-05,15:34:53,North Ridge Forest,cow,cow,0.9102
2026-08-05,15:34:53,Greywood Edge,person,person,0.7251
2026-08-05,15:34:53,Fernvale Thicket,person,person,0.4742
2026-08-05,15:34:53,Greywood Edge,person,person,0.6874
2026-08-05,15:34:53,Elderleaf Basin,cow,cow,0.6684
2026-08-05,15:34:53,North Ridge Forest,cow,cow,0.5496
2026-08-05,15:34:53,Pine Hollow Zone,person,person,0.457
2026-08-05,15:34:54,North Ridge Forest,cow,cow,0.9
2026-08-05,15:34:54,Pine Hollow Zone,person,person,0.59
2026-08-05,15:34:54,North Ridge Forest,cow,cow,0.8087
2026-08-05,15:34:54,Greywood Edge,person,person,0.6602
2026-08-05,15:34:54,Greywood Edge,cow,cow,0.9095
2026-08-05,15:34:54,Misty Creek Grove,person,person,0.7449
2026-08-05,15:34:55,North Ridge Forest,cow,cow,0.8975
2026-08-05,15:34:55,Pine Hollow Zone,person,person,0.711
2026-08-05,15:34:55,Fernvale Thicket,cow,cow,0.8849
2026-08-05,15:34:55,Pine Hollow Zone,person,person,0.537
2026-08-05,15:34:55,Misty Creek Grove,person,person,0.5188
2026-08-05,15:34:56,Greywood Edge,person,person,0.9111
2026-08-05,15:34:56,Misty Creek Grove,person,person,0.8492
2026-08-05,15:34:56,Greywood Edge,person,person,0.7787
2026-08-05,15:34:56,Fernvale Thicket,person,person,0.9039
2026-08-05,15:34:56,Pine Hollow Zone,person,person,0.8724
2026-08-05,15:34:56,Fernvale Thicket,person,person,0.8676
2026-08-05,15:34:56,Pine Hollow Zone,person,person,0.5882
2026-08-05,15:34:56,Fernvale Thicket,person,person,0.9143
2026-08-05,15:34:56,Greywood Edge,person,person,0.9126
2026-08-05,15:34:56,Fernvale Thicket,person,person,0.8655
2026-08-05,15:34:56,Misty Creek Grove,person,person,0.766
2026-08-05,15:34:56,Greywood Edge,person,person,0.511
2026-08-05,15:34:57,Greywood Edge,person,person,0.9252
2026-08-05,15:34:57,North Ridge Forest,person,person,0.9167
2026-08-05,15:34:57,Pine Hollow Zone,person,person,0.8656
2026-08-05,15:34:57,North Ridge Forest,person,person,0.7667
2026-08-05,15:34:57,Elderleaf Basin,person,person,0.5849
2026-08-05,15:34:57,Fernvale Thicket,person,person,0.5748
2026-08-05,15:34:57,Greywood Edge,person,person,0.9055
2026-08-05,15:34:57,Misty Creek Grove,person,person,0.9048
2026-08-05,15:34:57,Elderleaf Basin,person,person,0.8111
2026-08-05,15:34:57,North Ridge Forest,person,person,0.7626
2026-08-05,15:34:57,North Ridge Forest,person,person,0.6556
2026-08-05,15:34:57,North Ridge Forest,person,person,0.5637
2026-08-05,15:34:57,Pine Hollow Zone,person,person,0.9044
2026-08-05,15:34:58,Elderleaf Basin,person,person,0.8987
2026-08-05,15:34:58,North Ridge Forest,person,person,0.8115
2026-08-05,15:34:58,Fernvale Thicket,person,person,0.7529
2026-08-05,15:34:58,Pine Hollow Zone,person,person,0.7421
2026-08-05,15:34:58,Elderleaf Basin,person,person,0.7003
2026-08-05,15:34:58,Misty Creek Grove,person,person,0.9261
2026-08-05,15:34:58,Elderleaf Basin,person,person,0.8859
2026-08-05,15:34:58,Fernvale Thicket,person,person,0.7299
2026-08-05,15:34:58,Elderleaf Basin,person,person,0.7197
2026-08-05,15:34:58,Fernvale Thicket,person,person,0.7151
2026-08-05,15:34:58,North Ridge Forest,person,person,0.6144
2026-08-05,15:34:58,Elderleaf Basin,person,person,0.9295
2026-08-05,15:34:58,Pine Hollow Zone,person,person,0.9113
2026-08-05,15:34:58,Elderleaf Basin,person,person,0.6362
2026-08-05,15:34:58,North Ridge Forest,person,person,0.6131
2026-08-05,15:34:59,Elderleaf Basin,person,person,0.9207
2026-08-05,15:34:59,Pine Hollow Zone,person,person,0.897
2026-08-05,15:34:59,Misty Creek Grove,person,person,0.6321
2026-08-05,15:34:59,North Ridge Forest,person,person,0.5463
2026-08-05,15:34:59,Pine Hollow Zone,person,person,0.9182
2026-08-05,15:34:59,Elderleaf Basin,person,person,0.918
2026-08-05,15:34:59,Greywood Edge,person,person,0.7568
2026-08-05,15:34:59,Greywood Edge,person,person,0.7418
2026-08-05,15:34:59,North Ridge Forest,person,person,0.6818
2026-08-05,15:34:59,North Ridge Forest,person,person,0.5981
2026-08-05,15:35:00,North Ridge Forest,person,person,0.9115
2026-08-05,15:35:00,Misty Creek Grove,person,person,0.9077
2026-08-05,15:35:00,Misty Creek Grove,person,person,0.807
2026-08-05,15:35:00,Pine Hollow Zone,person,person,0.6925
2026-08-05,15:35:00,Greywood Edge,person,person,0.6194
2026-08-05,15:35:01,Greywood Edge,person,person,0.7516
2026-08-05,15:35:01,Fernvale Thicket,person,person,0.8205
2026-08-05,15:35:02,Pine Hollow Zone,person,person,0.8101
2026-08-05,15:35:02,North Ridge Forest,person,person,0.802
2026-08-05,15:35:02,Pine Hollow Zone,person,person,0.7092
2026-08-05,15:35:03,Elderleaf Basin,person,person,0.8338
2026-08-05,15:35:03,North Ridge Forest,person,person,0.6525
2026-08-05,15:35:03,Misty Creek Grove,person,person,0.6796
2026-08-05,15:35:03,Fernvale Thicket,person,person,0.5997
2026-08-05,15:35:04,North Ridge Forest,person,person,0.7193
2026-08-05,15:35:04,Misty Creek Grove,person,person,0.6033
2026-08-05,15:35:04,North Ridge Forest,person,person,0.5892
2026-08-05,15:35:04,Greywood Edge,person,person,0.8499
2026-08-05,15:35:04,Elderleaf Basin,person,person,0.6662
2026-08-05,15:35:04,North Ridge Forest,person,person,0.8947
2026-08-05,15:35:04,Fernvale Thicket,person,person,0.5406
2026-08-05,15:35:05,Fernvale Thicket,person,person,0.8855
2026-08-05,15:35:05,North Ridge Forest,person,person,0.6751
2026-08-05,15:35:05,Pine Hollow Zone,person,person,0.9144
2026-08-05,15:35:05,Greywood Edge,person,person,0.7053
2026-08-05,15:35:05,Misty Creek Grove,person,person,0.9091
2026-08-05,15:35:05,Fernvale Thicket,person,person,0.7488
2026-08-05,15:35:05,Misty Creek Grove,person,person,0.6204
2026-08-05,15:35:06,Misty Creek Grove,person,person,0.91
2026-08-05,15:35:06,Elderleaf Basin,person,person,0.8334
2026-08-05,15:35:06,Misty Creek Grove,person,person,0.5597
2026-08-05,15:35:06,Elderleaf Basin,person,person,0.8971
2026-08-05,15:35:06,Fernvale Thicket,person,person,0.8942
2026-08-05,15:35:06,Fernvale Thicket,person,person,0.8707
2026-08-05,15:35:07,Elderleaf Basin,person,person,0.9156
2026-08-05,15:35:07,Elderleaf Basin,person,person,0.8674
2026-08-05,15:35:07,North Ridge Forest,person,person,0.7148
2026-08-05,15:35:07,Pine Hollow Zone,person,person,0.6834
2026-08-05,15:35:07,Pine Hollow Zone,person,person,0.9119
2026-08-05,15:35:07,Fernvale Thicket,person,person,0.808
2026-08-05,15:35:07,Misty Creek Grove,person,person,0.4838
2026-08-05,15:35:07,Greywood Edge,person,person,0.9014
2026-08-05,15:35:07,Pine Hollow Zone,person,person,0.8448
2026-08-05,15:35:07,North Ridge Forest,person,person,0.7965
2026-08-05,15:35:08,North Ridge Forest,person,person,0.8363
2026-08-05,15:35:08,Greywood Edge,person,person,0.5573
2026-08-05,15:35:08,Fernvale Thicket,zebra,zebra,0.9068
2026-08-05,15:35:08,Fernvale Thicket,person,person,0.8134
2026-08-05,15:35:08,Pine Hollow Zone,person,person,0.7434
2026-08-05,15:35:09,Greywood Edge,zebra,zebra,0.9072
2026-08-05,15:35:09,North Ridge Forest,person,person,0.849
2026-08-05,15:35:09,Misty Creek Grove,person,person,0.6759
2026-08-05,15:35:09,Fernvale Thicket,person,person,0.6124
2026-08-05,15:35:09,North Ridge Forest,person,person,0.899
2026-08-05,15:35:09,North Ridge Forest,person,person,0.7797
2026-08-05,15:35:09,Misty Creek Grove,zebra,zebra,0.6758
2026-08-05,15:35:09,North Ridge Forest,person,person,0.8893
2026-08-05,15:35:09,Elderleaf Basin,person,person,0.6974
2026-08-05,15:35:10,Misty Creek Grove,zebra,zebra,0.5391
2026-08-05,15:35:10,Misty Creek Grove,person,person,0.4675
2026-08-05,15:35:10,Elderleaf Basin,person,person,0.909
2026-08-05,15:35:10,Fernvale Thicket,zebra,zebra,0.694
2026-08-05,15:35:10,Misty Creek Grove,person,person,0.4846
2026-08-05,15:35:10,North Ridge Forest,person,person,0.9055
2026-08-05,15:35:10,Pine Hollow Zone,zebra,zebra,0.5751
2026-08-05,15:35:10,Fernvale Thicket,person,person,0.5342
2026-08-05,15:35:10,Pine Hollow Zone,person,person,0.4851
2026-08-05,15:35:11,Pine Hollow Zone,person,person,0.908
2026-08-05,15:35:11,Greywood Edge,person,person,0.6642
2026-08-05,15:35:11,Fernvale Thicket,zebra,zebra,0.621
2026-08-05,15:35:11,Fernvale Thicket,person,person,0.6038
2026-08-05,15:35:11,Misty Creek Grove,person,person,0.9133
2026-08-05,15:35:11,Elderleaf Basin,person,person,0.7524
2026-08-05,15:35:11,Pine Hollow Zone,person,person,0.6076
2026-08-05,15:35:11,Fernvale Thicket,zebra,zebra,0.5282
2026-08-05,15:35:11,Greywood Edge,person,person,0.9109
2026-08-05,15:35:11,Elderleaf Basin,person,person,0.7199
2026-08-05,15:35:11,Misty Creek Grove,zebra,zebra,0.6677
2026-08-05,15:35:11,Misty Creek Grove,person,person,0.6317
2026-08-05,15:35:12,Misty Creek Grove,person,person,0.9031
2026-08-05,15:35:12,Pine Hollow Zone,zebra,zebra,0.7649
2026-08-05,15:35:12,North Ridge Forest,person,person,0.6763
2026-08-05,15:35:12,Misty Creek Grove,person,person,0.6658
2026-08-05,15:35:12,Elderleaf Basin,person,person,0.8891
2026-08-05,15:35:12,Pine Hollow Zone,zebra,zebra,0.7712
2026-08-05,15:35:12,Misty Creek Grove,person,person,0.6591
2026-08-05,15:35:12,Fernvale Thicket,person,person,0.5699
2026-08-05,15:35:13,Fernvale Thicket,person,person,0.9193
2026-08-05,15:35:13,North Ridge Forest,person,person,0.8992
2026-08-05,15:35:13,Elderleaf Basin,person,person,0.7778
2026-08-05,15:35:13,Fernvale Thicket,person,person,0.9145
2026-08-05,15:35:13,Pine Hollow Zone,person,person,0.9103
2026-08-05,15:35:13,Misty Creek Grove,person,person,0.7623
2026-08-05,15:35:13,Pine Hollow Zone,person,person,0.5003
2026-08-05,15:35:14,Elderleaf Basin,person,person,0.9128
2026-08-05,15:35:14,Pine Hollow Zone,person,person,0.9097
2026-08-05,15:35:14,Fernvale Thicket,person,person,0.6821
2026-08-05,15:35:14,Greywood Edge,person,person,0.9091
2026-08-05,15:35:14,Pine Hollow Zone,person,person,0.8902
2026-08-05,15:35:14,Fernvale Thicket,person,person,0.7725
2026-08-05,15:35:14,Fernvale Thicket,person,person,0.6595
2026-08-05,15:35:14,Misty Creek Grove,person,person,0.9176
2026-08-05,15:35:14,Elderleaf Basin,person,person,0.9149
2026-08-05,15:35:14,Misty Creek Grove,person,person,0.8638
2026-08-05,15:35:15,Greywood Edge,person,person,0.9248
2026-08-05,15:35:15,Elderleaf Basin,person,person,0.914
2026-08-05,15:35:15,Greywood Edge,person,person,0.8267
2026-08-05,15:35:15,Pine Hollow Zone,person,person,0.8711
2026-08-05,15:35:15,Pine Hollow Zone,person,person,0.7925
2026-08-05,15:35:15,North Ridge Forest,person,person,0.607
2026-08-05,15:35:15,Fernvale Thicket,person,person,0.5063
2026-08-05,15:35:16,Greywood Edge,person,person,0.7598
2026-08-05,15:35:16,Pine Hollow Zone,person,person,0.5648
2026-08-05,15:35:16,North Ridge Forest,person,person,0.8117
2026-08-05,15:35:16,Elderleaf Basin,person,person,0.6137
2026-08-05,15:35:16,Pine Hollow Zone,person,person,0.5739
2026-08-05,15:35:16,North Ridge Forest,person,person,0.5234
2026-08-05,15:35:16,Elderleaf Basin,person,person,0.9299
2026-08-05,15:35:16,Elderleaf Basin,person,person,0.4781
2026-08-05,15:35:17,North Ridge Forest,person,person,0.9277
2026-08-05,15:35:17,North Ridge Forest,person,person,0.663
2026-08-05,15:35:17,Greywood Edge,person,person,0.4905
2026-08-05,15:35:17,Fernvale Thicket,person,person,0.9328
2026-08-05,15:35:18,Fernvale Thicket,person,person,0.9107
2026-08-05,15:35:18,Greywood Edge,person,person,0.5808
2026-08-05,15:35:18,Greywood Edge,person,person,0.8896
2026-08-05,15:35:18,Pine Hollow Zone,person,person,0.49
2026-08-05,15:35:18,Misty Creek Grove,person,person,0.4538
2026-08-05,15:35:18,North Ridge Forest,person,person,0.8991
2026-08-05,15:35:19,Elderleaf Basin,person,person,0.9053
2026-08-05,15:35:19,Elderleaf Basin,person,person,0.9175
2026-08-05,15:35:20,Pine Hollow Zone,person,person,0.9279
2026-08-05,15:35:20,Pine Hollow Zone,person,person,0.5109
2026-08-05,15:35:20,Greywood Edge,person,person,0.9206
2026-08-05,15:35:20,Fernvale Thicket,person,person,0.8736
2026-08-05,15:35:20,Elderleaf Basin,person,person,0.4811
2026-08-05,15:35:21,North Ridge Forest,person,person,0.9074
2026-08-05,15:35:21,Elderleaf Basin,person,person,0.8099
2026-08-05,15:35:21,Misty Creek Grove,person,person,0.7533
2026-08-05,15:35:21,Pine Hollow Zone,person,person,0.9274
2026-08-05,15:35:21,North Ridge Forest,person,person,0.8953
2026-08-05,15:35:21,Greywood Edge,person,person,0.885
2026-08-05,15:35:22,North Ridge Forest,person,person,0.9032
2026-08-05,15:35:22,Fernvale Thicket,person,person,0.8776
2026-08-05,15:35:22,Fernvale Thicket,person,person,0.8574
2026-08-05,15:35:22,Misty Creek Grove,person,person,0.914
2026-08-05,15:35:22,Greywood Edge,person,person,0.8655
2026-08-05,15:35:22,Elderleaf Basin,person,person,0.6935
2026-08-05,15:35:22,Misty Creek Grove,person,person,0.9154
2026-08-05,15:35:22,North Ridge Forest,person,person,0.8595
2026-08-05,15:35:23,Misty Creek Grove,person,person,0.922
2026-08-05,15:35:23,Greywood Edge,person,person,0.8961
2026-08-05,15:35:23,Fernvale Thicket,person,person,0.9298
2026-08-05,15:35:23,Misty Creek Grove,person,person,0.9035
2026-08-05,15:35:23,Fernvale Thicket,person,person,0.8413
2026-08-05,15:35:24,North Ridge Forest,person,person,0.9215
2026-08-05,15:35:24,Fernvale Thicket,person,person,0.9109
2026-08-05,15:35:24,Fernvale Thicket,person,person,0.9024
2026-08-05,15:35:24,Fernvale Thicket,person,person,0.9421
2026-08-05,15:35:24,North Ridge Forest,person,person,0.915
2026-08-05,15:35:24,Greywood Edge,person,person,0.9009
2026-08-05,15:35:24,Misty Creek Grove,person,person,0.9324
2026-08-05,15:35:24,North Ridge Forest,person,person,0.907
2026-08-05,15:35:24,Pine Hollow Zone,person,person,0.8968
2026-08-05,15:35:25,Fernvale Thicket,person,person,0.9329
2026-08-05,15:35:25,Elderleaf Basin,person,person,0.9002
2026-08-05,15:35:25,Fernvale Thicket,person,person,0.8431
2026-08-05,15:35:25,Pine Hollow Zone,person,person,0.938
2026-08-05,15:35:25,Fernvale Thicket,person,person,0.9176
2026-08-05,15:35:25,Pine Hollow Zone,person,person,0.8652
2026-08-05,15:35:25,Misty Creek Grove,person,person,0.5463
2026-08-05,15:35:25,Fernvale Thicket,person,person,0.457
2026-08-05,15:35:26,Misty Creek Grove,person,person,0.9324
2026-08-05,15:35:26,Elderleaf Basin,person,person,0.9039
2026-08-05,15:35:26,Pine Hollow Zone,person,person,0.8348
2026-08-05,15:35:26,Fernvale Thicket,person,person,0.5373
2026-08-05,15:35:26,Pine Hollow Zone,person,person,0.8999
2026-08-05,15:35:26,Fernvale Thicket,person,person,0.8397
2026-08-05,15:35:26,Pine Hollow Zone,person,person,0.5114
2026-08-05,15:35:26,Fernvale Thicket,person,person,0.495
2026-08-05,15:35:26,Pine Hollow Zone,person,person,0.9214
2026-08-05,15:35:27,Pine Hollow Zone,person,person,0.9102
2026-08-05,15:35:27,Misty Creek Grove,person,person,0.9009
2026-08-05,15:35:28,Pine Hollow Zone,person,person,0.8887
2026-08-05,15:35:28,Misty Creek Grove,person,person,0.8846
2026-08-05,15:35:28,Elderleaf Basin,person,person,0.5034
2026-08-05,15:35:28,Elderleaf Basin,person,person,0.8772
2026-08-05,15:35:29,Fernvale Thicket,person,person,0.8324
2026-08-05,15:35:29,Misty Creek Grove,person,person,0.8608
2026-08-05,15:35:30,Misty Creek Grove,person,person,0.8163
2026-08-05,15:35:30,North Ridge Forest,person,person,0.8946
2026-08-05,15:35:30,North Ridge Forest,person,person,0.8282
2026-08-05,15:35:30,Misty Creek Grove,person,person,0.5099
2026-08-05,15:35:30,Pine Hollow Zone,person,person,0.4533
2026-08-05,15:35:31,Misty Creek Grove,person,person,0.8826
2026-08-05,15:35:31,Fernvale Thicket,person,person,0.8785
2026-08-05,15:35:31,Pine Hollow Zone,person,person,0.6463
2026-08-05,15:35:31,Fernvale Thicket,person,person,0.9192
2026-08-05,15:35:31,Misty Creek Grove,person,person,0.8785
2026-08-05,15:35:31,Elderleaf Basin,person,person,0.4752
2026-08-05,15:35:32,Greywood Edge,person,person,0.9004
2026-08-05,15:35:32,North Ridge Forest,person,person,0.6548
2026-08-05,15:35:32,Elderleaf Basin,person,person,0.8363
2026-08-05,15:35:32,Pine Hollow Zone,person,person,0.8093
2026-08-05,15:35:32,Pine Hollow Zone,person,person,0.6467
2026-08-05,15:35:32,Misty Creek Grove,person,person,0.6113
2026-08-05,15:35:32,Misty Creek Grove,person,person,0.4956
2026-08-05,15:35:32,Fernvale Thicket,person,person,0.9023
2026-08-05,15:35:32,Greywood Edge,person,person,0.8689
2026-08-05,15:35:32,North Ridge Forest,person,person,0.8617
2026-08-05,15:35:32,Misty Creek Grove,person,person,0.6456
2026-08-05,15:35:33,North Ridge Forest,person,person,0.92
2026-08-05,15:35:33,Pine Hollow Zone,person,person,0.8285
2026-08-05,15:35:33,Pine Hollow Zone,person,person,0.822
2026-08-05,15:35:33,Greywood Edge,person,person,0.7817
2026-08-05,15:35:33,Greywood Edge,person,person,0.6535
2026-08-05,15:35:33,Elderleaf Basin,person,person,0.8752
2026-08-05,15:35:33,Pine Hollow Zone,person,person,0.8695
2026-08-05,15:35:33,North Ridge Forest,person,person,0.8249
2026-08-05,15:35:33,Pine Hollow Zone,person,person,0.8158
2026-08-05,15:35:33,Pine Hollow Zone,person,person,0.4512
2026-08-05,15:35:34,Greywood Edge,person,person,0.8994
2026-08-05,15:35:34,North Ridge Forest,person,person,0.8035
2026-08-05,15:35:34,Greywood Edge,person,person,0.7521
2026-08-05,15:35:34,Misty Creek Grove,person,person,0.6951
2026-08-05,15:35:34,North Ridge Forest,person,person,0.8657
2026-08-05,15:35:34,North Ridge Forest,person,person,0.8587
2026-08-05,15:35:34,Fernvale Thicket,person,person,0.7211
2026-08-05,15:35:35,Greywood Edge,bird,bird,0.7659
2026-08-05,15:35:36,Greywood Edge,person,person,0.5259
2026-08-05,15:35:37,Misty Creek Grove,person,person,0.6086
2026-08-05,15:35:37,Pine Hollow Zone,elephant,elephant,0.5907
2026-08-05,15:35:37,Fernvale Thicket,elephant,elephant,0.5948
2026-08-05,15:35:37,Elderleaf Basin,elephant,elephant,0.8358
2026-08-05,15:35:38,North Ridge Forest,elephant,elephant,0.6257
2026-08-05,15:35:38,Misty Creek Grove,person,person,0.4577
2026-08-05,15:35:39,Elderleaf Basin,elephant,elephant,0.8568
2026-08-05,15:35:39,Fernvale Thicket,elephant,elephant,0.6798
2026-08-05,15:35:39,Elderleaf Basin,person,person,0.4891
2026-08-05,15:35:39,Pine Hollow Zone,elephant,elephant,0.8059
2026-08-05,15:35:40,Fernvale Thicket,elephant,elephant,0.7709
2026-08-05,15:35:40,Misty Creek Grove,elephant,elephant,0.6727
2026-08-05,15:35:41,Pine Hollow Zone,elephant,elephant,0.5877
2026-08-05,15:35:41,Pine Hollow Zone,person,person,0.5347
2026-08-05,15:35:41,Fernvale Thicket,person,person,0.4908
2026-08-05,15:35:41,Misty Creek Grove,person,person,0.8455
2026-08-05,15:35:41,Misty Creek Grove,person,person,0.6491
2026-08-05,15:35:42,Elderleaf Basin,person,person,0.8844
2026-08-05,15:35:42,Misty Creek Grove,person,person,0.8782
2026-08-05,15:35:42,Elderleaf Basin,person,person,0.8236
2026-08-05,15:35:42,Greywood Edge,person,person,0.7342
2026-08-05,15:35:42,Fernvale Thicket,person,person,0.622
2026-08-05,15:35:42,North Ridge Forest,person,person,0.4595
2026-08-05,15:35:42,Fernvale Thicket,person,person,0.8863
2026-08-05,15:35:42,North Ridge Forest,person,person,0.8355
2026-08-05,15:35:42,Pine Hollow Zone,person,person,0.8173
2026-08-05,15:35:42,Fernvale Thicket,person,person,0.8042
2026-08-05,15:35:43,Misty Creek Grove,person,person,0.939
2026-08-05,15:35:43,Fernvale Thicket,person,person,0.8898
2026-08-05,15:35:43,Elderleaf Basin,person,person,0.8807
2026-08-05,15:35:43,Elderleaf Basin,person,person,0.7973
2026-08-05,15:35:43,Elderleaf Basin,person,person,0.9189
2026-08-05,15:35:43,Pine Hollow Zone,person,person,0.8831
2026-08-05,15:35:43,North Ridge Forest,person,person,0.8771
2026-08-05,15:35:43,Greywood Edge,person,person,0.7293
2026-08-05,15:35:43,Pine Hollow Zone,person,person,0.9072
2026-08-05,15:35:43,Pine Hollow Zone,person,person,0.8867
2026-08-05,15:35:43,Pine Hollow Zone,person,person,0.8279
2026-08-05,15:35:43,Pine Hollow Zone,person,person,0.7969
2026-08-05,15:35:43,Elderleaf Basin,person,person,0.5668
2026-08-05,15:35:43,North Ridge Forest,person,person,0.5163
2026-08-05,15:35:44,Fernvale Thicket,person,person,0.9019
2026-08-05,15:35:44,Misty Creek Grove,person,person,0.8778
2026-08-05,15:35:44,Greywood Edge,person,person,0.7534
2026-08-05,15:35:44,Fernvale Thicket,person,person,0.7262
2026-08-05,15:35:44,Pine Hollow Zone,person,person,0.664
2026-08-05,15:35:44,North Ridge Forest,person,person,0.9366
2026-08-05,15:35:44,Pine Hollow Zone,person,person,0.8411
2026-08-05,15:35:44,Fernvale Thicket,person,person,0.8333
2026-08-05,15:35:44,Fernvale Thicket,person,person,0.831
2026-08-05,15:35:44,Fernvale Thicket,person,person,0.667
2026-08-05,15:35:45,Fernvale Thicket,person,person,0.893
2026-08-05,15:35:45,Pine Hollow Zone,person,person,0.8714
2026-08-05,15:35:45,Greywood Edge,person,person,0.8204
2026-08-05,15:35:45,Greywood Edge,person,person,0.7852
2026-08-05,15:35:45,Misty Creek Grove,person,person,0.722
2026-08-05,15:35:45,Pine Hollow Zone,person,person,0.9203
2026-08-05,15:35:45,Misty Creek Grove,person,person,0.8924
2026-08-05,15:35:45,North Ridge Forest,person,person,0.8788
2026-08-05,15:35:45,Misty Creek Grove,person,person,0.836
2026-08-05,15:35:45,North Ridge Forest,person,person,0.5739
2026-08-05,15:35:45,Misty Creek Grove,person,person,0.54
2026-08-05,15:35:45,Fernvale Thicket,person,person,0.933
2026-08-05,15:35:45,Misty Creek Grove,person,person,0.8972
2026-08-05,15:35:45,Fernvale Thicket,person,person,0.8475
2026-08-05,15:35:46,Greywood Edge,person,person,0.8235
2026-08-05,15:35:46,North Ridge Forest,person,person,0.7773
2026-08-05,15:35:46,Misty Creek Grove,person,person,0.7423
2026-08-05,15:35:46,North Ridge Forest,person,person,0.9049
2026-08-05,15:35:46,Greywood Edge,person,person,0.9041
2026-08-05,15:35:46,Pine Hollow Zone,person,person,0.882
2026-08-05,15:35:46,Pine Hollow Zone,person,person,0.8194
2026-08-05,15:35:46,Elderleaf Basin,person,person,0.7612
2026-08-05,15:35:46,Fernvale Thicket,person,person,0.6235
2026-08-05,15:35:46,Elderleaf Basin,person,person,0.9293
2026-08-05,15:35:46,North Ridge Forest,person,person,0.8733
2026-08-05,15:35:46,Misty Creek Grove,person,person,0.8456
2026-08-05,15:35:46,Pine Hollow Zone,person,person,0.8317
2026-08-05,15:35:46,Elderleaf Basin,person,person,0.7135
2026-08-05,15:35:46,Greywood Edge,person,person,0.7083
2026-08-05,15:35:47,Pine Hollow Zone,person,person,0.926
2026-08-05,15:35:47,Misty Creek Grove,person,person,0.9118
2026-08-05,15:35:47,Pine Hollow Zone,person,person,0.8504
2026-08-05,15:35:47,Misty Creek Grove,person,person,0.8105
2026-08-05,15:35:47,Misty Creek Grove,person,person,0.7976
2026-08-05,15:35:47,North Ridge Forest,person,person,0.7537
2026-08-05,15:35:47,Pine Hollow Zone,person,person,0.9127
2026-08-05,15:35:47,Pine Hollow Zone,person,person,0.9074
2026-08-05,15:35:47,Pine Hollow Zone,person,person,0.8716
2026-08-05,15:35:47,Fernvale Thicket,person,person,0.8237
2026-08-05,15:35:47,Pine Hollow Zone,person,person,0.7895
2026-08-05,15:35:47,Fernvale Thicket,person,person,0.7626
2026-08-05,15:35:48,North Ridge Forest,person,person,0.9263
2026-08-05,15:35:48,Pine Hollow Zone,person,person,0.9085
2026-08-05,15:35:48,North Ridge Forest,person,person,0.887
2026-08-05,15:35:48,Elderleaf Basin,person,person,0.8145
2026-08-05,15:35:48,Misty Creek Grove,person,person,0.7281
2026-08-05,15:35:48,Elderleaf Basin,person,person,0.5665
2026-08-05,15:35:48,Fernvale Thicket,person,person,0.9254
2026-08-05,15:35:48,North Ridge Forest,person,person,0.9211
2026-08-05,15:35:48,Misty Creek Grove,person,person,0.8882
2026-08-05,15:35:48,Greywood Edge,person,person,0.8262
2026-08-05,15:35:48,Pine Hollow Zone,person,person,0.8242
2026-08-05,15:35:48,North Ridge Forest,person,person,0.6501
2026-08-05,15:35:49,Misty Creek Grove,person,person,0.9198
2026-08-05,15:35:49,North Ridge Forest,person,person,0.9145
2026-08-05,15:35:49,Elderleaf Basin,person,person,0.8741
2026-08-05,15:35:49,Misty Creek Grove,person,person,0.7681
2026-08-05,15:35:49,Pine Hollow Zone,person,person,0.6783
2026-08-05,15:35:49,Pine Hollow Zone,person,person,0.618
2026-08-05,15:35:49,North Ridge Forest,person,person,0.4674
2026-08-07,18:53:45,Fernvale Thicket,person,person,0.7795
2026-08-07,18:53:48,Elderleaf Basin,person,person,0.728
2026-08-07,18:53:48,Pine Hollow Zone,person,person,0.8745
2026-08-07,18:53:49,Pine Hollow Zone,person,person,0.8545
2026-08-07,18:53:49,Greywood Edge,person,person,0.8727
2026-08-07,18:53:49,Greywood Edge,person,person,0.8393
2026-08-07,18:53:50,North Ridge Forest,person,person,0.8452
2026-08-07,18:53:50,Greywood Edge,person,person,0.8538
2026-08-07,18:53:51,Elderleaf Basin,person,person,0.8394
2026-08-07,18:53:51,Greywood Edge,person,person,0.8702
2026-08-07,18:53:51,Elderleaf Basin,person,person,0.8658
2026-08-07,18:53:52,North Ridge Forest,person,person,0.8713
2026-08-07,18:53:52,Greywood Edge,person,person,0.8672
2026-08-07,18:53:53,Pine Hollow Zone,person,person,0.8293
2026-08-07,18:53:53,Elderleaf Basin,person,person,0.8628
2026-08-07,18:53:53,North Ridge Forest,person,person,0.8669
2026-08-07,18:53:54,Greywood Edge,person,person,0.864
2026-08-07,18:53:54,Greywood Edge,person,person,0.8432
2026-08-07,18:53:54,Fernvale Thicket,person,person,0.8672
2026-08-07,18:53:55,North Ridge Forest,person,person,0.8505
2026-08-07,18:53:55,Misty Creek Grove,person,person,0.8696
2026-08-07,18:53:56,Fernvale Thicket,person,person,0.8548
2026-08-07,18:53:56,Fernvale Thicket,person,person,0.8466
2026-08-07,18:53:57,Fernvale Thicket,person,person,0.7662
2026-08-07,18:53:57,Elderleaf Basin,person,person,0.7434
2026-08-07,18:53:57,North Ridge Forest,person,person,0.822
2026-08-07,18:53:58,Fernvale Thicket,person,person,0.87
2026-08-07,18:53:58,North Ridge Forest,person,person,0.8902
2026-08-07,18:53:59,Fernvale Thicket,person,person,0.8594
2026-08-07,18:53:59,Greywood Edge,person,person,0.8749
2026-08-07,18:53:59,Elderleaf Basin,person,person,0.8545
2026-08-07,18:54:00,Greywood Edge,person,person,0.8614
2026-08-07,18:54:00,Pine Hollow Zone,person,person,0.8756
2026-08-07,18:54:01,Elderleaf Basin,person,person,0.8876
2026-08-07,18:54:01,Pine Hollow Zone,person,person,0.8761
2026-08-07,18:54:01,Pine Hollow Zone,person,person,0.88
2026-08-07,18:54:02,Misty Creek Grove,person,person,0.8556
2026-08-07,18:54:02,Greywood Edge,person,person,0.8722
2026-08-07,18:54:03,Greywood Edge,person,person,0.8419
2026-08-07,18:54:03,North Ridge Forest,person,person,0.8554
2026-08-07,18:54:04,Fernvale Thicket,person,person,0.8563
2026-08-07,18:54:04,Elderleaf Basin,person,person,0.8732
2026-08-07,18:54:05,Misty Creek Grove,person,person,0.8366
2026-08-07,18:54:05,North Ridge Forest,person,person,0.8588
2026-08-07,18:54:05,Elderleaf Basin,person,person,0.8609
2026-08-07,18:54:06,Misty Creek Grove,person,person,0.8525
2026-08-07,18:54:06,Pine Hollow Zone,person,person,0.8531
2026-08-07,18:54:07,Misty Creek Grove,person,person,0.8211
2026-08-07,18:54:07,Pine Hollow Zone,person,person,0.8562
2026-08-07,18:54:07,Greywood Edge,person,person,0.8462
2026-08-07,18:54:08,Elderleaf Basin,person,person,0.8644
2026-08-07,18:54:08,Greywood Edge,person,person,0.8332
2026-08-07,18:54:09,Fernvale Thicket,person,person,0.8221
2026-08-07,18:54:09,Elderleaf Basin,person,person,0.8438
2026-08-07,18:54:09,Greywood Edge,person,person,0.844
2026-08-07,18:54:10,Fernvale Thicket,person,person,0.8616
2026-08-07,18:54:10,Pine Hollow Zone,person,person,0.8706
2026-08-07,18:54:11,Pine Hollow Zone,person,person,0.8454
2026-08-07,18:54:11,Fernvale Thicket,person,person,0.8593
2026-08-07,18:54:11,Misty Creek Grove,person,person,0.8102
2026-08-07,18:54:12,North Ridge Forest,person,person,0.856
2026-08-07,18:54:12,Fernvale Thicket,person,person,0.6751
2026-08-07,18:54:12,Elderleaf Basin,person,person,0.5976
2026-08-07,18:54:13,Greywood Edge,person,person,0.5859
2026-08-07,18:54:14,Elderleaf Basin,person,person,0.8417
2026-08-07,18:54:14,Elderleaf Basin,person,person,0.5594
2026-08-07,18:54:14,Greywood Edge,person,person,0.4843
2026-08-07,18:54:15,Elderleaf Basin,person,person,0.8231
2026-08-07,18:54:15,Misty Creek Grove,person,person,0.6242
2026-08-07,18:54:16,Misty Creek Grove,person,person,0.7422
2026-08-07,18:54:16,Pine Hollow Zone,person,person,0.7094
2026-08-07,18:54:16,Misty Creek Grove,person,person,0.5097
2026-08-07,18:54:16,Greywood Edge,person,person,0.7154
2026-08-07,18:54:16,Misty Creek Grove,person,person,0.5662
2026-08-07,18:54:16,Fernvale Thicket,person,person,0.4747
2026-08-07,18:54:17,Misty Creek Grove,person,person,0.5718
2026-08-07,18:54:17,North Ridge Forest,person,person,0.4896
2026-08-07,18:54:17,Pine Hollow Zone,person,person,0.5411
2026-08-07,18:54:18,Misty Creek Grove,person,person,0.4723
2026-08-07,18:54:18,Elderleaf Basin,person,person,0.5822
2026-08-07,18:54:19,Elderleaf Basin,person,person,0.5372
2026-08-07,18:54:19,Fernvale Thicket,person,person,0.825
2026-08-07,18:54:20,Elderleaf Basin,person,person,0.5427
2026-08-07,18:54:20,North Ridge Forest,person,person,0.508
2026-08-07,18:54:20,Fernvale Thicket,person,person,0.5091
2026-08-07,18:54:21,North Ridge Forest,person,person,0.5567
2026-08-07,18:54:21,Pine Hollow Zone,person,person,0.5462
2026-08-07,18:54:22,Greywood Edge,person,person,0.5846
2026-08-07,18:54:23,Pine Hollow Zone,person,person,0.5048
2026-08-07,18:54:23,Elderleaf Basin,person,person,0.5387
2026-08-07,18:54:24,Fernvale Thicket,person,person,0.5079
2026-08-07,18:54:25,North Ridge Forest,person,person,0.4844
2026-08-07,18:54:25,Misty Creek Grove,person,person,0.4697
2026-08-07,18:54:25,Greywood Edge,person,person,0.5316
2026-08-07,18:54:26,Pine Hollow Zone,person,person,0.7945
2026-08-07,18:54:26,Elderleaf Basin,person,person,0.8489
2026-08-07,18:54:27,North Ridge Forest,person,person,0.8633
2026-08-07,18:54:27,Misty Creek Grove,person,person,0.5576
2026-08-07,18:54:27,Greywood Edge,person,person,0.8925
2026-08-07,18:54:28,Pine Hollow Zone,person,person,0.906
2026-08-07,18:54:28,Pine Hollow Zone,person,person,0.9201
2026-08-07,18:54:28,Fernvale Thicket,person,person,0.9054
2026-08-07,18:54:29,Misty Creek Grove,person,person,0.8797
2026-08-07,18:54:29,Fernvale Thicket,person,person,0.8461
2026-08-07,18:54:29,Greywood Edge,person,person,0.8726
2026-08-07,18:54:30,Greywood Edge,person,person,0.8476
2026-08-07,18:54:30,Misty Creek Grove,person,person,0.8759
2026-08-07,18:54:31,Greywood Edge,person,person,0.8541
2026-08-07,18:54:31,Misty Creek Grove,person,person,0.6302
2026-08-07,18:54:32,Pine Hollow Zone,person,person,0.5296
2026-08-07,18:54:32,Fernvale Thicket,person,person,0.4606
2026-08-07,18:54:32,Greywood Edge,person,person,0.8045
2026-08-07,18:54:32,Greywood Edge,person,person,0.6774
2026-08-07,18:54:33,North Ridge Forest,person,person,0.8207
2026-08-07,18:54:33,Pine Hollow Zone,person,person,0.5929
2026-08-07,18:54:33,Misty Creek Grove,car,car,0.521
2026-08-07,18:54:33,Pine Hollow Zone,person,person,0.7886
2026-08-07,18:54:33,Greywood Edge,person,person,0.612
2026-08-07,18:54:33,Fernvale Thicket,person,person,0.807
2026-08-07,18:54:33,Elderleaf Basin,person,person,0.673
2026-08-07,18:54:34,Pine Hollow Zone,person,person,0.886
2026-08-07,18:54:34,Fernvale Thicket,person,person,0.7837
2026-08-07,18:54:34,Elderleaf Basin,person,person,0.6844
2026-08-07,18:54:35,North Ridge Forest,person,person,0.8347
2026-08-07,18:54:36,Fernvale Thicket,person,person,0.862
2026-08-07,18:54:37,North Ridge Forest,person,person,0.7565
2026-08-07,18:54:37,Pine Hollow Zone,person,person,0.5312
2026-08-07,18:54:37,Fernvale Thicket,person,person,0.4758
2026-08-07,18:54:38,Pine Hollow Zone,person,person,0.8523
2026-08-07,18:54:38,Greywood Edge,person,person,0.8471
2026-08-07,18:54:39,Greywood Edge,person,person,0.8251
2026-08-07,18:54:39,Elderleaf Basin,person,person,0.8457
2026-08-07,18:54:39,Elderleaf Basin,person,person,0.8248
2026-08-07,18:54:40,Elderleaf Basin,person,person,0.8578
2026-08-07,18:54:40,Pine Hollow Zone,person,person,0.8609
2026-08-07,18:54:40,Fernvale Thicket,person,person,0.5
2026-08-07,18:54:41,Elderleaf Basin,person,person,0.855
2026-08-07,18:54:41,North Ridge Forest,person,person,0.6873
2026-08-07,18:54:41,Pine Hollow Zone,person,person,0.8388
2026-08-07,18:54:41,Elderleaf Basin,person,person,0.6934
2026-08-07,18:54:41,Fernvale Thicket,person,person,0.8676
2026-08-07,18:54:41,Elderleaf Basin,person,person,0.6334
2026-08-07,18:54:42,Elderleaf Basin,person,person,0.8282
2026-08-07,18:54:42,Misty Creek Grove,person,person,0.6955
2026-08-07,18:54:42,Pine Hollow Zone,person,person,0.7878
2026-08-07,18:54:42,Misty Creek Grove,person,person,0.7736
2026-08-07,18:54:43,Greywood Edge,person,person,0.8738
2026-08-07,18:54:43,Fernvale Thicket,person,person,0.842
2026-08-07,18:54:43,Misty Creek Grove,person,person,0.8675
2026-08-07,18:54:43,Pine Hollow Zone,person,person,0.8346
2026-08-07,18:54:44,North Ridge Forest,person,person,0.873
2026-08-07,18:54:44,Fernvale Thicket,person,person,0.8376
2026-08-07,18:54:44,Elderleaf Basin,person,person,0.9013
2026-08-07,18:54:44,Misty Creek Grove,person,person,0.8581
2026-08-07,18:54:44,Greywood Edge,person,person,0.8283
2026-08-07,18:54:44,Fernvale Thicket,person,person,0.6554
2026-08-07,18:54:45,Misty Creek Grove,person,person,0.8078
2026-08-07,18:54:45,Pine Hollow Zone,person,person,0.6868
2026-08-07,18:54:45,Elderleaf Basin,person,person,0.4808
2026-08-07,18:54:45,Misty Creek Grove,person,person,0.5229
2026-08-07,18:54:46,Misty Creek Grove,person,person,0.7119
2026-08-07,18:54:46,Greywood Edge,person,person,0.6432
2026-08-07,18:54:46,Pine Hollow Zone,person,person,0.6239
2026-08-07,18:54:46,Elderleaf Basin,person,person,0.8064
2026-08-07,18:54:46,North Ridge Forest,person,person,0.621
2026-08-07,18:54:47,Pine Hollow Zone,person,person,0.7634
2026-08-07,18:54:47,Elderleaf Basin,person,person,0.651
2026-08-07,18:54:47,Greywood Edge,person,person,0.814
2026-08-07,18:54:47,Greywood Edge,person,person,0.5649
2026-08-07,18:54:48,Fernvale Thicket,person,person,0.8429
2026-08-07,18:54:48,Greywood Edge,person,person,0.8265
2026-08-07,18:54:48,North Ridge Forest,person,person,0.8266
2026-08-07,18:54:48,Greywood Edge,person,person,0.7727
2026-08-07,18:54:48,Pine Hollow Zone,person,person,0.83
2026-08-07,18:54:48,Greywood Edge,person,person,0.7968
2026-08-07,18:54:49,Greywood Edge,person,person,0.8546
2026-08-07,18:54:49,Fernvale Thicket,person,person,0.8229
2026-08-07,18:54:49,Pine Hollow Zone,person,person,0.7587
2026-08-07,18:54:49,Elderleaf Basin,person,person,0.4539
2026-08-07,18:54:50,Misty Creek Grove,person,person,0.7234
2026-08-07,18:54:50,Fernvale Thicket,person,person,0.8544
2026-08-07,18:54:50,Fernvale Thicket,person,person,0.5176
2026-08-07,18:54:50,Misty Creek Grove,person,person,0.5844
2026-08-07,18:54:51,North Ridge Forest,person,person,0.808
2026-08-07,18:54:51,Elderleaf Basin,person,person,0.8601
2026-08-07,18:54:52,Fernvale Thicket,person,person,0.8614
2026-08-07,18:54:52,North Ridge Forest,person,person,0.8475
2026-08-07,18:54:52,Pine Hollow Zone,person,person,0.8815
2026-08-07,18:54:53,Greywood Edge,person,person,0.8633
2026-08-07,18:54:53,North Ridge Forest,person,person,0.8735
2026-08-07,18:54:54,Fernvale Thicket,person,person,0.7776
2026-08-07,18:54:54,Elderleaf Basin,person,person,0.4723
2026-08-07,18:54:55,North Ridge Forest,person,person,0.8133
2026-08-07,18:54:55,Pine Hollow Zone,person,person,0.6379
2026-08-07,18:54:55,Pine Hollow Zone,person,person,0.7942
2026-08-07,18:54:56,Fernvale Thicket,person,person,0.7823
2026-08-07,18:54:56,Fernvale Thicket,person,person,0.7242
2026-08-07,18:54:56,Fernvale Thicket,person,person,0.7924
2026-08-07,18:54:56,North Ridge Forest,person,person,0.7712
2026-08-07,18:54:56,Greywood Edge,person,person,0.8238
2026-08-07,18:54:56,Elderleaf Basin,person,person,0.7632
2026-08-07,18:54:57,Misty Creek Grove,person,person,0.7703
2026-08-07,18:54:57,Misty Creek Grove,person,person,0.7153
2026-08-07,18:54:57,North Ridge Forest,person,person,0.8561
2026-08-07,18:54:57,Fernvale Thicket,person,person,0.7837
2026-08-07,18:54:58,Pine Hollow Zone,person,person,0.8432
2026-08-07,18:54:58,Elderleaf Basin,person,person,0.7518
2026-08-07,18:54:58,Fernvale Thicket,person,person,0.7436
2026-08-07,18:54:58,North Ridge Forest,person,person,0.6478
2026-08-07,18:54:58,Pine Hollow Zone,person,person,0.8178
2026-08-07,18:54:58,Elderleaf Basin,person,person,0.7356
2026-08-07,18:54:59,Greywood Edge,person,person,0.8227
2026-08-07,18:54:59,Greywood Edge,person,person,0.7833
2026-08-07,18:54:59,Elderleaf Basin,person,person,0.8143
2026-08-07,18:54:59,Greywood Edge,person,person,0.7223
2026-08-07,18:55:00,Pine Hollow Zone,person,person,0.8015
2026-08-07,18:55:00,Greywood Edge,person,person,0.6242
2026-08-07,18:55:00,Misty Creek Grove,person,person,0.8655
2026-08-07,18:55:00,Misty Creek Grove,person,person,0.7424
2026-08-07,18:55:00,Greywood Edge,person,person,0.8462
2026-08-07,18:55:00,Fernvale Thicket,person,person,0.6529
2026-08-07,18:55:01,North Ridge Forest,person,person,0.8119
2026-08-07,18:55:01,Pine Hollow Zone,person,person,0.6459
2026-08-07,18:55:02,Fernvale Thicket,person,person,0.6795
2026-08-07,18:55:02,Elderleaf Basin,person,person,0.7233
2026-08-07,18:55:03,Misty Creek Grove,person,person,0.6539
2026-08-07,18:55:03,Pine Hollow Zone,person,person,0.8106
2026-08-07,18:55:03,Greywood Edge,person,person,0.6796
2026-08-07,18:55:03,Misty Creek Grove,person,person,0.8365
2026-08-07,18:55:03,Greywood Edge,person,person,0.7504
2026-08-07,18:55:04,Elderleaf Basin,person,person,0.7871
2026-08-07,18:55:04,Greywood Edge,person,person,0.6574
2026-08-07,18:55:04,Elderleaf Basin,person,person,0.7868
2026-08-07,18:55:04,Misty Creek Grove,person,person,0.6438
2026-08-07,18:55:05,Elderleaf Basin,person,person,0.7977
2026-08-07,18:55:05,North Ridge Forest,person,person,0.7876
2026-08-07,18:55:05,Greywood Edge,person,person,0.7945
2026-08-07,18:55:06,Fernvale Thicket,person,person,0.8432
2026-08-07,18:55:06,Misty Creek Grove,person,person,0.6952
2026-08-07,18:55:07,Elderleaf Basin,person,person,0.6971
2026-08-07,18:55:07,Elderleaf Basin,person,person,0.8025
2026-08-07,18:55:07,Fernvale Thicket,person,person,0.749
2026-08-07,18:55:08,Greywood Edge,person,person,0.8593
2026-08-07,18:55:08,Fernvale Thicket,person,person,0.8491
2026-08-07,18:55:08,Fernvale Thicket,person,person,0.8289
2026-08-07,18:55:09,Misty Creek Grove,person,person,0.8561
2026-08-07,19:20:39,Elderleaf Basin,person,person,0.8382
2026-08-07,19:20:40,North Ridge Forest,person,person,0.8709
2026-08-07,19:20:40,Pine Hollow Zone,person,person,0.777
2026-08-07,19:20:41,Greywood Edge,person,person,0.6298
2026-08-07,19:20:41,North Ridge Forest,person,person,0.5564
2026-08-07,19:20:41,Misty Creek Grove,person,person,0.5032
2026-08-07,19:20:42,North Ridge Forest,person,person,0.7576
2026-08-07,19:20:42,Fernvale Thicket,person,person,0.5768
2026-08-07,19:20:43,Misty Creek Grove,person,person,0.5523
2026-08-07,19:20:43,North Ridge Forest,person,person,0.6301
2026-08-07,19:20:44,Greywood Edge,person,person,0.6658
2026-08-07,19:20:45,Misty Creek Grove,person,person,0.8198
2026-08-07,19:20:45,Greywood Edge,person,person,0.8808
2026-08-07,19:20:46,Pine Hollow Zone,person,person,0.917
2026-08-07,19:20:46,Greywood Edge,person,person,0.8825
2026-08-07,19:20:47,Pine Hollow Zone,person,person,0.8068
2026-08-07,19:20:47,Elderleaf Basin,person,person,0.863
2026-08-07,19:20:47,Misty Creek Grove,person,person,0.8762
2026-08-07,19:20:48,Elderleaf Basin,person,person,0.4944
2026-08-07,19:20:49,Misty Creek Grove,person,person,0.6112
2026-08-07,19:20:49,Fernvale Thicket,person,person,0.5169
2026-08-07,19:20:50,Greywood Edge,person,person,0.4974
2026-08-07,19:20:50,Greywood Edge,person,person,0.5857
2026-08-07,19:20:50,Fernvale Thicket,person,person,0.4971
2026-08-07,19:20:51,Fernvale Thicket,person,person,0.6567
2026-08-07,19:20:51,Greywood Edge,person,person,0.766
2026-08-07,19:20:52,Pine Hollow Zone,person,person,0.7902
2026-08-07,19:20:52,Elderleaf Basin,person,person,0.8782
2026-08-07,19:20:52,Fernvale Thicket,person,person,0.4845
2026-08-07,19:20:53,Misty Creek Grove,person,person,0.7223
2026-08-07,19:20:53,North Ridge Forest,person,person,0.4767
2026-08-07,19:20:57,Misty Creek Grove,person,person,0.5189
2026-08-07,19:20:59,Fernvale Thicket,person,person,0.4968
2026-08-07,19:20:59,Fernvale Thicket,person,person,0.4702
2026-08-07,19:21:01,Pine Hollow Zone,person,person,0.5259
2026-08-07,19:21:01,Elderleaf Basin,person,person,0.7973
2026-08-07,19:21:02,North Ridge Forest,person,person,0.8201
2026-08-07,19:21:02,Elderleaf Basin,person,person,0.8278
2026-08-07,19:21:05,North Ridge Forest,person,person,0.5666
2026-08-07,19:21:06,Misty Creek Grove,person,person,0.7036
2026-08-07,19:21:06,North Ridge Forest,person,person,0.7633
2026-08-07,19:21:07,Fernvale Thicket,person,person,0.7529
2026-08-07,19:21:08,Pine Hollow Zone,person,person,0.4527
2026-08-07,19:21:09,Misty Creek Grove,person,person,0.765
2026-08-07,19:21:09,Misty Creek Grove,person,person,0.7449
2026-08-07,19:21:10,Pine Hollow Zone,person,person,0.8314
2026-08-07,19:21:12,Fernvale Thicket,person,person,0.5723
2026-08-07,19:21:14,North Ridge Forest,person,person,0.4535
2026-08-07,19:21:15,Misty Creek Grove,person,person,0.5956
2026-08-07,19:21:15,Greywood Edge,person,person,0.4998
2026-08-07,19:21:15,Elderleaf Basin,person,person,0.475
2026-08-07,19:21:16,Misty Creek Grove,person,person,0.5542
2026-08-07,19:21:19,Elderleaf Basin,person,person,0.5903
2026-08-07,19:21:20,Pine Hollow Zone,person,person,0.8171
2026-08-07,19:21:20,Misty Creek Grove,person,person,0.6057
2026-08-07,19:21:20,Fernvale Thicket,person,person,0.5912
2026-08-07,19:21:21,Pine Hollow Zone,person,person,0.6709
2026-08-07,19:21:21,North Ridge Forest,person,person,0.8434
2026-08-07,19:21:22,Pine Hollow Zone,person,person,0.8648
2026-08-07,19:21:22,Fernvale Thicket,person,person,0.8404
2026-08-07,19:21:22,Misty Creek Grove,person,person,0.918
2026-08-07,19:21:23,Pine Hollow Zone,person,person,0.8833
